-0.04523124185 -0.03790596103 -0.01507708062
-0.04523124185 -0.03790596103 -0.01130781046
-0.04523124185 -0.03790596103 -0.007538540308
-0.04523124185 -0.03790596103 -0.003769270154
-0.04523124185 -0.03790596103 4.33680869e-18
-0.04523124185 -0.03790596103 0.007538540308
-0.04523124185 -0.03790596103 0.01130781046
-0.04523124185 -0.03790596103 0.01507708062
-0.04146197169 -0.03790596103 -0.02261562092
-0.04146197169 -0.03790596103 -0.01507708062
-0.04146197169 -0.03790596103 -0.01130781046
-0.04146197169 -0.03790596103 -0.007538540308
-0.04146197169 -0.03790596103 -0.003769270154
-0.04146197169 -0.03790596103 0.003769270154
-0.04146197169 -0.03790596103 0.007538540308
-0.04146197169 -0.03790596103 0.01130781046
-0.04146197169 -0.03790596103 0.01507708062
-0.04146197169 -0.03790596103 0.02261562092
-0.03769270154 -0.03790596103 -0.02638489108
-0.03769270154 -0.03790596103 -0.02261562092
-0.03769270154 -0.03790596103 -0.01884635077
-0.03769270154 -0.03790596103 -0.01130781046
-0.03769270154 -0.03790596103 -0.007538540308
-0.03769270154 -0.03790596103 -0.003769270154
-0.03769270154 -0.03790596103 4.33680869e-18
-0.03769270154 -0.03790596103 0.007538540308
-0.03769270154 -0.03790596103 0.01130781046
-0.03769270154 -0.03790596103 0.01507708062
-0.03769270154 -0.03790596103 0.01884635077
-0.03769270154 -0.03790596103 0.02638489108
-0.03392343138 -0.03790596103 -0.03015416123
-0.03392343138 -0.03790596103 -0.02638489108
-0.03392343138 -0.03790596103 -0.02261562092
-0.03392343138 -0.03790596103 -0.01507708062
-0.03392343138 -0.03790596103 -0.01130781046
-0.03392343138 -0.03790596103 -0.007538540308
-0.03392343138 -0.03790596103 -0.003769270154
-0.03392343138 -0.03790596103 0.003769270154
-0.03392343138 -0.03790596103 0.007538540308
-0.03392343138 -0.03790596103 0.01130781046
-0.03392343138 -0.03790596103 0.01507708062
-0.03392343138 -0.03790596103 0.02261562092
-0.03392343138 -0.03790596103 0.02638489108
-0.03392343138 -0.03790596103 0.03015416123
-0.03015416123 -0.03790596103 -0.03392343138
-0.03015416123 -0.03790596103 -0.02638489108
-0.03015416123 -0.03790596103 -0.02261562092
-0.03015416123 -0.03790596103 -0.01884635077
-0.03015416123 -0.03790596103 -0.01507708062
-0.03015416123 -0.03790596103 -0.007538540308
-0.03015416123 -0.03790596103 -0.003769270154
-0.03015416123 -0.03790596103 4.33680869e-18
-0.03015416123 -0.03790596103 0.003769270154
-0.03015416123 -0.03790596103 0.01130781046
-0.03015416123 -0.03790596103 0.01507708062
-0.03015416123 -0.03790596103 0.01884635077
-0.03015416123 -0.03790596103 0.02261562092
-0.03015416123 -0.03790596103 0.03015416123
-0.03015416123 -0.03790596103 0.03392343138
-0.02638489108 -0.03790596103 -0.03769270154
-0.02638489108 -0.03790596103 -0.03392343138
-0.02638489108 -0.03790596103 -0.02638489108
-0.02638489108 -0.03790596103 -0.02261562092
-0.02638489108 -0.03790596103 -0.01884635077
-0.02638489108 -0.03790596103 -0.01507708062
-0.02638489108 -0.03790596103 -0.007538540308
-0.02638489108 -0.03790596103 -0.003769270154
-0.02638489108 -0.03790596103 4.33680869e-18
-0.02638489108 -0.03790596103 0.003769270154
-0.02638489108 -0.03790596103 0.01130781046
-0.02638489108 -0.03790596103 0.01507708062
-0.02638489108 -0.03790596103 0.01884635077
-0.02638489108 -0.03790596103 0.02261562092
-0.02638489108 -0.03790596103 0.03015416123
-0.02638489108 -0.03790596103 0.03392343138
-0.02638489108 -0.03790596103 0.03769270154
-0.02261562092 -0.03790596103 -0.04146197169
-0.02261562092 -0.03790596103 -0.03392343138
-0.02261562092 -0.03790596103 -0.03015416123
-0.02261562092 -0.03790596103 -0.02638489108
-0.02261562092 -0.03790596103 -0.02261562092
-0.02261562092 -0.03790596103 -0.01884635077
-0.02261562092 -0.03790596103 -0.01130781046
-0.02261562092 -0.03790596103 -0.007538540308
-0.02261562092 -0.03790596103 -0.003769270154
-0.02261562092 -0.03790596103 4.33680869e-18
-0.02261562092 -0.03790596103 0.007538540308
-0.02261562092 -0.03790596103 0.01130781046
-0.02261562092 -0.03790596103 0.01507708062
-0.02261562092 -0.03790596103 0.01884635077
-0.02261562092 -0.03790596103 0.02638489108
-0.02261562092 -0.03790596103 0.03015416123
-0.02261562092 -0.03790596103 0.03392343138
-0.02261562092 -0.03790596103 0.03769270154
-0.01884635077 -0.03790596103 -0.04146197169
-0.01884635077 -0.03790596103 -0.03769270154
-0.01884635077 -0.03790596103 -0.03392343138
-0.01884635077 -0.03790596103 -0.03015416123
-0.01884635077 -0.03790596103 -0.02261562092
-0.01884635077 -0.03790596103 -0.01884635077
-0.01884635077 -0.03790596103 -0.01507708062
-0.01884635077 -0.03790596103 -0.01130781046
-0.01884635077 -0.03790596103 -0.003769270154
-0.01884635077 -0.03790596103 4.33680869e-18
-0.01884635077 -0.03790596103 0.003769270154
-0.01884635077 -0.03790596103 0.007538540308
-0.01884635077 -0.03790596103 0.01507708062
-0.01884635077 -0.03790596103 0.01884635077
-0.01884635077 -0.03790596103 0.02261562092
-0.01884635077 -0.03790596103 0.02638489108
-0.01884635077 -0.03790596103 0.03392343138
-0.01884635077 -0.03790596103 0.03769270154
-0.01884635077 -0.03790596103 0.04146197169
-0.01507708062 -0.03790596103 -0.04523124185
-0.01507708062 -0.03790596103 -0.03769270154
-0.01507708062 -0.03790596103 -0.03392343138
-0.01507708062 -0.03790596103 -0.03015416123
-0.01507708062 -0.03790596103 -0.02638489108
-0.01507708062 -0.03790596103 -0.01884635077
-0.01507708062 -0.03790596103 -0.01507708062
-0.01507708062 -0.03790596103 -0.01130781046
-0.01507708062 -0.03790596103 -0.007538540308
-0.01507708062 -0.03790596103 4.33680869e-18
-0.01507708062 -0.03790596103 0.003769270154
-0.01507708062 -0.03790596103 0.007538540308
-0.01507708062 -0.03790596103 0.01130781046
-0.01507708062 -0.03790596103 0.01884635077
-0.01507708062 -0.03790596103 0.02261562092
-0.01507708062 -0.03790596103 0.02638489108
-0.01507708062 -0.03790596103 0.03015416123
-0.01507708062 -0.03790596103 0.03769270154
-0.01507708062 -0.03790596103 0.04146197169
-0.01507708062 -0.03790596103 0.04523124185
-0.01130781046 -0.03790596103 -0.04523124185
-0.01130781046 -0.03790596103 -0.03769270154
-0.01130781046 -0.03790596103 -0.03392343138
-0.01130781046 -0.03790596103 -0.03015416123
-0.01130781046 -0.03790596103 -0.02638489108
-0.01130781046 -0.03790596103 -0.01884635077
-0.01130781046 -0.03790596103 -0.01507708062
-0.01130781046 -0.03790596103 -0.01130781046
-0.01130781046 -0.03790596103 -0.007538540308
-0.01130781046 -0.03790596103 4.33680869e-18
-0.01130781046 -0.03790596103 0.003769270154
-0.01130781046 -0.03790596103 0.007538540308
-0.01130781046 -0.03790596103 0.01130781046
-0.01130781046 -0.03790596103 0.01884635077
-0.01130781046 -0.03790596103 0.02261562092
-0.01130781046 -0.03790596103 0.02638489108
-0.01130781046 -0.03790596103 0.03015416123
-0.01130781046 -0.03790596103 0.03769270154
-0.01130781046 -0.03790596103 0.04146197169
-0.01130781046 -0.03790596103 0.04523124185
-0.007538540308 -0.03790596103 -0.04523124185
-0.007538540308 -0.03790596103 -0.03769270154
-0.007538540308 -0.03790596103 -0.03392343138
-0.007538540308 -0.03790596103 -0.03015416123
-0.007538540308 -0.03790596103 -0.02638489108
-0.007538540308 -0.03790596103 -0.01884635077
-0.007538540308 -0.03790596103 -0.01507708062
-0.007538540308 -0.03790596103 -0.01130781046
-0.007538540308 -0.03790596103 -0.007538540308
-0.007538540308 -0.03790596103 -0.003769270154
-0.007538540308 -0.03790596103 0.003769270154
-0.007538540308 -0.03790596103 0.007538540308
-0.007538540308 -0.03790596103 0.01130781046
-0.007538540308 -0.03790596103 0.01507708062
-0.007538540308 -0.03790596103 0.02261562092
-0.007538540308 -0.03790596103 0.02638489108
-0.007538540308 -0.03790596103 0.03015416123
-0.007538540308 -0.03790596103 0.03392343138
-0.007538540308 -0.03790596103 0.04146197169
-0.007538540308 -0.03790596103 0.04523124185
-0.003769270154 -0.03790596103 -0.04523124185
-0.003769270154 -0.03790596103 -0.04146197169
-0.003769270154 -0.03790596103 -0.03392343138
-0.003769270154 -0.03790596103 -0.03015416123
-0.003769270154 -0.03790596103 -0.02638489108
-0.003769270154 -0.03790596103 -0.02261562092
-0.003769270154 -0.03790596103 -0.01507708062
-0.003769270154 -0.03790596103 -0.01130781046
-0.003769270154 -0.03790596103 -0.007538540308
-0.003769270154 -0.03790596103 -0.003769270154
-0.003769270154 -0.03790596103 0.003769270154
-0.003769270154 -0.03790596103 0.007538540308
-0.003769270154 -0.03790596103 0.01130781046
-0.003769270154 -0.03790596103 0.01507708062
-0.003769270154 -0.03790596103 0.02261562092
-0.003769270154 -0.03790596103 0.02638489108
-0.003769270154 -0.03790596103 0.03015416123
-0.003769270154 -0.03790596103 0.03392343138
-0.003769270154 -0.03790596103 0.04146197169
-0.003769270154 -0.03790596103 0.04523124185
4.33680869e-18 -0.03790596103 -0.04523124185
4.33680869e-18 -0.03790596103 -0.04146197169
4.33680869e-18 -0.03790596103 -0.03392343138
4.33680869e-18 -0.03790596103 -0.03015416123
4.33680869e-18 -0.03790596103 -0.02638489108
4.33680869e-18 -0.03790596103 -0.02261562092
4.33680869e-18 -0.03790596103 -0.01507708062
4.33680869e-18 -0.03790596103 -0.01130781046
4.33680869e-18 -0.03790596103 -0.007538540308
4.33680869e-18 -0.03790596103 -0.003769270154
4.33680869e-18 -0.03790596103 0.003769270154
4.33680869e-18 -0.03790596103 0.007538540308
4.33680869e-18 -0.03790596103 0.01130781046
4.33680869e-18 -0.03790596103 0.01507708062
4.33680869e-18 -0.03790596103 0.02261562092
4.33680869e-18 -0.03790596103 0.02638489108
4.33680869e-18 -0.03790596103 0.03015416123
4.33680869e-18 -0.03790596103 0.03392343138
4.33680869e-18 -0.03790596103 0.04146197169
4.33680869e-18 -0.03790596103 0.04523124185
0.003769270154 -0.03790596103 -0.04523124185
0.003769270154 -0.03790596103 -0.04146197169
0.003769270154 -0.03790596103 -0.03392343138
0.003769270154 -0.03790596103 -0.03015416123
0.003769270154 -0.03790596103 -0.02638489108
0.003769270154 -0.03790596103 -0.02261562092
0.003769270154 -0.03790596103 -0.01507708062
0.003769270154 -0.03790596103 -0.01130781046
0.003769270154 -0.03790596103 -0.007538540308
0.003769270154 -0.03790596103 -0.003769270154
0.003769270154 -0.03790596103 0.003769270154
0.003769270154 -0.03790596103 0.007538540308
0.003769270154 -0.03790596103 0.01130781046
0.003769270154 -0.03790596103 0.01507708062
0.003769270154 -0.03790596103 0.02261562092
0.003769270154 -0.03790596103 0.02638489108
0.003769270154 -0.03790596103 0.03015416123
0.003769270154 -0.03790596103 0.03392343138
0.003769270154 -0.03790596103 0.04146197169
0.003769270154 -0.03790596103 0.04523124185
0.007538540308 -0.03790596103 -0.04523124185
0.007538540308 -0.03790596103 -0.04146197169
0.007538540308 -0.03790596103 -0.03392343138
0.007538540308 -0.03790596103 -0.03015416123
0.007538540308 -0.03790596103 -0.02638489108
0.007538540308 -0.03790596103 -0.02261562092
0.007538540308 -0.03790596103 -0.01507708062
0.007538540308 -0.03790596103 -0.01130781046
0.007538540308 -0.03790596103 -0.007538540308
0.007538540308 -0.03790596103 -0.003769270154
0.007538540308 -0.03790596103 4.33680869e-18
0.007538540308 -0.03790596103 0.007538540308
0.007538540308 -0.03790596103 0.01130781046
0.007538540308 -0.03790596103 0.01507708062
0.007538540308 -0.03790596103 0.01884635077
0.007538540308 -0.03790596103 0.02638489108
0.007538540308 -0.03790596103 0.03015416123
0.007538540308 -0.03790596103 0.03392343138
0.007538540308 -0.03790596103 0.03769270154
0.007538540308 -0.03790596103 0.04523124185
0.01130781046 -0.03790596103 -0.04523124185
0.01130781046 -0.03790596103 -0.04146197169
0.01130781046 -0.03790596103 -0.03769270154
0.01130781046 -0.03790596103 -0.03015416123
0.01130781046 -0.03790596103 -0.02638489108
0.01130781046 -0.03790596103 -0.02261562092
0.01130781046 -0.03790596103 -0.01884635077
0.01130781046 -0.03790596103 -0.01130781046
0.01130781046 -0.03790596103 -0.007538540308
0.01130781046 -0.03790596103 -0.003769270154
0.01130781046 -0.03790596103 4.33680869e-18
0.01130781046 -0.03790596103 0.007538540308
0.01130781046 -0.03790596103 0.01130781046
0.01130781046 -0.03790596103 0.01507708062
0.01130781046 -0.03790596103 0.01884635077
0.01130781046 -0.03790596103 0.02638489108
0.01130781046 -0.03790596103 0.03015416123
0.01130781046 -0.03790596103 0.03392343138
0.01130781046 -0.03790596103 0.03769270154
0.01130781046 -0.03790596103 0.04523124185
0.01507708062 -0.03790596103 -0.04523124185
0.01507708062 -0.03790596103 -0.04146197169
0.01507708062 -0.03790596103 -0.03769270154
0.01507708062 -0.03790596103 -0.03015416123
0.01507708062 -0.03790596103 -0.02638489108
0.01507708062 -0.03790596103 -0.02261562092
0.01507708062 -0.03790596103 -0.01884635077
0.01507708062 -0.03790596103 -0.01130781046
0.01507708062 -0.03790596103 -0.007538540308
0.01507708062 -0.03790596103 -0.003769270154
0.01507708062 -0.03790596103 4.33680869e-18
0.01507708062 -0.03790596103 0.007538540308
0.01507708062 -0.03790596103 0.01130781046
0.01507708062 -0.03790596103 0.01507708062
0.01507708062 -0.03790596103 0.01884635077
0.01507708062 -0.03790596103 0.02638489108
0.01507708062 -0.03790596103 0.03015416123
0.01507708062 -0.03790596103 0.03392343138
0.01507708062 -0.03790596103 0.03769270154
0.01507708062 -0.03790596103 0.04523124185
0.01884635077 -0.03790596103 -0.04146197169
0.01884635077 -0.03790596103 -0.03769270154
0.01884635077 -0.03790596103 -0.03392343138
0.01884635077 -0.03790596103 -0.02638489108
0.01884635077 -0.03790596103 -0.02261562092
0.01884635077 -0.03790596103 -0.01884635077
0.01884635077 -0.03790596103 -0.01507708062
0.01884635077 -0.03790596103 -0.007538540308
0.01884635077 -0.03790596103 -0.003769270154
0.01884635077 -0.03790596103 4.33680869e-18
0.01884635077 -0.03790596103 0.003769270154
0.01884635077 -0.03790596103 0.01130781046
0.01884635077 -0.03790596103 0.01507708062
0.01884635077 -0.03790596103 0.01884635077
0.01884635077 -0.03790596103 0.02261562092
0.01884635077 -0.03790596103 0.03015416123
0.01884635077 -0.03790596103 0.03392343138
0.01884635077 -0.03790596103 0.03769270154
0.01884635077 -0.03790596103 0.04146197169
0.02261562092 -0.03790596103 -0.03769270154
0.02261562092 -0.03790596103 -0.03392343138
0.02261562092 -0.03790596103 -0.03015416123
0.02261562092 -0.03790596103 -0.02638489108
0.02261562092 -0.03790596103 -0.01884635077
0.02261562092 -0.03790596103 -0.01507708062
0.02261562092 -0.03790596103 -0.01130781046
0.02261562092 -0.03790596103 -0.007538540308
0.02261562092 -0.03790596103 4.33680869e-18
0.02261562092 -0.03790596103 0.003769270154
0.02261562092 -0.03790596103 0.007538540308
0.02261562092 -0.03790596103 0.01130781046
0.02261562092 -0.03790596103 0.01507708062
0.02261562092 -0.03790596103 0.02261562092
0.02261562092 -0.03790596103 0.02638489108
0.02261562092 -0.03790596103 0.03015416123
0.02261562092 -0.03790596103 0.03392343138
0.02261562092 -0.03790596103 0.04146197169
0.02638489108 -0.03790596103 -0.03769270154
0.02638489108 -0.03790596103 -0.03392343138
0.02638489108 -0.03790596103 -0.03015416123
0.02638489108 -0.03790596103 -0.02261562092
0.02638489108 -0.03790596103 -0.01884635077
0.02638489108 -0.03790596103 -0.01507708062
0.02638489108 -0.03790596103 -0.01130781046
0.02638489108 -0.03790596103 -0.003769270154
0.02638489108 -0.03790596103 4.33680869e-18
0.02638489108 -0.03790596103 0.003769270154
0.02638489108 -0.03790596103 0.007538540308
0.02638489108 -0.03790596103 0.01507708062
0.02638489108 -0.03790596103 0.01884635077
0.02638489108 -0.03790596103 0.02261562092
0.02638489108 -0.03790596103 0.02638489108
0.02638489108 -0.03790596103 0.03392343138
0.02638489108 -0.03790596103 0.03769270154
0.03015416123 -0.03790596103 -0.03392343138
0.03015416123 -0.03790596103 -0.03015416123
0.03015416123 -0.03790596103 -0.02261562092
0.03015416123 -0.03790596103 -0.01884635077
0.03015416123 -0.03790596103 -0.01507708062
0.03015416123 -0.03790596103 -0.01130781046
0.03015416123 -0.03790596103 -0.003769270154
0.03015416123 -0.03790596103 4.33680869e-18
0.03015416123 -0.03790596103 0.003769270154
0.03015416123 -0.03790596103 0.007538540308
0.03015416123 -0.03790596103 0.01507708062
0.03015416123 -0.03790596103 0.01884635077
0.03015416123 -0.03790596103 0.02261562092
0.03015416123 -0.03790596103 0.02638489108
0.03015416123 -0.03790596103 0.03392343138
0.03392343138 -0.03790596103 -0.03015416123
0.03392343138 -0.03790596103 -0.02638489108
0.03392343138 -0.03790596103 -0.02261562092
0.03392343138 -0.03790596103 -0.01507708062
0.03392343138 -0.03790596103 -0.01130781046
0.03392343138 -0.03790596103 -0.007538540308
0.03392343138 -0.03790596103 -0.003769270154
0.03392343138 -0.03790596103 0.003769270154
0.03392343138 -0.03790596103 0.007538540308
0.03392343138 -0.03790596103 0.01130781046
0.03392343138 -0.03790596103 0.01507708062
0.03392343138 -0.03790596103 0.02261562092
0.03392343138 -0.03790596103 0.02638489108
0.03392343138 -0.03790596103 0.03015416123
0.03769270154 -0.03790596103 -0.02638489108
0.03769270154 -0.03790596103 -0.01884635077
0.03769270154 -0.03790596103 -0.01507708062
0.03769270154 -0.03790596103 -0.01130781046
0.03769270154 -0.03790596103 -0.007538540308
0.03769270154 -0.03790596103 4.33680869e-18
0.03769270154 -0.03790596103 0.003769270154
0.03769270154 -0.03790596103 0.007538540308
0.03769270154 -0.03790596103 0.01130781046
0.03769270154 -0.03790596103 0.01884635077
0.03769270154 -0.03790596103 0.02261562092
0.03769270154 -0.03790596103 0.02638489108
0.04146197169 -0.03790596103 -0.02261562092
0.04146197169 -0.03790596103 -0.01507708062
0.04146197169 -0.03790596103 -0.01130781046
0.04146197169 -0.03790596103 -0.007538540308
0.04146197169 -0.03790596103 -0.003769270154
0.04146197169 -0.03790596103 0.003769270154
0.04146197169 -0.03790596103 0.007538540308
0.04146197169 -0.03790596103 0.01130781046
0.04146197169 -0.03790596103 0.01507708062
0.04146197169 -0.03790596103 0.02261562092
0.04523124185 -0.03790596103 -0.01507708062
0.04523124185 -0.03790596103 -0.01130781046
0.04523124185 -0.03790596103 -0.007538540308
0.04523124185 -0.03790596103 4.33680869e-18
0.04523124185 -0.03790596103 0.003769270154
0.04523124185 -0.03790596103 0.007538540308
0.04523124185 -0.03790596103 0.01130781046
0.04523124185 -0.03790596103 0.01507708062
-0.04334660677 -0.03482836483 -0.01319244554
-0.04334660677 -0.03482836483 -0.009423175384
-0.04334660677 -0.03482836483 -0.005653905231
-0.04334660677 -0.03482836483 -0.001884635077
-0.04334660677 -0.03482836483 0.005653905231
-0.04334660677 -0.03482836483 0.009423175384
-0.04334660677 -0.03482836483 0.01319244554
-0.04334660677 -0.03482836483 0.01696171569
-0.03957733661 -0.03482836483 -0.02073098585
-0.03957733661 -0.03482836483 -0.01696171569
-0.03957733661 -0.03482836483 -0.01319244554
-0.03957733661 -0.03482836483 -0.009423175384
-0.03957733661 -0.03482836483 -0.001884635077
-0.03957733661 -0.03482836483 0.001884635077
-0.03957733661 -0.03482836483 0.005653905231
-0.03957733661 -0.03482836483 0.009423175384
-0.03957733661 -0.03482836483 0.01696171569
-0.03957733661 -0.03482836483 0.02073098585
-0.03957733661 -0.03482836483 0.024500256
-0.03580806646 -0.03482836483 -0.02826952615
-0.03580806646 -0.03482836483 -0.02073098585
-0.03580806646 -0.03482836483 -0.01696171569
-0.03580806646 -0.03482836483 -0.01319244554
-0.03580806646 -0.03482836483 -0.009423175384
-0.03580806646 -0.03482836483 -0.001884635077
-0.03580806646 -0.03482836483 0.001884635077
-0.03580806646 -0.03482836483 0.005653905231
-0.03580806646 -0.03482836483 0.009423175384
-0.03580806646 -0.03482836483 0.01696171569
-0.03580806646 -0.03482836483 0.02073098585
-0.03580806646 -0.03482836483 0.024500256
-0.03580806646 -0.03482836483 0.02826952615
-0.03203879631 -0.03482836483 -0.02826952615
-0.03203879631 -0.03482836483 -0.024500256
-0.03203879631 -0.03482836483 -0.02073098585
-0.03203879631 -0.03482836483 -0.01696171569
-0.03203879631 -0.03482836483 -0.009423175384
-0.03203879631 -0.03482836483 -0.005653905231
-0.03203879631 -0.03482836483 -0.001884635077
-0.03203879631 -0.03482836483 0.001884635077
-0.03203879631 -0.03482836483 0.009423175384
-0.03203879631 -0.03482836483 0.01319244554
-0.03203879631 -0.03482836483 0.01696171569
-0.03203879631 -0.03482836483 0.02073098585
-0.03203879631 -0.03482836483 0.02826952615
-0.03203879631 -0.03482836483 0.03203879631
-0.02826952615 -0.03482836483 -0.03580806646
-0.02826952615 -0.03482836483 -0.03203879631
-0.02826952615 -0.03482836483 -0.024500256
-0.02826952615 -0.03482836483 -0.02073098585
-0.02826952615 -0.03482836483 -0.01696171569
-0.02826952615 -0.03482836483 -0.01319244554
-0.02826952615 -0.03482836483 -0.005653905231
-0.02826952615 -0.03482836483 -0.001884635077
-0.02826952615 -0.03482836483 0.001884635077
-0.02826952615 -0.03482836483 0.005653905231
-0.02826952615 -0.03482836483 0.01319244554
-0.02826952615 -0.03482836483 0.01696171569
-0.02826952615 -0.03482836483 0.02073098585
-0.02826952615 -0.03482836483 0.024500256
-0.02826952615 -0.03482836483 0.03203879631
-0.02826952615 -0.03482836483 0.03580806646
-0.024500256 -0.03482836483 -0.03957733661
-0.024500256 -0.03482836483 -0.03580806646
-0.024500256 -0.03482836483 -0.02826952615
-0.024500256 -0.03482836483 -0.024500256
-0.024500256 -0.03482836483 -0.02073098585
-0.024500256 -0.03482836483 -0.01696171569
-0.024500256 -0.03482836483 -0.009423175384
-0.024500256 -0.03482836483 -0.005653905231
-0.024500256 -0.03482836483 -0.001884635077
-0.024500256 -0.03482836483 0.001884635077
-0.024500256 -0.03482836483 0.009423175384
-0.024500256 -0.03482836483 0.01319244554
-0.024500256 -0.03482836483 0.01696171569
-0.024500256 -0.03482836483 0.02073098585
-0.024500256 -0.03482836483 0.02826952615
-0.024500256 -0.03482836483 0.03203879631
-0.024500256 -0.03482836483 0.03580806646
-0.024500256 -0.03482836483 0.03957733661
-0.02073098585 -0.03482836483 -0.03957733661
-0.02073098585 -0.03482836483 -0.03203879631
-0.02073098585 -0.03482836483 -0.02826952615
-0.02073098585 -0.03482836483 -0.024500256
-0.02073098585 -0.03482836483 -0.02073098585
-0.02073098585 -0.03482836483 -0.01319244554
-0.02073098585 -0.03482836483 -0.009423175384
-0.02073098585 -0.03482836483 -0.005653905231
-0.02073098585 -0.03482836483 -0.001884635077
-0.02073098585 -0.03482836483 0.005653905231
-0.02073098585 -0.03482836483 0.009423175384
-0.02073098585 -0.03482836483 0.01319244554
-0.02073098585 -0.03482836483 0.01696171569
-0.02073098585 -0.03482836483 0.024500256
-0.02073098585 -0.03482836483 0.02826952615
-0.02073098585 -0.03482836483 0.03203879631
-0.02073098585 -0.03482836483 0.03580806646
-0.01696171569 -0.03482836483 -0.04334660677
-0.01696171569 -0.03482836483 -0.03957733661
-0.01696171569 -0.03482836483 -0.03580806646
-0.01696171569 -0.03482836483 -0.03203879631
-0.01696171569 -0.03482836483 -0.024500256
-0.01696171569 -0.03482836483 -0.02073098585
-0.01696171569 -0.03482836483 -0.01696171569
-0.01696171569 -0.03482836483 -0.01319244554
-0.01696171569 -0.03482836483 -0.005653905231
-0.01696171569 -0.03482836483 -0.001884635077
-0.01696171569 -0.03482836483 0.001884635077
-0.01696171569 -0.03482836483 0.005653905231
-0.01696171569 -0.03482836483 0.01319244554
-0.01696171569 -0.03482836483 0.01696171569
-0.01696171569 -0.03482836483 0.02073098585
-0.01696171569 -0.03482836483 0.024500256
-0.01696171569 -0.03482836483 0.03203879631
-0.01696171569 -0.03482836483 0.03580806646
-0.01696171569 -0.03482836483 0.03957733661
-0.01696171569 -0.03482836483 0.04334660677
-0.01319244554 -0.03482836483 -0.03957733661
-0.01319244554 -0.03482836483 -0.03580806646
-0.01319244554 -0.03482836483 -0.03203879631
-0.01319244554 -0.03482836483 -0.02826952615
-0.01319244554 -0.03482836483 -0.02073098585
-0.01319244554 -0.03482836483 -0.01696171569
-0.01319244554 -0.03482836483 -0.01319244554
-0.01319244554 -0.03482836483 -0.009423175384
-0.01319244554 -0.03482836483 -0.001884635077
-0.01319244554 -0.03482836483 0.001884635077
-0.01319244554 -0.03482836483 0.005653905231
-0.01319244554 -0.03482836483 0.009423175384
-0.01319244554 -0.03482836483 0.01696171569
-0.01319244554 -0.03482836483 0.02073098585
-0.01319244554 -0.03482836483 0.024500256
-0.01319244554 -0.03482836483 0.02826952615
-0.01319244554 -0.03482836483 0.03580806646
-0.01319244554 -0.03482836483 0.03957733661
-0.01319244554 -0.03482836483 0.04334660677
-0.009423175384 -0.03482836483 -0.04334660677
-0.009423175384 -0.03482836483 -0.03580806646
-0.009423175384 -0.03482836483 -0.03203879631
-0.009423175384 -0.03482836483 -0.02826952615
-0.009423175384 -0.03482836483 -0.024500256
-0.009423175384 -0.03482836483 -0.01696171569
-0.009423175384 -0.03482836483 -0.01319244554
-0.009423175384 -0.03482836483 -0.009423175384
-0.009423175384 -0.03482836483 -0.005653905231
-0.009423175384 -0.03482836483 0.001884635077
-0.009423175384 -0.03482836483 0.005653905231
-0.009423175384 -0.03482836483 0.009423175384
-0.009423175384 -0.03482836483 0.01319244554
-0.009423175384 -0.03482836483 0.02073098585
-0.009423175384 -0.03482836483 0.024500256
-0.009423175384 -0.03482836483 0.02826952615
-0.009423175384 -0.03482836483 0.03203879631
-0.009423175384 -0.03482836483 0.03957733661
-0.009423175384 -0.03482836483 0.04334660677
-0.005653905231 -0.03482836483 -0.04334660677
-0.005653905231 -0.03482836483 -0.03957733661
-0.005653905231 -0.03482836483 -0.03203879631
-0.005653905231 -0.03482836483 -0.02826952615
-0.005653905231 -0.03482836483 -0.024500256
-0.005653905231 -0.03482836483 -0.02073098585
-0.005653905231 -0.03482836483 -0.01696171569
-0.005653905231 -0.03482836483 -0.009423175384
-0.005653905231 -0.03482836483 -0.005653905231
-0.005653905231 -0.03482836483 -0.001884635077
-0.005653905231 -0.03482836483 0.001884635077
-0.005653905231 -0.03482836483 0.009423175384
-0.005653905231 -0.03482836483 0.01319244554
-0.005653905231 -0.03482836483 0.01696171569
-0.005653905231 -0.03482836483 0.02073098585
-0.005653905231 -0.03482836483 0.02826952615
-0.005653905231 -0.03482836483 0.03203879631
-0.005653905231 -0.03482836483 0.03580806646
-0.005653905231 -0.03482836483 0.03957733661
-0.005653905231 -0.03482836483 0.04711587692
-0.001884635077 -0.03482836483 -0.04334660677
-0.001884635077 -0.03482836483 -0.03957733661
-0.001884635077 -0.03482836483 -0.03580806646
-0.001884635077 -0.03482836483 -0.02826952615
-0.001884635077 -0.03482836483 -0.024500256
-0.001884635077 -0.03482836483 -0.02073098585
-0.001884635077 -0.03482836483 -0.01696171569
-0.001884635077 -0.03482836483 -0.009423175384
-0.001884635077 -0.03482836483 -0.005653905231
-0.001884635077 -0.03482836483 -0.001884635077
-0.001884635077 -0.03482836483 0.001884635077
-0.001884635077 -0.03482836483 0.009423175384
-0.001884635077 -0.03482836483 0.01319244554
-0.001884635077 -0.03482836483 0.01696171569
-0.001884635077 -0.03482836483 0.02073098585
-0.001884635077 -0.03482836483 0.02826952615
-0.001884635077 -0.03482836483 0.03203879631
-0.001884635077 -0.03482836483 0.03580806646
-0.001884635077 -0.03482836483 0.03957733661
-0.001884635077 -0.03482836483 0.04711587692
0.001884635077 -0.03482836483 -0.04334660677
0.001884635077 -0.03482836483 -0.03957733661
0.001884635077 -0.03482836483 -0.03580806646
0.001884635077 -0.03482836483 -0.02826952615
0.001884635077 -0.03482836483 -0.024500256
0.001884635077 -0.03482836483 -0.02073098585
0.001884635077 -0.03482836483 -0.01696171569
0.001884635077 -0.03482836483 -0.009423175384
0.001884635077 -0.03482836483 -0.005653905231
0.001884635077 -0.03482836483 -0.001884635077
0.001884635077 -0.03482836483 0.001884635077
0.001884635077 -0.03482836483 0.009423175384
0.001884635077 -0.03482836483 0.01319244554
0.001884635077 -0.03482836483 0.01696171569
0.001884635077 -0.03482836483 0.02073098585
0.001884635077 -0.03482836483 0.02826952615
0.001884635077 -0.03482836483 0.03203879631
0.001884635077 -0.03482836483 0.03580806646
0.001884635077 -0.03482836483 0.03957733661
0.001884635077 -0.03482836483 0.04711587692
0.005653905231 -0.03482836483 -0.04334660677
0.005653905231 -0.03482836483 -0.03957733661
0.005653905231 -0.03482836483 -0.03580806646
0.005653905231 -0.03482836483 -0.02826952615
0.005653905231 -0.03482836483 -0.024500256
0.005653905231 -0.03482836483 -0.02073098585
0.005653905231 -0.03482836483 -0.01696171569
0.005653905231 -0.03482836483 -0.009423175384
0.005653905231 -0.03482836483 -0.005653905231
0.005653905231 -0.03482836483 -0.001884635077
0.005653905231 -0.03482836483 0.001884635077
0.005653905231 -0.03482836483 0.009423175384
0.005653905231 -0.03482836483 0.01319244554
0.005653905231 -0.03482836483 0.01696171569
0.005653905231 -0.03482836483 0.02073098585
0.005653905231 -0.03482836483 0.02826952615
0.005653905231 -0.03482836483 0.03203879631
0.005653905231 -0.03482836483 0.03580806646
0.005653905231 -0.03482836483 0.03957733661
0.005653905231 -0.03482836483 0.04711587692
0.009423175384 -0.03482836483 -0.04334660677
0.009423175384 -0.03482836483 -0.03957733661
0.009423175384 -0.03482836483 -0.03580806646
0.009423175384 -0.03482836483 -0.02826952615
0.009423175384 -0.03482836483 -0.024500256
0.009423175384 -0.03482836483 -0.02073098585
0.009423175384 -0.03482836483 -0.01696171569
0.009423175384 -0.03482836483 -0.01319244554
0.009423175384 -0.03482836483 -0.005653905231
0.009423175384 -0.03482836483 -0.001884635077
0.009423175384 -0.03482836483 0.001884635077
0.009423175384 -0.03482836483 0.005653905231
0.009423175384 -0.03482836483 0.01319244554
0.009423175384 -0.03482836483 0.01696171569
0.009423175384 -0.03482836483 0.02073098585
0.009423175384 -0.03482836483 0.024500256
0.009423175384 -0.03482836483 0.03203879631
0.009423175384 -0.03482836483 0.03580806646
0.009423175384 -0.03482836483 0.03957733661
0.009423175384 -0.03482836483 0.04334660677
0.01319244554 -0.03482836483 -0.03957733661
0.01319244554 -0.03482836483 -0.03580806646
0.01319244554 -0.03482836483 -0.03203879631
0.01319244554 -0.03482836483 -0.02826952615
0.01319244554 -0.03482836483 -0.02073098585
0.01319244554 -0.03482836483 -0.01696171569
0.01319244554 -0.03482836483 -0.01319244554
0.01319244554 -0.03482836483 -0.009423175384
0.01319244554 -0.03482836483 -0.001884635077
0.01319244554 -0.03482836483 0.001884635077
0.01319244554 -0.03482836483 0.005653905231
0.01319244554 -0.03482836483 0.009423175384
0.01319244554 -0.03482836483 0.01696171569
0.01319244554 -0.03482836483 0.02073098585
0.01319244554 -0.03482836483 0.024500256
0.01319244554 -0.03482836483 0.02826952615
0.01319244554 -0.03482836483 0.03580806646
0.01319244554 -0.03482836483 0.03957733661
0.01319244554 -0.03482836483 0.04334660677
0.01696171569 -0.03482836483 -0.04334660677
0.01696171569 -0.03482836483 -0.03580806646
0.01696171569 -0.03482836483 -0.03203879631
0.01696171569 -0.03482836483 -0.02826952615
0.01696171569 -0.03482836483 -0.024500256
0.01696171569 -0.03482836483 -0.01696171569
0.01696171569 -0.03482836483 -0.01319244554
0.01696171569 -0.03482836483 -0.009423175384
0.01696171569 -0.03482836483 -0.005653905231
0.01696171569 -0.03482836483 0.001884635077
0.01696171569 -0.03482836483 0.005653905231
0.01696171569 -0.03482836483 0.009423175384
0.01696171569 -0.03482836483 0.01319244554
0.01696171569 -0.03482836483 0.02073098585
0.01696171569 -0.03482836483 0.024500256
0.01696171569 -0.03482836483 0.02826952615
0.01696171569 -0.03482836483 0.03203879631
0.01696171569 -0.03482836483 0.03957733661
0.01696171569 -0.03482836483 0.04334660677
0.02073098585 -0.03482836483 -0.03957733661
0.02073098585 -0.03482836483 -0.03580806646
0.02073098585 -0.03482836483 -0.02826952615
0.02073098585 -0.03482836483 -0.024500256
0.02073098585 -0.03482836483 -0.02073098585
0.02073098585 -0.03482836483 -0.01696171569
0.02073098585 -0.03482836483 -0.009423175384
0.02073098585 -0.03482836483 -0.005653905231
0.02073098585 -0.03482836483 -0.001884635077
0.02073098585 -0.03482836483 0.001884635077
0.02073098585 -0.03482836483 0.009423175384
0.02073098585 -0.03482836483 0.01319244554
0.02073098585 -0.03482836483 0.01696171569
0.02073098585 -0.03482836483 0.02073098585
0.02073098585 -0.03482836483 0.02826952615
0.02073098585 -0.03482836483 0.03203879631
0.02073098585 -0.03482836483 0.03580806646
0.02073098585 -0.03482836483 0.03957733661
0.024500256 -0.03482836483 -0.03580806646
0.024500256 -0.03482836483 -0.03203879631
0.024500256 -0.03482836483 -0.02826952615
0.024500256 -0.03482836483 -0.024500256
0.024500256 -0.03482836483 -0.01696171569
0.024500256 -0.03482836483 -0.01319244554
0.024500256 -0.03482836483 -0.009423175384
0.024500256 -0.03482836483 -0.005653905231
0.024500256 -0.03482836483 0.001884635077
0.024500256 -0.03482836483 0.005653905231
0.024500256 -0.03482836483 0.009423175384
0.024500256 -0.03482836483 0.01319244554
0.024500256 -0.03482836483 0.01696171569
0.024500256 -0.03482836483 0.024500256
0.024500256 -0.03482836483 0.02826952615
0.024500256 -0.03482836483 0.03203879631
0.024500256 -0.03482836483 0.03580806646
0.02826952615 -0.03482836483 -0.03580806646
0.02826952615 -0.03482836483 -0.03203879631
0.02826952615 -0.03482836483 -0.02826952615
0.02826952615 -0.03482836483 -0.024500256
0.02826952615 -0.03482836483 -0.01696171569
0.02826952615 -0.03482836483 -0.01319244554
0.02826952615 -0.03482836483 -0.009423175384
0.02826952615 -0.03482836483 -0.005653905231
0.02826952615 -0.03482836483 0.001884635077
0.02826952615 -0.03482836483 0.005653905231
0.02826952615 -0.03482836483 0.009423175384
0.02826952615 -0.03482836483 0.01319244554
0.02826952615 -0.03482836483 0.02073098585
0.02826952615 -0.03482836483 0.024500256
0.02826952615 -0.03482836483 0.02826952615
0.02826952615 -0.03482836483 0.03203879631
0.03203879631 -0.03482836483 -0.03203879631
0.03203879631 -0.03482836483 -0.02826952615
0.03203879631 -0.03482836483 -0.024500256
0.03203879631 -0.03482836483 -0.02073098585
0.03203879631 -0.03482836483 -0.01319244554
0.03203879631 -0.03482836483 -0.009423175384
0.03203879631 -0.03482836483 -0.005653905231
0.03203879631 -0.03482836483 -0.001884635077
0.03203879631 -0.03482836483 0.005653905231
0.03203879631 -0.03482836483 0.009423175384
0.03203879631 -0.03482836483 0.01319244554
0.03203879631 -0.03482836483 0.01696171569
0.03203879631 -0.03482836483 0.024500256
0.03203879631 -0.03482836483 0.02826952615
0.03203879631 -0.03482836483 0.03203879631
0.03580806646 -0.03482836483 -0.02826952615
0.03580806646 -0.03482836483 -0.02073098585
0.03580806646 -0.03482836483 -0.01696171569
0.03580806646 -0.03482836483 -0.01319244554
0.03580806646 -0.03482836483 -0.009423175384
0.03580806646 -0.03482836483 -0.001884635077
0.03580806646 -0.03482836483 0.001884635077
0.03580806646 -0.03482836483 0.005653905231
0.03580806646 -0.03482836483 0.009423175384
0.03580806646 -0.03482836483 0.01696171569
0.03580806646 -0.03482836483 0.02073098585
0.03580806646 -0.03482836483 0.024500256
0.03580806646 -0.03482836483 0.02826952615
0.03957733661 -0.03482836483 -0.02073098585
0.03957733661 -0.03482836483 -0.01696171569
0.03957733661 -0.03482836483 -0.01319244554
0.03957733661 -0.03482836483 -0.009423175384
0.03957733661 -0.03482836483 -0.001884635077
0.03957733661 -0.03482836483 0.001884635077
0.03957733661 -0.03482836483 0.005653905231
0.03957733661 -0.03482836483 0.009423175384
0.03957733661 -0.03482836483 0.01696171569
0.03957733661 -0.03482836483 0.02073098585
0.03957733661 -0.03482836483 0.024500256
0.04334660677 -0.03482836483 -0.01696171569
0.04334660677 -0.03482836483 -0.009423175384
0.04334660677 -0.03482836483 -0.005653905231
0.04334660677 -0.03482836483 -0.001884635077
0.04334660677 -0.03482836483 0.001884635077
0.04334660677 -0.03482836483 0.009423175384
0.04334660677 -0.03482836483 0.01319244554
0.04334660677 -0.03482836483 0.01696171569
0.04711587692 -0.03482836483 -0.005653905231
0.04711587692 -0.03482836483 0.001884635077
0.04711587692 -0.03482836483 0.005653905231
-0.04523124185 -0.03175076864 -0.01507708062
-0.04523124185 -0.03175076864 -0.01130781046
-0.04523124185 -0.03175076864 -0.003769270154
-0.04523124185 -0.03175076864 4.33680869e-18
-0.04523124185 -0.03175076864 0.003769270154
-0.04523124185 -0.03175076864 0.007538540308
-0.04523124185 -0.03175076864 0.01507708062
-0.04146197169 -0.03175076864 -0.02261562092
-0.04146197169 -0.03175076864 -0.01884635077
-0.04146197169 -0.03175076864 -0.01507708062
-0.04146197169 -0.03175076864 -0.01130781046
-0.04146197169 -0.03175076864 -0.003769270154
-0.04146197169 -0.03175076864 4.33680869e-18
-0.04146197169 -0.03175076864 0.003769270154
-0.04146197169 -0.03175076864 0.007538540308
-0.04146197169 -0.03175076864 0.01507708062
-0.04146197169 -0.03175076864 0.01884635077
-0.04146197169 -0.03175076864 0.02261562092
-0.03769270154 -0.03175076864 -0.02638489108
-0.03769270154 -0.03175076864 -0.01884635077
-0.03769270154 -0.03175076864 -0.01507708062
-0.03769270154 -0.03175076864 -0.01130781046
-0.03769270154 -0.03175076864 -0.007538540308
-0.03769270154 -0.03175076864 4.33680869e-18
-0.03769270154 -0.03175076864 0.003769270154
-0.03769270154 -0.03175076864 0.007538540308
-0.03769270154 -0.03175076864 0.01130781046
-0.03769270154 -0.03175076864 0.01884635077
-0.03769270154 -0.03175076864 0.02261562092
-0.03769270154 -0.03175076864 0.02638489108
-0.03392343138 -0.03175076864 -0.03015416123
-0.03392343138 -0.03175076864 -0.02261562092
-0.03392343138 -0.03175076864 -0.01884635077
-0.03392343138 -0.03175076864 -0.01507708062
-0.03392343138 -0.03175076864 -0.01130781046
-0.03392343138 -0.03175076864 -0.003769270154
-0.03392343138 -0.03175076864 4.33680869e-18
-0.03392343138 -0.03175076864 0.003769270154
-0.03392343138 -0.03175076864 0.007538540308
-0.03392343138 -0.03175076864 0.01507708062
-0.03392343138 -0.03175076864 0.01884635077
-0.03392343138 -0.03175076864 0.02261562092
-0.03392343138 -0.03175076864 0.02638489108
-0.03015416123 -0.03175076864 -0.03392343138
-0.03015416123 -0.03175076864 -0.03015416123
-0.03015416123 -0.03175076864 -0.02638489108
-0.03015416123 -0.03175076864 -0.02261562092
-0.03015416123 -0.03175076864 -0.01507708062
-0.03015416123 -0.03175076864 -0.01130781046
-0.03015416123 -0.03175076864 -0.007538540308
-0.03015416123 -0.03175076864 -0.003769270154
-0.03015416123 -0.03175076864 0.003769270154
-0.03015416123 -0.03175076864 0.007538540308
-0.03015416123 -0.03175076864 0.01130781046
-0.03015416123 -0.03175076864 0.01507708062
-0.03015416123 -0.03175076864 0.02261562092
-0.03015416123 -0.03175076864 0.02638489108
-0.03015416123 -0.03175076864 0.03015416123
-0.03015416123 -0.03175076864 0.03392343138
-0.02638489108 -0.03175076864 -0.03392343138
-0.02638489108 -0.03175076864 -0.03015416123
-0.02638489108 -0.03175076864 -0.02638489108
-0.02638489108 -0.03175076864 -0.02261562092
-0.02638489108 -0.03175076864 -0.01507708062
-0.02638489108 -0.03175076864 -0.01130781046
-0.02638489108 -0.03175076864 -0.007538540308
-0.02638489108 -0.03175076864 -0.003769270154
-0.02638489108 -0.03175076864 0.003769270154
-0.02638489108 -0.03175076864 0.007538540308
-0.02638489108 -0.03175076864 0.01130781046
-0.02638489108 -0.03175076864 0.01507708062
-0.02638489108 -0.03175076864 0.02261562092
-0.02638489108 -0.03175076864 0.02638489108
-0.02638489108 -0.03175076864 0.03015416123
-0.02638489108 -0.03175076864 0.03392343138
-0.02261562092 -0.03175076864 -0.04146197169
-0.02261562092 -0.03175076864 -0.03769270154
-0.02261562092 -0.03175076864 -0.03392343138
-0.02261562092 -0.03175076864 -0.03015416123
-0.02261562092 -0.03175076864 -0.02261562092
-0.02261562092 -0.03175076864 -0.01884635077
-0.02261562092 -0.03175076864 -0.01507708062
-0.02261562092 -0.03175076864 -0.01130781046
-0.02261562092 -0.03175076864 -0.003769270154
-0.02261562092 -0.03175076864 4.33680869e-18
-0.02261562092 -0.03175076864 0.003769270154
-0.02261562092 -0.03175076864 0.007538540308
-0.02261562092 -0.03175076864 0.01507708062
-0.02261562092 -0.03175076864 0.01884635077
-0.02261562092 -0.03175076864 0.02261562092
-0.02261562092 -0.03175076864 0.02638489108
-0.02261562092 -0.03175076864 0.03015416123
-0.02261562092 -0.03175076864 0.03769270154
-0.02261562092 -0.03175076864 0.04146197169
-0.01884635077 -0.03175076864 -0.04146197169
-0.01884635077 -0.03175076864 -0.03769270154
-0.01884635077 -0.03175076864 -0.03015416123
-0.01884635077 -0.03175076864 -0.02638489108
-0.01884635077 -0.03175076864 -0.02261562092
-0.01884635077 -0.03175076864 -0.01884635077
-0.01884635077 -0.03175076864 -0.01130781046
-0.01884635077 -0.03175076864 -0.007538540308
-0.01884635077 -0.03175076864 -0.003769270154
-0.01884635077 -0.03175076864 4.33680869e-18
-0.01884635077 -0.03175076864 0.007538540308
-0.01884635077 -0.03175076864 0.01130781046
-0.01884635077 -0.03175076864 0.01507708062
-0.01884635077 -0.03175076864 0.01884635077
-0.01884635077 -0.03175076864 0.02638489108
-0.01884635077 -0.03175076864 0.03015416123
-0.01884635077 -0.03175076864 0.03392343138
-0.01884635077 -0.03175076864 0.03769270154
-0.01507708062 -0.03175076864 -0.04523124185
-0.01507708062 -0.03175076864 -0.04146197169
-0.01507708062 -0.03175076864 -0.03769270154
-0.01507708062 -0.03175076864 -0.03392343138
-0.01507708062 -0.03175076864 -0.02638489108
-0.01507708062 -0.03175076864 -0.02261562092
-0.01507708062 -0.03175076864 -0.01884635077
-0.01507708062 -0.03175076864 -0.01507708062
-0.01507708062 -0.03175076864 -0.007538540308
-0.01507708062 -0.03175076864 -0.003769270154
-0.01507708062 -0.03175076864 4.33680869e-18
-0.01507708062 -0.03175076864 0.003769270154
-0.01507708062 -0.03175076864 0.01130781046
-0.01507708062 -0.03175076864 0.01507708062
-0.01507708062 -0.03175076864 0.01884635077
-0.01507708062 -0.03175076864 0.02261562092
-0.01507708062 -0.03175076864 0.03015416123
-0.01507708062 -0.03175076864 0.03392343138
-0.01507708062 -0.03175076864 0.03769270154
-0.01507708062 -0.03175076864 0.04146197169
-0.01130781046 -0.03175076864 -0.04523124185
-0.01130781046 -0.03175076864 -0.04146197169
-0.01130781046 -0.03175076864 -0.03769270154
-0.01130781046 -0.03175076864 -0.03392343138
-0.01130781046 -0.03175076864 -0.02638489108
-0.01130781046 -0.03175076864 -0.02261562092
-0.01130781046 -0.03175076864 -0.01884635077
-0.01130781046 -0.03175076864 -0.01507708062
-0.01130781046 -0.03175076864 -0.007538540308
-0.01130781046 -0.03175076864 -0.003769270154
-0.01130781046 -0.03175076864 4.33680869e-18
-0.01130781046 -0.03175076864 0.003769270154
-0.01130781046 -0.03175076864 0.01130781046
-0.01130781046 -0.03175076864 0.01507708062
-0.01130781046 -0.03175076864 0.01884635077
-0.01130781046 -0.03175076864 0.02261562092
-0.01130781046 -0.03175076864 0.03015416123
-0.01130781046 -0.03175076864 0.03392343138
-0.01130781046 -0.03175076864 0.03769270154
-0.01130781046 -0.03175076864 0.04146197169
-0.007538540308 -0.03175076864 -0.04523124185
-0.007538540308 -0.03175076864 -0.04146197169
-0.007538540308 -0.03175076864 -0.03769270154
-0.007538540308 -0.03175076864 -0.03392343138
-0.007538540308 -0.03175076864 -0.02638489108
-0.007538540308 -0.03175076864 -0.02261562092
-0.007538540308 -0.03175076864 -0.01884635077
-0.007538540308 -0.03175076864 -0.01507708062
-0.007538540308 -0.03175076864 -0.007538540308
-0.007538540308 -0.03175076864 -0.003769270154
-0.007538540308 -0.03175076864 4.33680869e-18
-0.007538540308 -0.03175076864 0.003769270154
-0.007538540308 -0.03175076864 0.01130781046
-0.007538540308 -0.03175076864 0.01507708062
-0.007538540308 -0.03175076864 0.01884635077
-0.007538540308 -0.03175076864 0.02261562092
-0.007538540308 -0.03175076864 0.02638489108
-0.007538540308 -0.03175076864 0.03392343138
-0.007538540308 -0.03175076864 0.03769270154
-0.007538540308 -0.03175076864 0.04146197169
-0.007538540308 -0.03175076864 0.04523124185
-0.003769270154 -0.03175076864 -0.04146197169
-0.003769270154 -0.03175076864 -0.03769270154
-0.003769270154 -0.03175076864 -0.03392343138
-0.003769270154 -0.03175076864 -0.03015416123
-0.003769270154 -0.03175076864 -0.02261562092
-0.003769270154 -0.03175076864 -0.01884635077
-0.003769270154 -0.03175076864 -0.01507708062
-0.003769270154 -0.03175076864 -0.01130781046
-0.003769270154 -0.03175076864 -0.003769270154
-0.003769270154 -0.03175076864 4.33680869e-18
-0.003769270154 -0.03175076864 0.003769270154
-0.003769270154 -0.03175076864 0.007538540308
-0.003769270154 -0.03175076864 0.01507708062
-0.003769270154 -0.03175076864 0.01884635077
-0.003769270154 -0.03175076864 0.02261562092
-0.003769270154 -0.03175076864 0.02638489108
-0.003769270154 -0.03175076864 0.03392343138
-0.003769270154 -0.03175076864 0.03769270154
-0.003769270154 -0.03175076864 0.04146197169
-0.003769270154 -0.03175076864 0.04523124185
4.33680869e-18 -0.03175076864 -0.04146197169
4.33680869e-18 -0.03175076864 -0.03769270154
4.33680869e-18 -0.03175076864 -0.03392343138
4.33680869e-18 -0.03175076864 -0.03015416123
4.33680869e-18 -0.03175076864 -0.02261562092
4.33680869e-18 -0.03175076864 -0.01884635077
4.33680869e-18 -0.03175076864 -0.01507708062
4.33680869e-18 -0.03175076864 -0.01130781046
4.33680869e-18 -0.03175076864 -0.003769270154
4.33680869e-18 -0.03175076864 4.33680869e-18
4.33680869e-18 -0.03175076864 0.003769270154
4.33680869e-18 -0.03175076864 0.007538540308
4.33680869e-18 -0.03175076864 0.01507708062
4.33680869e-18 -0.03175076864 0.01884635077
4.33680869e-18 -0.03175076864 0.02261562092
4.33680869e-18 -0.03175076864 0.02638489108
4.33680869e-18 -0.03175076864 0.03392343138
4.33680869e-18 -0.03175076864 0.03769270154
4.33680869e-18 -0.03175076864 0.04146197169
4.33680869e-18 -0.03175076864 0.04523124185
0.003769270154 -0.03175076864 -0.04146197169
0.003769270154 -0.03175076864 -0.03769270154
0.003769270154 -0.03175076864 -0.03392343138
0.003769270154 -0.03175076864 -0.03015416123
0.003769270154 -0.03175076864 -0.02261562092
0.003769270154 -0.03175076864 -0.01884635077
0.003769270154 -0.03175076864 -0.01507708062
0.003769270154 -0.03175076864 -0.01130781046
0.003769270154 -0.03175076864 -0.003769270154
0.003769270154 -0.03175076864 4.33680869e-18
0.003769270154 -0.03175076864 0.003769270154
0.003769270154 -0.03175076864 0.007538540308
0.003769270154 -0.03175076864 0.01507708062
0.003769270154 -0.03175076864 0.01884635077
0.003769270154 -0.03175076864 0.02261562092
0.003769270154 -0.03175076864 0.02638489108
0.003769270154 -0.03175076864 0.03392343138
0.003769270154 -0.03175076864 0.03769270154
0.003769270154 -0.03175076864 0.04146197169
0.003769270154 -0.03175076864 0.04523124185
0.007538540308 -0.03175076864 -0.04146197169
0.007538540308 -0.03175076864 -0.03769270154
0.007538540308 -0.03175076864 -0.03392343138
0.007538540308 -0.03175076864 -0.03015416123
0.007538540308 -0.03175076864 -0.02261562092
0.007538540308 -0.03175076864 -0.01884635077
0.007538540308 -0.03175076864 -0.01507708062
0.007538540308 -0.03175076864 -0.01130781046
0.007538540308 -0.03175076864 -0.003769270154
0.007538540308 -0.03175076864 4.33680869e-18
0.007538540308 -0.03175076864 0.003769270154
0.007538540308 -0.03175076864 0.007538540308
0.007538540308 -0.03175076864 0.01507708062
0.007538540308 -0.03175076864 0.01884635077
0.007538540308 -0.03175076864 0.02261562092
0.007538540308 -0.03175076864 0.02638489108
0.007538540308 -0.03175076864 0.03015416123
0.007538540308 -0.03175076864 0.03769270154
0.007538540308 -0.03175076864 0.04146197169
0.007538540308 -0.03175076864 0.04523124185
0.01130781046 -0.03175076864 -0.04523124185
0.01130781046 -0.03175076864 -0.03769270154
0.01130781046 -0.03175076864 -0.03392343138
0.01130781046 -0.03175076864 -0.03015416123
0.01130781046 -0.03175076864 -0.02638489108
0.01130781046 -0.03175076864 -0.01884635077
0.01130781046 -0.03175076864 -0.01507708062
0.01130781046 -0.03175076864 -0.01130781046
0.01130781046 -0.03175076864 -0.007538540308
0.01130781046 -0.03175076864 4.33680869e-18
0.01130781046 -0.03175076864 0.003769270154
0.01130781046 -0.03175076864 0.007538540308
0.01130781046 -0.03175076864 0.01130781046
0.01130781046 -0.03175076864 0.01884635077
0.01130781046 -0.03175076864 0.02261562092
0.01130781046 -0.03175076864 0.02638489108
0.01130781046 -0.03175076864 0.03015416123
0.01130781046 -0.03175076864 0.03769270154
0.01130781046 -0.03175076864 0.04146197169
0.01130781046 -0.03175076864 0.04523124185
0.01507708062 -0.03175076864 -0.04523124185
0.01507708062 -0.03175076864 -0.03769270154
0.01507708062 -0.03175076864 -0.03392343138
0.01507708062 -0.03175076864 -0.03015416123
0.01507708062 -0.03175076864 -0.02638489108
0.01507708062 -0.03175076864 -0.01884635077
0.01507708062 -0.03175076864 -0.01507708062
0.01507708062 -0.03175076864 -0.01130781046
0.01507708062 -0.03175076864 -0.007538540308
0.01507708062 -0.03175076864 4.33680869e-18
0.01507708062 -0.03175076864 0.003769270154
0.01507708062 -0.03175076864 0.007538540308
0.01507708062 -0.03175076864 0.01130781046
0.01507708062 -0.03175076864 0.01884635077
0.01507708062 -0.03175076864 0.02261562092
0.01507708062 -0.03175076864 0.02638489108
0.01507708062 -0.03175076864 0.03015416123
0.01507708062 -0.03175076864 0.03769270154
0.01507708062 -0.03175076864 0.04146197169
0.01507708062 -0.03175076864 0.04523124185
0.01884635077 -0.03175076864 -0.04146197169
0.01884635077 -0.03175076864 -0.03392343138
0.01884635077 -0.03175076864 -0.03015416123
0.01884635077 -0.03175076864 -0.02638489108
0.01884635077 -0.03175076864 -0.02261562092
0.01884635077 -0.03175076864 -0.01507708062
0.01884635077 -0.03175076864 -0.01130781046
0.01884635077 -0.03175076864 -0.007538540308
0.01884635077 -0.03175076864 -0.003769270154
0.01884635077 -0.03175076864 0.003769270154
0.01884635077 -0.03175076864 0.007538540308
0.01884635077 -0.03175076864 0.01130781046
0.01884635077 -0.03175076864 0.01507708062
0.01884635077 -0.03175076864 0.02261562092
0.01884635077 -0.03175076864 0.02638489108
0.01884635077 -0.03175076864 0.03015416123
0.01884635077 -0.03175076864 0.03392343138
0.01884635077 -0.03175076864 0.04146197169
0.02261562092 -0.03175076864 -0.04146197169
0.02261562092 -0.03175076864 -0.03769270154
0.02261562092 -0.03175076864 -0.03392343138
0.02261562092 -0.03175076864 -0.02638489108
0.02261562092 -0.03175076864 -0.02261562092
0.02261562092 -0.03175076864 -0.01884635077
0.02261562092 -0.03175076864 -0.01507708062
0.02261562092 -0.03175076864 -0.007538540308
0.02261562092 -0.03175076864 -0.003769270154
0.02261562092 -0.03175076864 4.33680869e-18
0.02261562092 -0.03175076864 0.003769270154
0.02261562092 -0.03175076864 0.01130781046
0.02261562092 -0.03175076864 0.01507708062
0.02261562092 -0.03175076864 0.01884635077
0.02261562092 -0.03175076864 0.02261562092
0.02261562092 -0.03175076864 0.03015416123
0.02261562092 -0.03175076864 0.03392343138
0.02261562092 -0.03175076864 0.03769270154
0.02261562092 -0.03175076864 0.04146197169
0.02638489108 -0.03175076864 -0.03769270154
0.02638489108 -0.03175076864 -0.03015416123
0.02638489108 -0.03175076864 -0.02638489108
0.02638489108 -0.03175076864 -0.02261562092
0.02638489108 -0.03175076864 -0.01884635077
0.02638489108 -0.03175076864 -0.01130781046
0.02638489108 -0.03175076864 -0.007538540308
0.02638489108 -0.03175076864 -0.003769270154
0.02638489108 -0.03175076864 4.33680869e-18
0.02638489108 -0.03175076864 0.007538540308
0.02638489108 -0.03175076864 0.01130781046
0.02638489108 -0.03175076864 0.01507708062
0.02638489108 -0.03175076864 0.01884635077
0.02638489108 -0.03175076864 0.02638489108
0.02638489108 -0.03175076864 0.03015416123
0.02638489108 -0.03175076864 0.03392343138
0.02638489108 -0.03175076864 0.03769270154
0.03015416123 -0.03175076864 -0.03015416123
0.03015416123 -0.03175076864 -0.02638489108
0.03015416123 -0.03175076864 -0.02261562092
0.03015416123 -0.03175076864 -0.01884635077
0.03015416123 -0.03175076864 -0.01130781046
0.03015416123 -0.03175076864 -0.007538540308
0.03015416123 -0.03175076864 -0.003769270154
0.03015416123 -0.03175076864 4.33680869e-18
0.03015416123 -0.03175076864 0.007538540308
0.03015416123 -0.03175076864 0.01130781046
0.03015416123 -0.03175076864 0.01507708062
0.03015416123 -0.03175076864 0.01884635077
0.03015416123 -0.03175076864 0.02638489108
0.03015416123 -0.03175076864 0.03015416123
0.03015416123 -0.03175076864 0.03392343138
0.03392343138 -0.03175076864 -0.03015416123
0.03392343138 -0.03175076864 -0.02261562092
0.03392343138 -0.03175076864 -0.01884635077
0.03392343138 -0.03175076864 -0.01507708062
0.03392343138 -0.03175076864 -0.01130781046
0.03392343138 -0.03175076864 -0.003769270154
0.03392343138 -0.03175076864 4.33680869e-18
0.03392343138 -0.03175076864 0.003769270154
0.03392343138 -0.03175076864 0.007538540308
0.03392343138 -0.03175076864 0.01507708062
0.03392343138 -0.03175076864 0.01884635077
0.03392343138 -0.03175076864 0.02261562092
0.03392343138 -0.03175076864 0.02638489108
0.03769270154 -0.03175076864 -0.02638489108
0.03769270154 -0.03175076864 -0.02261562092
0.03769270154 -0.03175076864 -0.01884635077
0.03769270154 -0.03175076864 -0.01507708062
0.03769270154 -0.03175076864 -0.007538540308
0.03769270154 -0.03175076864 -0.003769270154
0.03769270154 -0.03175076864 4.33680869e-18
0.03769270154 -0.03175076864 0.003769270154
0.03769270154 -0.03175076864 0.01130781046
0.03769270154 -0.03175076864 0.01507708062
0.03769270154 -0.03175076864 0.01884635077
0.03769270154 -0.03175076864 0.02261562092
0.04146197169 -0.03175076864 -0.02261562092
0.04146197169 -0.03175076864 -0.01884635077
0.04146197169 -0.03175076864 -0.01507708062
0.04146197169 -0.03175076864 -0.01130781046
0.04146197169 -0.03175076864 -0.003769270154
0.04146197169 -0.03175076864 4.33680869e-18
0.04146197169 -0.03175076864 0.003769270154
0.04146197169 -0.03175076864 0.007538540308
0.04146197169 -0.03175076864 0.01507708062
0.04146197169 -0.03175076864 0.01884635077
0.04146197169 -0.03175076864 0.02261562092
0.04523124185 -0.03175076864 -0.01507708062
0.04523124185 -0.03175076864 -0.007538540308
0.04523124185 -0.03175076864 -0.003769270154
0.04523124185 -0.03175076864 4.33680869e-18
0.04523124185 -0.03175076864 0.003769270154
0.04523124185 -0.03175076864 0.01130781046
0.04523124185 -0.03175076864 0.01507708062
-0.04334660677 -0.02867317245 -0.01696171569
-0.04334660677 -0.02867317245 -0.01319244554
-0.04334660677 -0.02867317245 -0.005653905231
-0.04334660677 -0.02867317245 -0.001884635077
-0.04334660677 -0.02867317245 0.001884635077
-0.04334660677 -0.02867317245 0.005653905231
-0.04334660677 -0.02867317245 0.009423175384
-0.04334660677 -0.02867317245 0.01696171569
-0.03957733661 -0.02867317245 -0.024500256
-0.03957733661 -0.02867317245 -0.02073098585
-0.03957733661 -0.02867317245 -0.01696171569
-0.03957733661 -0.02867317245 -0.009423175384
-0.03957733661 -0.02867317245 -0.005653905231
-0.03957733661 -0.02867317245 -0.001884635077
-0.03957733661 -0.02867317245 0.001884635077
-0.03957733661 -0.02867317245 0.009423175384
-0.03957733661 -0.02867317245 0.01319244554
-0.03957733661 -0.02867317245 0.01696171569
-0.03957733661 -0.02867317245 0.02073098585
-0.03580806646 -0.02867317245 -0.02826952615
-0.03580806646 -0.02867317245 -0.024500256
-0.03580806646 -0.02867317245 -0.02073098585
-0.03580806646 -0.02867317245 -0.01696171569
-0.03580806646 -0.02867317245 -0.009423175384
-0.03580806646 -0.02867317245 -0.005653905231
-0.03580806646 -0.02867317245 -0.001884635077
-0.03580806646 -0.02867317245 0.001884635077
-0.03580806646 -0.02867317245 0.009423175384
-0.03580806646 -0.02867317245 0.01319244554
-0.03580806646 -0.02867317245 0.01696171569
-0.03580806646 -0.02867317245 0.02073098585
-0.03580806646 -0.02867317245 0.02826952615
-0.03203879631 -0.02867317245 -0.03203879631
-0.03203879631 -0.02867317245 -0.02826952615
-0.03203879631 -0.02867317245 -0.024500256
-0.03203879631 -0.02867317245 -0.01696171569
-0.03203879631 -0.02867317245 -0.01319244554
-0.03203879631 -0.02867317245 -0.009423175384
-0.03203879631 -0.02867317245 -0.005653905231
-0.03203879631 -0.02867317245 0.001884635077
-0.03203879631 -0.02867317245 0.005653905231
-0.03203879631 -0.02867317245 0.009423175384
-0.03203879631 -0.02867317245 0.01319244554
-0.03203879631 -0.02867317245 0.02073098585
-0.03203879631 -0.02867317245 0.024500256
-0.03203879631 -0.02867317245 0.02826952615
-0.03203879631 -0.02867317245 0.03203879631
-0.02826952615 -0.02867317245 -0.03203879631
-0.02826952615 -0.02867317245 -0.02826952615
-0.02826952615 -0.02867317245 -0.024500256
-0.02826952615 -0.02867317245 -0.02073098585
-0.02826952615 -0.02867317245 -0.01319244554
-0.02826952615 -0.02867317245 -0.009423175384
-0.02826952615 -0.02867317245 -0.005653905231
-0.02826952615 -0.02867317245 -0.001884635077
-0.02826952615 -0.02867317245 0.005653905231
-0.02826952615 -0.02867317245 0.009423175384
-0.02826952615 -0.02867317245 0.01319244554
-0.02826952615 -0.02867317245 0.01696171569
-0.02826952615 -0.02867317245 0.024500256
-0.02826952615 -0.02867317245 0.02826952615
-0.02826952615 -0.02867317245 0.03203879631
-0.02826952615 -0.02867317245 0.03580806646
-0.024500256 -0.02867317245 -0.03580806646
-0.024500256 -0.02867317245 -0.03203879631
-0.024500256 -0.02867317245 -0.02826952615
-0.024500256 -0.02867317245 -0.024500256
-0.024500256 -0.02867317245 -0.01696171569
-0.024500256 -0.02867317245 -0.01319244554
-0.024500256 -0.02867317245 -0.009423175384
-0.024500256 -0.02867317245 -0.005653905231
-0.024500256 -0.02867317245 0.001884635077
-0.024500256 -0.02867317245 0.005653905231
-0.024500256 -0.02867317245 0.009423175384
-0.024500256 -0.02867317245 0.01319244554
-0.024500256 -0.02867317245 0.02073098585
-0.024500256 -0.02867317245 0.024500256
-0.024500256 -0.02867317245 0.02826952615
-0.024500256 -0.02867317245 0.03203879631
-0.024500256 -0.02867317245 0.03957733661
-0.02073098585 -0.02867317245 -0.03957733661
-0.02073098585 -0.02867317245 -0.03580806646
-0.02073098585 -0.02867317245 -0.03203879631
-0.02073098585 -0.02867317245 -0.024500256
-0.02073098585 -0.02867317245 -0.02073098585
-0.02073098585 -0.02867317245 -0.01696171569
-0.02073098585 -0.02867317245 -0.01319244554
-0.02073098585 -0.02867317245 -0.009423175384
-0.02073098585 -0.02867317245 -0.001884635077
-0.02073098585 -0.02867317245 0.001884635077
-0.02073098585 -0.02867317245 0.005653905231
-0.02073098585 -0.02867317245 0.009423175384
-0.02073098585 -0.02867317245 0.01696171569
-0.02073098585 -0.02867317245 0.02073098585
-0.02073098585 -0.02867317245 0.024500256
-0.02073098585 -0.02867317245 0.02826952615
-0.02073098585 -0.02867317245 0.03580806646
-0.02073098585 -0.02867317245 0.03957733661
-0.01696171569 -0.02867317245 -0.04334660677
-0.01696171569 -0.02867317245 -0.03957733661
-0.01696171569 -0.02867317245 -0.03203879631
-0.01696171569 -0.02867317245 -0.02826952615
-0.01696171569 -0.02867317245 -0.024500256
-0.01696171569 -0.02867317245 -0.02073098585
-0.01696171569 -0.02867317245 -0.01319244554
-0.01696171569 -0.02867317245 -0.009423175384
-0.01696171569 -0.02867317245 -0.005653905231
-0.01696171569 -0.02867317245 -0.001884635077
-0.01696171569 -0.02867317245 0.005653905231
-0.01696171569 -0.02867317245 0.009423175384
-0.01696171569 -0.02867317245 0.01319244554
-0.01696171569 -0.02867317245 0.01696171569
-0.01696171569 -0.02867317245 0.024500256
-0.01696171569 -0.02867317245 0.02826952615
-0.01696171569 -0.02867317245 0.03203879631
-0.01696171569 -0.02867317245 0.03580806646
-0.01696171569 -0.02867317245 0.04334660677
-0.01319244554 -0.02867317245 -0.04334660677
-0.01319244554 -0.02867317245 -0.03957733661
-0.01319244554 -0.02867317245 -0.03580806646
-0.01319244554 -0.02867317245 -0.02826952615
-0.01319244554 -0.02867317245 -0.024500256
-0.01319244554 -0.02867317245 -0.02073098585
-0.01319244554 -0.02867317245 -0.01696171569
-0.01319244554 -0.02867317245 -0.009423175384
-0.01319244554 -0.02867317245 -0.005653905231
-0.01319244554 -0.02867317245 -0.001884635077
-0.01319244554 -0.02867317245 0.001884635077
-0.01319244554 -0.02867317245 0.009423175384
-0.01319244554 -0.02867317245 0.01319244554
-0.01319244554 -0.02867317245 0.01696171569
-0.01319244554 -0.02867317245 0.02073098585
-0.01319244554 -0.02867317245 0.02826952615
-0.01319244554 -0.02867317245 0.03203879631
-0.01319244554 -0.02867317245 0.03580806646
-0.01319244554 -0.02867317245 0.03957733661
-0.009423175384 -0.02867317245 -0.04334660677
-0.009423175384 -0.02867317245 -0.03957733661
-0.009423175384 -0.02867317245 -0.03580806646
-0.009423175384 -0.02867317245 -0.03203879631
-0.009423175384 -0.02867317245 -0.024500256
-0.009423175384 -0.02867317245 -0.02073098585
-0.009423175384 -0.02867317245 -0.01696171569
-0.009423175384 -0.02867317245 -0.01319244554
-0.009423175384 -0.02867317245 -0.005653905231
-0.009423175384 -0.02867317245 -0.001884635077
-0.009423175384 -0.02867317245 0.001884635077
-0.009423175384 -0.02867317245 0.005653905231
-0.009423175384 -0.02867317245 0.01319244554
-0.009423175384 -0.02867317245 0.01696171569
-0.009423175384 -0.02867317245 0.02073098585
-0.009423175384 -0.02867317245 0.024500256
-0.009423175384 -0.02867317245 0.03203879631
-0.009423175384 -0.02867317245 0.03580806646
-0.009423175384 -0.02867317245 0.03957733661
-0.009423175384 -0.02867317245 0.04334660677
-0.005653905231 -0.02867317245 -0.03957733661
-0.005653905231 -0.02867317245 -0.03580806646
-0.005653905231 -0.02867317245 -0.03203879631
-0.005653905231 -0.02867317245 -0.02826952615
-0.005653905231 -0.02867317245 -0.02073098585
-0.005653905231 -0.02867317245 -0.01696171569
-0.005653905231 -0.02867317245 -0.01319244554
-0.005653905231 -0.02867317245 -0.009423175384
-0.005653905231 -0.02867317245 -0.001884635077
-0.005653905231 -0.02867317245 0.001884635077
-0.005653905231 -0.02867317245 0.005653905231
-0.005653905231 -0.02867317245 0.009423175384
-0.005653905231 -0.02867317245 0.01319244554
-0.005653905231 -0.02867317245 0.02073098585
-0.005653905231 -0.02867317245 0.024500256
-0.005653905231 -0.02867317245 0.02826952615
-0.005653905231 -0.02867317245 0.03203879631
-0.005653905231 -0.02867317245 0.03957733661
-0.005653905231 -0.02867317245 0.04334660677
-0.005653905231 -0.02867317245 0.04711587692
-0.001884635077 -0.02867317245 -0.04334660677
-0.001884635077 -0.02867317245 -0.03580806646
-0.001884635077 -0.02867317245 -0.03203879631
-0.001884635077 -0.02867317245 -0.02826952615
-0.001884635077 -0.02867317245 -0.024500256
-0.001884635077 -0.02867317245 -0.01696171569
-0.001884635077 -0.02867317245 -0.01319244554
-0.001884635077 -0.02867317245 -0.009423175384
-0.001884635077 -0.02867317245 -0.005653905231
-0.001884635077 -0.02867317245 0.001884635077
-0.001884635077 -0.02867317245 0.005653905231
-0.001884635077 -0.02867317245 0.009423175384
-0.001884635077 -0.02867317245 0.01319244554
-0.001884635077 -0.02867317245 0.02073098585
-0.001884635077 -0.02867317245 0.024500256
-0.001884635077 -0.02867317245 0.02826952615
-0.001884635077 -0.02867317245 0.03203879631
-0.001884635077 -0.02867317245 0.03957733661
-0.001884635077 -0.02867317245 0.04334660677
-0.001884635077 -0.02867317245 0.04711587692
0.001884635077 -0.02867317245 -0.04334660677
0.001884635077 -0.02867317245 -0.03580806646
0.001884635077 -0.02867317245 -0.03203879631
0.001884635077 -0.02867317245 -0.02826952615
0.001884635077 -0.02867317245 -0.024500256
0.001884635077 -0.02867317245 -0.01696171569
0.001884635077 -0.02867317245 -0.01319244554
0.001884635077 -0.02867317245 -0.009423175384
0.001884635077 -0.02867317245 -0.005653905231
0.001884635077 -0.02867317245 0.001884635077
0.001884635077 -0.02867317245 0.005653905231
0.001884635077 -0.02867317245 0.009423175384
0.001884635077 -0.02867317245 0.01319244554
0.001884635077 -0.02867317245 0.02073098585
0.001884635077 -0.02867317245 0.024500256
0.001884635077 -0.02867317245 0.02826952615
0.001884635077 -0.02867317245 0.03203879631
0.001884635077 -0.02867317245 0.03957733661
0.001884635077 -0.02867317245 0.04334660677
0.001884635077 -0.02867317245 0.04711587692
0.005653905231 -0.02867317245 -0.04334660677
0.005653905231 -0.02867317245 -0.03580806646
0.005653905231 -0.02867317245 -0.03203879631
0.005653905231 -0.02867317245 -0.02826952615
0.005653905231 -0.02867317245 -0.024500256
0.005653905231 -0.02867317245 -0.01696171569
0.005653905231 -0.02867317245 -0.01319244554
0.005653905231 -0.02867317245 -0.009423175384
0.005653905231 -0.02867317245 -0.005653905231
0.005653905231 -0.02867317245 0.001884635077
0.005653905231 -0.02867317245 0.005653905231
0.005653905231 -0.02867317245 0.009423175384
0.005653905231 -0.02867317245 0.01319244554
0.005653905231 -0.02867317245 0.02073098585
0.005653905231 -0.02867317245 0.024500256
0.005653905231 -0.02867317245 0.02826952615
0.005653905231 -0.02867317245 0.03203879631
0.005653905231 -0.02867317245 0.03957733661
0.005653905231 -0.02867317245 0.04334660677
0.005653905231 -0.02867317245 0.04711587692
0.009423175384 -0.02867317245 -0.04334660677
0.009423175384 -0.02867317245 -0.03580806646
0.009423175384 -0.02867317245 -0.03203879631
0.009423175384 -0.02867317245 -0.02826952615
0.009423175384 -0.02867317245 -0.024500256
0.009423175384 -0.02867317245 -0.01696171569
0.009423175384 -0.02867317245 -0.01319244554
0.009423175384 -0.02867317245 -0.009423175384
0.009423175384 -0.02867317245 -0.005653905231
0.009423175384 -0.02867317245 0.001884635077
0.009423175384 -0.02867317245 0.005653905231
0.009423175384 -0.02867317245 0.009423175384
0.009423175384 -0.02867317245 0.01319244554
0.009423175384 -0.02867317245 0.01696171569
0.009423175384 -0.02867317245 0.024500256
0.009423175384 -0.02867317245 0.02826952615
0.009423175384 -0.02867317245 0.03203879631
0.009423175384 -0.02867317245 0.03580806646
0.009423175384 -0.02867317245 0.04334660677
0.01319244554 -0.02867317245 -0.04334660677
0.01319244554 -0.02867317245 -0.03957733661
0.01319244554 -0.02867317245 -0.03580806646
0.01319244554 -0.02867317245 -0.02826952615
0.01319244554 -0.02867317245 -0.024500256
0.01319244554 -0.02867317245 -0.02073098585
0.01319244554 -0.02867317245 -0.01696171569
0.01319244554 -0.02867317245 -0.009423175384
0.01319244554 -0.02867317245 -0.005653905231
0.01319244554 -0.02867317245 -0.001884635077
0.01319244554 -0.02867317245 0.001884635077
0.01319244554 -0.02867317245 0.009423175384
0.01319244554 -0.02867317245 0.01319244554
0.01319244554 -0.02867317245 0.01696171569
0.01319244554 -0.02867317245 0.02073098585
0.01319244554 -0.02867317245 0.02826952615
0.01319244554 -0.02867317245 0.03203879631
0.01319244554 -0.02867317245 0.03580806646
0.01319244554 -0.02867317245 0.03957733661
0.01696171569 -0.02867317245 -0.04334660677
0.01696171569 -0.02867317245 -0.03957733661
0.01696171569 -0.02867317245 -0.03580806646
0.01696171569 -0.02867317245 -0.03203879631
0.01696171569 -0.02867317245 -0.024500256
0.01696171569 -0.02867317245 -0.02073098585
0.01696171569 -0.02867317245 -0.01696171569
0.01696171569 -0.02867317245 -0.01319244554
0.01696171569 -0.02867317245 -0.005653905231
0.01696171569 -0.02867317245 -0.001884635077
0.01696171569 -0.02867317245 0.001884635077
0.01696171569 -0.02867317245 0.005653905231
0.01696171569 -0.02867317245 0.01319244554
0.01696171569 -0.02867317245 0.01696171569
0.01696171569 -0.02867317245 0.02073098585
0.01696171569 -0.02867317245 0.024500256
0.01696171569 -0.02867317245 0.03203879631
0.01696171569 -0.02867317245 0.03580806646
0.01696171569 -0.02867317245 0.03957733661
0.01696171569 -0.02867317245 0.04334660677
0.02073098585 -0.02867317245 -0.03580806646
0.02073098585 -0.02867317245 -0.03203879631
0.02073098585 -0.02867317245 -0.02826952615
0.02073098585 -0.02867317245 -0.024500256
0.02073098585 -0.02867317245 -0.01696171569
0.02073098585 -0.02867317245 -0.01319244554
0.02073098585 -0.02867317245 -0.009423175384
0.02073098585 -0.02867317245 -0.005653905231
0.02073098585 -0.02867317245 0.001884635077
0.02073098585 -0.02867317245 0.005653905231
0.02073098585 -0.02867317245 0.009423175384
0.02073098585 -0.02867317245 0.01319244554
0.02073098585 -0.02867317245 0.02073098585
0.02073098585 -0.02867317245 0.024500256
0.02073098585 -0.02867317245 0.02826952615
0.02073098585 -0.02867317245 0.03203879631
0.02073098585 -0.02867317245 0.03957733661
0.024500256 -0.02867317245 -0.03957733661
0.024500256 -0.02867317245 -0.03580806646
0.024500256 -0.02867317245 -0.03203879631
0.024500256 -0.02867317245 -0.024500256
0.024500256 -0.02867317245 -0.02073098585
0.024500256 -0.02867317245 -0.01696171569
0.024500256 -0.02867317245 -0.01319244554
0.024500256 -0.02867317245 -0.005653905231
0.024500256 -0.02867317245 -0.001884635077
0.024500256 -0.02867317245 0.001884635077
0.024500256 -0.02867317245 0.005653905231
0.024500256 -0.02867317245 0.01319244554
0.024500256 -0.02867317245 0.01696171569
0.024500256 -0.02867317245 0.02073098585
0.024500256 -0.02867317245 0.024500256
0.024500256 -0.02867317245 0.03203879631
0.024500256 -0.02867317245 0.03580806646
0.024500256 -0.02867317245 0.03957733661
0.02826952615 -0.02867317245 -0.03580806646
0.02826952615 -0.02867317245 -0.03203879631
0.02826952615 -0.02867317245 -0.024500256
0.02826952615 -0.02867317245 -0.02073098585
0.02826952615 -0.02867317245 -0.01696171569
0.02826952615 -0.02867317245 -0.01319244554
0.02826952615 -0.02867317245 -0.005653905231
0.02826952615 -0.02867317245 -0.001884635077
0.02826952615 -0.02867317245 0.001884635077
0.02826952615 -0.02867317245 0.005653905231
0.02826952615 -0.02867317245 0.01319244554
0.02826952615 -0.02867317245 0.01696171569
0.02826952615 -0.02867317245 0.02073098585
0.02826952615 -0.02867317245 0.024500256
0.02826952615 -0.02867317245 0.03203879631
0.02826952615 -0.02867317245 0.03580806646
0.03203879631 -0.02867317245 -0.03203879631
0.03203879631 -0.02867317245 -0.02826952615
0.03203879631 -0.02867317245 -0.02073098585
0.03203879631 -0.02867317245 -0.01696171569
0.03203879631 -0.02867317245 -0.01319244554
0.03203879631 -0.02867317245 -0.009423175384
0.03203879631 -0.02867317245 -0.001884635077
0.03203879631 -0.02867317245 0.001884635077
0.03203879631 -0.02867317245 0.005653905231
0.03203879631 -0.02867317245 0.009423175384
0.03203879631 -0.02867317245 0.01696171569
0.03203879631 -0.02867317245 0.02073098585
0.03203879631 -0.02867317245 0.024500256
0.03203879631 -0.02867317245 0.02826952615
0.03580806646 -0.02867317245 -0.02826952615
0.03580806646 -0.02867317245 -0.024500256
0.03580806646 -0.02867317245 -0.02073098585
0.03580806646 -0.02867317245 -0.01696171569
0.03580806646 -0.02867317245 -0.009423175384
0.03580806646 -0.02867317245 -0.005653905231
0.03580806646 -0.02867317245 -0.001884635077
0.03580806646 -0.02867317245 0.001884635077
0.03580806646 -0.02867317245 0.009423175384
0.03580806646 -0.02867317245 0.01319244554
0.03580806646 -0.02867317245 0.01696171569
0.03580806646 -0.02867317245 0.02073098585
0.03580806646 -0.02867317245 0.02826952615
0.03957733661 -0.02867317245 -0.024500256
0.03957733661 -0.02867317245 -0.02073098585
0.03957733661 -0.02867317245 -0.01696171569
0.03957733661 -0.02867317245 -0.009423175384
0.03957733661 -0.02867317245 -0.005653905231
0.03957733661 -0.02867317245 -0.001884635077
0.03957733661 -0.02867317245 0.001884635077
0.03957733661 -0.02867317245 0.009423175384
0.03957733661 -0.02867317245 0.01319244554
0.03957733661 -0.02867317245 0.01696171569
0.03957733661 -0.02867317245 0.02073098585
0.04334660677 -0.02867317245 -0.01696171569
0.04334660677 -0.02867317245 -0.01319244554
0.04334660677 -0.02867317245 -0.009423175384
0.04334660677 -0.02867317245 -0.005653905231
0.04334660677 -0.02867317245 0.001884635077
0.04334660677 -0.02867317245 0.005653905231
0.04334660677 -0.02867317245 0.009423175384
0.04334660677 -0.02867317245 0.01319244554
0.04711587692 -0.02867317245 -0.005653905231
0.04711587692 -0.02867317245 -0.001884635077
0.04711587692 -0.02867317245 0.001884635077
0.04711587692 -0.02867317245 0.005653905231
-0.04523124185 -0.02559557625 -0.01130781046
-0.04523124185 -0.02559557625 -0.007538540308
-0.04523124185 -0.02559557625 -0.003769270154
-0.04523124185 -0.02559557625 4.33680869e-18
-0.04523124185 -0.02559557625 0.007538540308
-0.04523124185 -0.02559557625 0.01130781046
-0.04523124185 -0.02559557625 0.01507708062
-0.04146197169 -0.02559557625 -0.02261562092
-0.04146197169 -0.02559557625 -0.01507708062
-0.04146197169 -0.02559557625 -0.01130781046
-0.04146197169 -0.02559557625 -0.007538540308
-0.04146197169 -0.02559557625 -0.003769270154
-0.04146197169 -0.02559557625 0.003769270154
-0.04146197169 -0.02559557625 0.007538540308
-0.04146197169 -0.02559557625 0.01130781046
-0.04146197169 -0.02559557625 0.01507708062
-0.04146197169 -0.02559557625 0.01884635077
-0.03769270154 -0.02559557625 -0.02638489108
-0.03769270154 -0.02559557625 -0.02261562092
-0.03769270154 -0.02559557625 -0.01884635077
-0.03769270154 -0.02559557625 -0.01507708062
-0.03769270154 -0.02559557625 -0.007538540308
-0.03769270154 -0.02559557625 -0.003769270154
-0.03769270154 -0.02559557625 4.33680869e-18
-0.03769270154 -0.02559557625 0.003769270154
-0.03769270154 -0.02559557625 0.01130781046
-0.03769270154 -0.02559557625 0.01507708062
-0.03769270154 -0.02559557625 0.01884635077
-0.03769270154 -0.02559557625 0.02261562092
-0.03392343138 -0.02559557625 -0.03015416123
-0.03392343138 -0.02559557625 -0.02638489108
-0.03392343138 -0.02559557625 -0.02261562092
-0.03392343138 -0.02559557625 -0.01884635077
-0.03392343138 -0.02559557625 -0.01130781046
-0.03392343138 -0.02559557625 -0.007538540308
-0.03392343138 -0.02559557625 -0.003769270154
-0.03392343138 -0.02559557625 4.33680869e-18
-0.03392343138 -0.02559557625 0.007538540308
-0.03392343138 -0.02559557625 0.01130781046
-0.03392343138 -0.02559557625 0.01507708062
-0.03392343138 -0.02559557625 0.01884635077
-0.03392343138 -0.02559557625 0.02638489108
-0.03392343138 -0.02559557625 0.03015416123
-0.03015416123 -0.02559557625 -0.03392343138
-0.03015416123 -0.02559557625 -0.03015416123
-0.03015416123 -0.02559557625 -0.02261562092
-0.03015416123 -0.02559557625 -0.01884635077
-0.03015416123 -0.02559557625 -0.01507708062
-0.03015416123 -0.02559557625 -0.01130781046
-0.03015416123 -0.02559557625 -0.003769270154
-0.03015416123 -0.02559557625 4.33680869e-18
-0.03015416123 -0.02559557625 0.003769270154
-0.03015416123 -0.02559557625 0.007538540308
-0.03015416123 -0.02559557625 0.01507708062
-0.03015416123 -0.02559557625 0.01884635077
-0.03015416123 -0.02559557625 0.02261562092
-0.03015416123 -0.02559557625 0.02638489108
-0.03015416123 -0.02559557625 0.03392343138
-0.02638489108 -0.02559557625 -0.03769270154
-0.02638489108 -0.02559557625 -0.03392343138
-0.02638489108 -0.02559557625 -0.03015416123
-0.02638489108 -0.02559557625 -0.02261562092
-0.02638489108 -0.02559557625 -0.01884635077
-0.02638489108 -0.02559557625 -0.01507708062
-0.02638489108 -0.02559557625 -0.01130781046
-0.02638489108 -0.02559557625 -0.003769270154
-0.02638489108 -0.02559557625 4.33680869e-18
-0.02638489108 -0.02559557625 0.003769270154
-0.02638489108 -0.02559557625 0.007538540308
-0.02638489108 -0.02559557625 0.01507708062
-0.02638489108 -0.02559557625 0.01884635077
-0.02638489108 -0.02559557625 0.02261562092
-0.02638489108 -0.02559557625 0.02638489108
-0.02638489108 -0.02559557625 0.03392343138
-0.02638489108 -0.02559557625 0.03769270154
-0.02261562092 -0.02559557625 -0.04146197169
-0.02261562092 -0.02559557625 -0.03769270154
-0.02261562092 -0.02559557625 -0.03015416123
-0.02261562092 -0.02559557625 -0.02638489108
-0.02261562092 -0.02559557625 -0.02261562092
-0.02261562092 -0.02559557625 -0.01884635077
-0.02261562092 -0.02559557625 -0.01130781046
-0.02261562092 -0.02559557625 -0.007538540308
-0.02261562092 -0.02559557625 -0.003769270154
-0.02261562092 -0.02559557625 4.33680869e-18
-0.02261562092 -0.02559557625 0.007538540308
-0.02261562092 -0.02559557625 0.01130781046
-0.02261562092 -0.02559557625 0.01507708062
-0.02261562092 -0.02559557625 0.01884635077
-0.02261562092 -0.02559557625 0.02638489108
-0.02261562092 -0.02559557625 0.03015416123
-0.02261562092 -0.02559557625 0.03392343138
-0.02261562092 -0.02559557625 0.03769270154
-0.01884635077 -0.02559557625 -0.04146197169
-0.01884635077 -0.02559557625 -0.03769270154
-0.01884635077 -0.02559557625 -0.03392343138
-0.01884635077 -0.02559557625 -0.03015416123
-0.01884635077 -0.02559557625 -0.02638489108
-0.01884635077 -0.02559557625 -0.01884635077
-0.01884635077 -0.02559557625 -0.01507708062
-0.01884635077 -0.02559557625 -0.01130781046
-0.01884635077 -0.02559557625 -0.007538540308
-0.01884635077 -0.02559557625 4.33680869e-18
-0.01884635077 -0.02559557625 0.003769270154
-0.01884635077 -0.02559557625 0.007538540308
-0.01884635077 -0.02559557625 0.01130781046
-0.01884635077 -0.02559557625 0.01884635077
-0.01884635077 -0.02559557625 0.02261562092
-0.01884635077 -0.02559557625 0.02638489108
-0.01884635077 -0.02559557625 0.03015416123
-0.01884635077 -0.02559557625 0.03769270154
-0.01884635077 -0.02559557625 0.04146197169
-0.01507708062 -0.02559557625 -0.04523124185
-0.01507708062 -0.02559557625 -0.04146197169
-0.01507708062 -0.02559557625 -0.03392343138
-0.01507708062 -0.02559557625 -0.03015416123
-0.01507708062 -0.02559557625 -0.02638489108
-0.01507708062 -0.02559557625 -0.02261562092
-0.01507708062 -0.02559557625 -0.01507708062
-0.01507708062 -0.02559557625 -0.01130781046
-0.01507708062 -0.02559557625 -0.007538540308
-0.01507708062 -0.02559557625 -0.003769270154
-0.01507708062 -0.02559557625 0.003769270154
-0.01507708062 -0.02559557625 0.007538540308
-0.01507708062 -0.02559557625 0.01130781046
-0.01507708062 -0.02559557625 0.01507708062
-0.01507708062 -0.02559557625 0.02261562092
-0.01507708062 -0.02559557625 0.02638489108
-0.01507708062 -0.02559557625 0.03015416123
-0.01507708062 -0.02559557625 0.03392343138
-0.01507708062 -0.02559557625 0.04146197169
-0.01507708062 -0.02559557625 0.04523124185
-0.01130781046 -0.02559557625 -0.04523124185
-0.01130781046 -0.02559557625 -0.04146197169
-0.01130781046 -0.02559557625 -0.03392343138
-0.01130781046 -0.02559557625 -0.03015416123
-0.01130781046 -0.02559557625 -0.02638489108
-0.01130781046 -0.02559557625 -0.02261562092
-0.01130781046 -0.02559557625 -0.01507708062
-0.01130781046 -0.02559557625 -0.01130781046
-0.01130781046 -0.02559557625 -0.007538540308
-0.01130781046 -0.02559557625 -0.003769270154
-0.01130781046 -0.02559557625 0.003769270154
-0.01130781046 -0.02559557625 0.007538540308
-0.01130781046 -0.02559557625 0.01130781046
-0.01130781046 -0.02559557625 0.01507708062
-0.01130781046 -0.02559557625 0.02261562092
-0.01130781046 -0.02559557625 0.02638489108
-0.01130781046 -0.02559557625 0.03015416123
-0.01130781046 -0.02559557625 0.03392343138
-0.01130781046 -0.02559557625 0.04146197169
-0.01130781046 -0.02559557625 0.04523124185
-0.007538540308 -0.02559557625 -0.04523124185
-0.007538540308 -0.02559557625 -0.04146197169
-0.007538540308 -0.02559557625 -0.03392343138
-0.007538540308 -0.02559557625 -0.03015416123
-0.007538540308 -0.02559557625 -0.02638489108
-0.007538540308 -0.02559557625 -0.02261562092
-0.007538540308 -0.02559557625 -0.01507708062
-0.007538540308 -0.02559557625 -0.01130781046
-0.007538540308 -0.02559557625 -0.007538540308
-0.007538540308 -0.02559557625 -0.003769270154
-0.007538540308 -0.02559557625 0.003769270154
-0.007538540308 -0.02559557625 0.007538540308
-0.007538540308 -0.02559557625 0.01130781046
-0.007538540308 -0.02559557625 0.01507708062
-0.007538540308 -0.02559557625 0.02261562092
-0.007538540308 -0.02559557625 0.02638489108
-0.007538540308 -0.02559557625 0.03015416123
-0.007538540308 -0.02559557625 0.03392343138
-0.007538540308 -0.02559557625 0.04146197169
-0.007538540308 -0.02559557625 0.04523124185
-0.003769270154 -0.02559557625 -0.04523124185
-0.003769270154 -0.02559557625 -0.04146197169
-0.003769270154 -0.02559557625 -0.03392343138
-0.003769270154 -0.02559557625 -0.03015416123
-0.003769270154 -0.02559557625 -0.02638489108
-0.003769270154 -0.02559557625 -0.02261562092
-0.003769270154 -0.02559557625 -0.01884635077
-0.003769270154 -0.02559557625 -0.01130781046
-0.003769270154 -0.02559557625 -0.007538540308
-0.003769270154 -0.02559557625 -0.003769270154
-0.003769270154 -0.02559557625 4.33680869e-18
-0.003769270154 -0.02559557625 0.007538540308
-0.003769270154 -0.02559557625 0.01130781046
-0.003769270154 -0.02559557625 0.01507708062
-0.003769270154 -0.02559557625 0.01884635077
-0.003769270154 -0.02559557625 0.02638489108
-0.003769270154 -0.02559557625 0.03015416123
-0.003769270154 -0.02559557625 0.03392343138
-0.003769270154 -0.02559557625 0.03769270154
-0.003769270154 -0.02559557625 0.04523124185
4.33680869e-18 -0.02559557625 -0.04523124185
4.33680869e-18 -0.02559557625 -0.04146197169
4.33680869e-18 -0.02559557625 -0.03769270154
4.33680869e-18 -0.02559557625 -0.03015416123
4.33680869e-18 -0.02559557625 -0.02638489108
4.33680869e-18 -0.02559557625 -0.02261562092
4.33680869e-18 -0.02559557625 -0.01884635077
4.33680869e-18 -0.02559557625 -0.01130781046
4.33680869e-18 -0.02559557625 -0.007538540308
4.33680869e-18 -0.02559557625 -0.003769270154
4.33680869e-18 -0.02559557625 4.33680869e-18
4.33680869e-18 -0.02559557625 0.007538540308
4.33680869e-18 -0.02559557625 0.01130781046
4.33680869e-18 -0.02559557625 0.01507708062
4.33680869e-18 -0.02559557625 0.01884635077
4.33680869e-18 -0.02559557625 0.02638489108
4.33680869e-18 -0.02559557625 0.03015416123
4.33680869e-18 -0.02559557625 0.03392343138
4.33680869e-18 -0.02559557625 0.03769270154
4.33680869e-18 -0.02559557625 0.04523124185
0.003769270154 -0.02559557625 -0.04523124185
0.003769270154 -0.02559557625 -0.04146197169
0.003769270154 -0.02559557625 -0.03769270154
0.003769270154 -0.02559557625 -0.03015416123
0.003769270154 -0.02559557625 -0.02638489108
0.003769270154 -0.02559557625 -0.02261562092
0.003769270154 -0.02559557625 -0.01884635077
0.003769270154 -0.02559557625 -0.01130781046
0.003769270154 -0.02559557625 -0.007538540308
0.003769270154 -0.02559557625 -0.003769270154
0.003769270154 -0.02559557625 4.33680869e-18
0.003769270154 -0.02559557625 0.007538540308
0.003769270154 -0.02559557625 0.01130781046
0.003769270154 -0.02559557625 0.01507708062
0.003769270154 -0.02559557625 0.01884635077
0.003769270154 -0.02559557625 0.02638489108
0.003769270154 -0.02559557625 0.03015416123
0.003769270154 -0.02559557625 0.03392343138
0.003769270154 -0.02559557625 0.03769270154
0.003769270154 -0.02559557625 0.04523124185
0.007538540308 -0.02559557625 -0.04523124185
0.007538540308 -0.02559557625 -0.04146197169
0.007538540308 -0.02559557625 -0.03769270154
0.007538540308 -0.02559557625 -0.03015416123
0.007538540308 -0.02559557625 -0.02638489108
0.007538540308 -0.02559557625 -0.02261562092
0.007538540308 -0.02559557625 -0.01884635077
0.007538540308 -0.02559557625 -0.01130781046
0.007538540308 -0.02559557625 -0.007538540308
0.007538540308 -0.02559557625 -0.003769270154
0.007538540308 -0.02559557625 4.33680869e-18
0.007538540308 -0.02559557625 0.007538540308
0.007538540308 -0.02559557625 0.01130781046
0.007538540308 -0.02559557625 0.01507708062
0.007538540308 -0.02559557625 0.01884635077
0.007538540308 -0.02559557625 0.02638489108
0.007538540308 -0.02559557625 0.03015416123
0.007538540308 -0.02559557625 0.03392343138
0.007538540308 -0.02559557625 0.03769270154
0.007538540308 -0.02559557625 0.04523124185
0.01130781046 -0.02559557625 -0.04523124185
0.01130781046 -0.02559557625 -0.04146197169
0.01130781046 -0.02559557625 -0.03769270154
0.01130781046 -0.02559557625 -0.03392343138
0.01130781046 -0.02559557625 -0.02638489108
0.01130781046 -0.02559557625 -0.02261562092
0.01130781046 -0.02559557625 -0.01884635077
0.01130781046 -0.02559557625 -0.01507708062
0.01130781046 -0.02559557625 -0.007538540308
0.01130781046 -0.02559557625 -0.003769270154
0.01130781046 -0.02559557625 4.33680869e-18
0.01130781046 -0.02559557625 0.003769270154
0.01130781046 -0.02559557625 0.01130781046
0.01130781046 -0.02559557625 0.01507708062
0.01130781046 -0.02559557625 0.01884635077
0.01130781046 -0.02559557625 0.02261562092
0.01130781046 -0.02559557625 0.03015416123
0.01130781046 -0.02559557625 0.03392343138
0.01130781046 -0.02559557625 0.03769270154
0.01130781046 -0.02559557625 0.04146197169
0.01507708062 -0.02559557625 -0.04523124185
0.01507708062 -0.02559557625 -0.04146197169
0.01507708062 -0.02559557625 -0.03769270154
0.01507708062 -0.02559557625 -0.03392343138
0.01507708062 -0.02559557625 -0.02638489108
0.01507708062 -0.02559557625 -0.02261562092
0.01507708062 -0.02559557625 -0.01884635077
0.01507708062 -0.02559557625 -0.01507708062
0.01507708062 -0.02559557625 -0.007538540308
0.01507708062 -0.02559557625 -0.003769270154
0.01507708062 -0.02559557625 4.33680869e-18
0.01507708062 -0.02559557625 0.003769270154
0.01507708062 -0.02559557625 0.01130781046
0.01507708062 -0.02559557625 0.01507708062
0.01507708062 -0.02559557625 0.01884635077
0.01507708062 -0.02559557625 0.02261562092
0.01507708062 -0.02559557625 0.03015416123
0.01507708062 -0.02559557625 0.03392343138
0.01507708062 -0.02559557625 0.03769270154
0.01507708062 -0.02559557625 0.04146197169
0.01884635077 -0.02559557625 -0.04146197169
0.01884635077 -0.02559557625 -0.03769270154
0.01884635077 -0.02559557625 -0.03392343138
0.01884635077 -0.02559557625 -0.03015416123
0.01884635077 -0.02559557625 -0.02261562092
0.01884635077 -0.02559557625 -0.01884635077
0.01884635077 -0.02559557625 -0.01507708062
0.01884635077 -0.02559557625 -0.01130781046
0.01884635077 -0.02559557625 -0.003769270154
0.01884635077 -0.02559557625 4.33680869e-18
0.01884635077 -0.02559557625 0.003769270154
0.01884635077 -0.02559557625 0.007538540308
0.01884635077 -0.02559557625 0.01507708062
0.01884635077 -0.02559557625 0.01884635077
0.01884635077 -0.02559557625 0.02261562092
0.01884635077 -0.02559557625 0.02638489108
0.01884635077 -0.02559557625 0.03392343138
0.01884635077 -0.02559557625 0.03769270154
0.01884635077 -0.02559557625 0.04146197169
0.02261562092 -0.02559557625 -0.04146197169
0.02261562092 -0.02559557625 -0.03392343138
0.02261562092 -0.02559557625 -0.03015416123
0.02261562092 -0.02559557625 -0.02638489108
0.02261562092 -0.02559557625 -0.02261562092
0.02261562092 -0.02559557625 -0.01507708062
0.02261562092 -0.02559557625 -0.01130781046
0.02261562092 -0.02559557625 -0.007538540308
0.02261562092 -0.02559557625 -0.003769270154
0.02261562092 -0.02559557625 0.003769270154
0.02261562092 -0.02559557625 0.007538540308
0.02261562092 -0.02559557625 0.01130781046
0.02261562092 -0.02559557625 0.01507708062
0.02261562092 -0.02559557625 0.02261562092
0.02261562092 -0.02559557625 0.02638489108
0.02261562092 -0.02559557625 0.03015416123
0.02261562092 -0.02559557625 0.03392343138
0.02261562092 -0.02559557625 0.04146197169
0.02638489108 -0.02559557625 -0.03769270154
0.02638489108 -0.02559557625 -0.03392343138
0.02638489108 -0.02559557625 -0.03015416123
0.02638489108 -0.02559557625 -0.02261562092
0.02638489108 -0.02559557625 -0.01884635077
0.02638489108 -0.02559557625 -0.01507708062
0.02638489108 -0.02559557625 -0.01130781046
0.02638489108 -0.02559557625 -0.007538540308
0.02638489108 -0.02559557625 4.33680869e-18
0.02638489108 -0.02559557625 0.003769270154
0.02638489108 -0.02559557625 0.007538540308
0.02638489108 -0.02559557625 0.01130781046
0.02638489108 -0.02559557625 0.01884635077
0.02638489108 -0.02559557625 0.02261562092
0.02638489108 -0.02559557625 0.02638489108
0.02638489108 -0.02559557625 0.03015416123
0.02638489108 -0.02559557625 0.03769270154
0.03015416123 -0.02559557625 -0.03392343138
0.03015416123 -0.02559557625 -0.03015416123
0.03015416123 -0.02559557625 -0.02638489108
0.03015416123 -0.02559557625 -0.01884635077
0.03015416123 -0.02559557625 -0.01507708062
0.03015416123 -0.02559557625 -0.01130781046
0.03015416123 -0.02559557625 -0.007538540308
0.03015416123 -0.02559557625 4.33680869e-18
0.03015416123 -0.02559557625 0.003769270154
0.03015416123 -0.02559557625 0.007538540308
0.03015416123 -0.02559557625 0.01130781046
0.03015416123 -0.02559557625 0.01884635077
0.03015416123 -0.02559557625 0.02261562092
0.03015416123 -0.02559557625 0.02638489108
0.03015416123 -0.02559557625 0.03015416123
0.03392343138 -0.02559557625 -0.03015416123
0.03392343138 -0.02559557625 -0.02638489108
0.03392343138 -0.02559557625 -0.02261562092
0.03392343138 -0.02559557625 -0.01884635077
0.03392343138 -0.02559557625 -0.01130781046
0.03392343138 -0.02559557625 -0.007538540308
0.03392343138 -0.02559557625 -0.003769270154
0.03392343138 -0.02559557625 4.33680869e-18
0.03392343138 -0.02559557625 0.007538540308
0.03392343138 -0.02559557625 0.01130781046
0.03392343138 -0.02559557625 0.01507708062
0.03392343138 -0.02559557625 0.01884635077
0.03392343138 -0.02559557625 0.02638489108
0.03392343138 -0.02559557625 0.03015416123
0.03769270154 -0.02559557625 -0.02638489108
0.03769270154 -0.02559557625 -0.02261562092
0.03769270154 -0.02559557625 -0.01507708062
0.03769270154 -0.02559557625 -0.01130781046
0.03769270154 -0.02559557625 -0.007538540308
0.03769270154 -0.02559557625 -0.003769270154
0.03769270154 -0.02559557625 0.003769270154
0.03769270154 -0.02559557625 0.007538540308
0.03769270154 -0.02559557625 0.01130781046
0.03769270154 -0.02559557625 0.01507708062
0.03769270154 -0.02559557625 0.02261562092
0.03769270154 -0.02559557625 0.02638489108
0.04146197169 -0.02559557625 -0.02261562092
0.04146197169 -0.02559557625 -0.01884635077
0.04146197169 -0.02559557625 -0.01130781046
0.04146197169 -0.02559557625 -0.007538540308
0.04146197169 -0.02559557625 -0.003769270154
0.04146197169 -0.02559557625 4.33680869e-18
0.04146197169 -0.02559557625 0.007538540308
0.04146197169 -0.02559557625 0.01130781046
0.04146197169 -0.02559557625 0.01507708062
0.04146197169 -0.02559557625 0.01884635077
0.04523124185 -0.02559557625 -0.01507708062
0.04523124185 -0.02559557625 -0.01130781046
0.04523124185 -0.02559557625 -0.007538540308
0.04523124185 -0.02559557625 -0.003769270154
0.04523124185 -0.02559557625 0.003769270154
0.04523124185 -0.02559557625 0.007538540308
0.04523124185 -0.02559557625 0.01130781046
0.04523124185 -0.02559557625 0.01507708062
-0.04334660677 -0.02251798006 -0.01319244554
-0.04334660677 -0.02251798006 -0.009423175384
-0.04334660677 -0.02251798006 -0.005653905231
-0.04334660677 -0.02251798006 -0.001884635077
-0.04334660677 -0.02251798006 0.005653905231
-0.04334660677 -0.02251798006 0.009423175384
-0.04334660677 -0.02251798006 0.01319244554
-0.04334660677 -0.02251798006 0.01696171569
-0.03957733661 -0.02251798006 -0.02073098585
-0.03957733661 -0.02251798006 -0.01696171569
-0.03957733661 -0.02251798006 -0.01319244554
-0.03957733661 -0.02251798006 -0.009423175384
-0.03957733661 -0.02251798006 -0.005653905231
-0.03957733661 -0.02251798006 0.001884635077
-0.03957733661 -0.02251798006 0.005653905231
-0.03957733661 -0.02251798006 0.009423175384
-0.03957733661 -0.02251798006 0.01319244554
-0.03957733661 -0.02251798006 0.02073098585
-0.03957733661 -0.02251798006 0.024500256
-0.03580806646 -0.02251798006 -0.02826952615
-0.03580806646 -0.02251798006 -0.024500256
-0.03580806646 -0.02251798006 -0.01696171569
-0.03580806646 -0.02251798006 -0.01319244554
-0.03580806646 -0.02251798006 -0.009423175384
-0.03580806646 -0.02251798006 -0.005653905231
-0.03580806646 -0.02251798006 0.001884635077
-0.03580806646 -0.02251798006 0.005653905231
-0.03580806646 -0.02251798006 0.009423175384
-0.03580806646 -0.02251798006 0.01319244554
-0.03580806646 -0.02251798006 0.02073098585
-0.03580806646 -0.02251798006 0.024500256
-0.03580806646 -0.02251798006 0.02826952615
-0.03203879631 -0.02251798006 -0.03203879631
-0.03203879631 -0.02251798006 -0.024500256
-0.03203879631 -0.02251798006 -0.02073098585
-0.03203879631 -0.02251798006 -0.01696171569
-0.03203879631 -0.02251798006 -0.01319244554
-0.03203879631 -0.02251798006 -0.005653905231
-0.03203879631 -0.02251798006 -0.001884635077
-0.03203879631 -0.02251798006 0.001884635077
-0.03203879631 -0.02251798006 0.005653905231
-0.03203879631 -0.02251798006 0.01319244554
-0.03203879631 -0.02251798006 0.01696171569
-0.03203879631 -0.02251798006 0.02073098585
-0.03203879631 -0.02251798006 0.024500256
-0.03203879631 -0.02251798006 0.03203879631
-0.02826952615 -0.02251798006 -0.03580806646
-0.02826952615 -0.02251798006 -0.03203879631
-0.02826952615 -0.02251798006 -0.02826952615
-0.02826952615 -0.02251798006 -0.02073098585
-0.02826952615 -0.02251798006 -0.01696171569
-0.02826952615 -0.02251798006 -0.01319244554
-0.02826952615 -0.02251798006 -0.009423175384
-0.02826952615 -0.02251798006 -0.001884635077
-0.02826952615 -0.02251798006 0.001884635077
-0.02826952615 -0.02251798006 0.005653905231
-0.02826952615 -0.02251798006 0.009423175384
-0.02826952615 -0.02251798006 0.01696171569
-0.02826952615 -0.02251798006 0.02073098585
-0.02826952615 -0.02251798006 0.024500256
-0.02826952615 -0.02251798006 0.02826952615
-0.02826952615 -0.02251798006 0.03580806646
-0.024500256 -0.02251798006 -0.03957733661
-0.024500256 -0.02251798006 -0.03580806646
-0.024500256 -0.02251798006 -0.03203879631
-0.024500256 -0.02251798006 -0.024500256
-0.024500256 -0.02251798006 -0.02073098585
-0.024500256 -0.02251798006 -0.01696171569
-0.024500256 -0.02251798006 -0.01319244554
-0.024500256 -0.02251798006 -0.005653905231
-0.024500256 -0.02251798006 -0.001884635077
-0.024500256 -0.02251798006 0.001884635077
-0.024500256 -0.02251798006 0.005653905231
-0.024500256 -0.02251798006 0.01319244554
-0.024500256 -0.02251798006 0.01696171569
-0.024500256 -0.02251798006 0.02073098585
-0.024500256 -0.02251798006 0.024500256
-0.024500256 -0.02251798006 0.03203879631
-0.024500256 -0.02251798006 0.03580806646
-0.024500256 -0.02251798006 0.03957733661
-0.02073098585 -0.02251798006 -0.03957733661
-0.02073098585 -0.02251798006 -0.03203879631
-0.02073098585 -0.02251798006 -0.02826952615
-0.02073098585 -0.02251798006 -0.024500256
-0.02073098585 -0.02251798006 -0.02073098585
-0.02073098585 -0.02251798006 -0.01319244554
-0.02073098585 -0.02251798006 -0.009423175384
-0.02073098585 -0.02251798006 -0.005653905231
-0.02073098585 -0.02251798006 -0.001884635077
-0.02073098585 -0.02251798006 0.005653905231
-0.02073098585 -0.02251798006 0.009423175384
-0.02073098585 -0.02251798006 0.01319244554
-0.02073098585 -0.02251798006 0.01696171569
-0.02073098585 -0.02251798006 0.02073098585
-0.02073098585 -0.02251798006 0.02826952615
-0.02073098585 -0.02251798006 0.03203879631
-0.02073098585 -0.02251798006 0.03580806646
-0.02073098585 -0.02251798006 0.03957733661
-0.01696171569 -0.02251798006 -0.03957733661
-0.01696171569 -0.02251798006 -0.03580806646
-0.01696171569 -0.02251798006 -0.03203879631
-0.01696171569 -0.02251798006 -0.02826952615
-0.01696171569 -0.02251798006 -0.02073098585
-0.01696171569 -0.02251798006 -0.01696171569
-0.01696171569 -0.02251798006 -0.01319244554
-0.01696171569 -0.02251798006 -0.009423175384
-0.01696171569 -0.02251798006 -0.001884635077
-0.01696171569 -0.02251798006 0.001884635077
-0.01696171569 -0.02251798006 0.005653905231
-0.01696171569 -0.02251798006 0.009423175384
-0.01696171569 -0.02251798006 0.01696171569
-0.01696171569 -0.02251798006 0.02073098585
-0.01696171569 -0.02251798006 0.024500256
-0.01696171569 -0.02251798006 0.02826952615
-0.01696171569 -0.02251798006 0.03580806646
-0.01696171569 -0.02251798006 0.03957733661
-0.01696171569 -0.02251798006 0.04334660677
-0.01319244554 -0.02251798006 -0.04334660677
-0.01319244554 -0.02251798006 -0.03580806646
-0.01319244554 -0.02251798006 -0.03203879631
-0.01319244554 -0.02251798006 -0.02826952615
-0.01319244554 -0.02251798006 -0.024500256
-0.01319244554 -0.02251798006 -0.01696171569
-0.01319244554 -0.02251798006 -0.01319244554
-0.01319244554 -0.02251798006 -0.009423175384
-0.01319244554 -0.02251798006 -0.005653905231
-0.01319244554 -0.02251798006 0.001884635077
-0.01319244554 -0.02251798006 0.005653905231
-0.01319244554 -0.02251798006 0.009423175384
-0.01319244554 -0.02251798006 0.01319244554
-0.01319244554 -0.02251798006 0.02073098585
-0.01319244554 -0.02251798006 0.024500256
-0.01319244554 -0.02251798006 0.02826952615
-0.01319244554 -0.02251798006 0.03203879631
-0.01319244554 -0.02251798006 0.03957733661
-0.01319244554 -0.02251798006 0.04334660677
-0.009423175384 -0.02251798006 -0.04334660677
-0.009423175384 -0.02251798006 -0.03957733661
-0.009423175384 -0.02251798006 -0.03203879631
-0.009423175384 -0.02251798006 -0.02826952615
-0.009423175384 -0.02251798006 -0.024500256
-0.009423175384 -0.02251798006 -0.02073098585
-0.009423175384 -0.02251798006 -0.01319244554
-0.009423175384 -0.02251798006 -0.009423175384
-0.009423175384 -0.02251798006 -0.005653905231
-0.009423175384 -0.02251798006 -0.001884635077
-0.009423175384 -0.02251798006 0.005653905231
-0.009423175384 -0.02251798006 0.009423175384
-0.009423175384 -0.02251798006 0.01319244554
-0.009423175384 -0.02251798006 0.01696171569
-0.009423175384 -0.02251798006 0.024500256
-0.009423175384 -0.02251798006 0.02826952615
-0.009423175384 -0.02251798006 0.03203879631
-0.009423175384 -0.02251798006 0.03580806646
-0.009423175384 -0.02251798006 0.04334660677
-0.005653905231 -0.02251798006 -0.04334660677
-0.005653905231 -0.02251798006 -0.03957733661
-0.005653905231 -0.02251798006 -0.03580806646
-0.005653905231 -0.02251798006 -0.02826952615
-0.005653905231 -0.02251798006 -0.024500256
-0.005653905231 -0.02251798006 -0.02073098585
-0.005653905231 -0.02251798006 -0.01696171569
-0.005653905231 -0.02251798006 -0.009423175384
-0.005653905231 -0.02251798006 -0.005653905231
-0.005653905231 -0.02251798006 -0.001884635077
-0.005653905231 -0.02251798006 0.001884635077
-0.005653905231 -0.02251798006 0.009423175384
-0.005653905231 -0.02251798006 0.01319244554
-0.005653905231 -0.02251798006 0.01696171569
-0.005653905231 -0.02251798006 0.02073098585
-0.005653905231 -0.02251798006 0.02826952615
-0.005653905231 -0.02251798006 0.03203879631
-0.005653905231 -0.02251798006 0.03580806646
-0.005653905231 -0.02251798006 0.03957733661
-0.005653905231 -0.02251798006 0.04334660677
-0.001884635077 -0.02251798006 -0.04334660677
-0.001884635077 -0.02251798006 -0.03957733661
-0.001884635077 -0.02251798006 -0.03580806646
-0.001884635077 -0.02251798006 -0.03203879631
-0.001884635077 -0.02251798006 -0.024500256
-0.001884635077 -0.02251798006 -0.02073098585
-0.001884635077 -0.02251798006 -0.01696171569
-0.001884635077 -0.02251798006 -0.01319244554
-0.001884635077 -0.02251798006 -0.005653905231
-0.001884635077 -0.02251798006 -0.001884635077
-0.001884635077 -0.02251798006 0.001884635077
-0.001884635077 -0.02251798006 0.005653905231
-0.001884635077 -0.02251798006 0.01319244554
-0.001884635077 -0.02251798006 0.01696171569
-0.001884635077 -0.02251798006 0.02073098585
-0.001884635077 -0.02251798006 0.024500256
-0.001884635077 -0.02251798006 0.03203879631
-0.001884635077 -0.02251798006 0.03580806646
-0.001884635077 -0.02251798006 0.03957733661
-0.001884635077 -0.02251798006 0.04334660677
0.001884635077 -0.02251798006 -0.04334660677
0.001884635077 -0.02251798006 -0.03957733661
0.001884635077 -0.02251798006 -0.03580806646
0.001884635077 -0.02251798006 -0.03203879631
0.001884635077 -0.02251798006 -0.024500256
0.001884635077 -0.02251798006 -0.02073098585
0.001884635077 -0.02251798006 -0.01696171569
0.001884635077 -0.02251798006 -0.01319244554
0.001884635077 -0.02251798006 -0.005653905231
0.001884635077 -0.02251798006 -0.001884635077
0.001884635077 -0.02251798006 0.001884635077
0.001884635077 -0.02251798006 0.005653905231
0.001884635077 -0.02251798006 0.01319244554
0.001884635077 -0.02251798006 0.01696171569
0.001884635077 -0.02251798006 0.02073098585
0.001884635077 -0.02251798006 0.024500256
0.001884635077 -0.02251798006 0.03203879631
0.001884635077 -0.02251798006 0.03580806646
0.001884635077 -0.02251798006 0.03957733661
0.001884635077 -0.02251798006 0.04334660677
0.005653905231 -0.02251798006 -0.04334660677
0.005653905231 -0.02251798006 -0.03957733661
0.005653905231 -0.02251798006 -0.03580806646
0.005653905231 -0.02251798006 -0.03203879631
0.005653905231 -0.02251798006 -0.024500256
0.005653905231 -0.02251798006 -0.02073098585
0.005653905231 -0.02251798006 -0.01696171569
0.005653905231 -0.02251798006 -0.01319244554
0.005653905231 -0.02251798006 -0.005653905231
0.005653905231 -0.02251798006 -0.001884635077
0.005653905231 -0.02251798006 0.001884635077
0.005653905231 -0.02251798006 0.005653905231
0.005653905231 -0.02251798006 0.01319244554
0.005653905231 -0.02251798006 0.01696171569
0.005653905231 -0.02251798006 0.02073098585
0.005653905231 -0.02251798006 0.024500256
0.005653905231 -0.02251798006 0.03203879631
0.005653905231 -0.02251798006 0.03580806646
0.005653905231 -0.02251798006 0.03957733661
0.005653905231 -0.02251798006 0.04334660677
0.009423175384 -0.02251798006 -0.04334660677
0.009423175384 -0.02251798006 -0.03957733661
0.009423175384 -0.02251798006 -0.03580806646
0.009423175384 -0.02251798006 -0.03203879631
0.009423175384 -0.02251798006 -0.024500256
0.009423175384 -0.02251798006 -0.02073098585
0.009423175384 -0.02251798006 -0.01696171569
0.009423175384 -0.02251798006 -0.01319244554
0.009423175384 -0.02251798006 -0.005653905231
0.009423175384 -0.02251798006 -0.001884635077
0.009423175384 -0.02251798006 0.001884635077
0.009423175384 -0.02251798006 0.005653905231
0.009423175384 -0.02251798006 0.01319244554
0.009423175384 -0.02251798006 0.01696171569
0.009423175384 -0.02251798006 0.02073098585
0.009423175384 -0.02251798006 0.024500256
0.009423175384 -0.02251798006 0.03203879631
0.009423175384 -0.02251798006 0.03580806646
0.009423175384 -0.02251798006 0.03957733661
0.009423175384 -0.02251798006 0.04334660677
0.01319244554 -0.02251798006 -0.04334660677
0.01319244554 -0.02251798006 -0.03580806646
0.01319244554 -0.02251798006 -0.03203879631
0.01319244554 -0.02251798006 -0.02826952615
0.01319244554 -0.02251798006 -0.024500256
0.01319244554 -0.02251798006 -0.01696171569
0.01319244554 -0.02251798006 -0.01319244554
0.01319244554 -0.02251798006 -0.009423175384
0.01319244554 -0.02251798006 -0.005653905231
0.01319244554 -0.02251798006 0.001884635077
0.01319244554 -0.02251798006 0.005653905231
0.01319244554 -0.02251798006 0.009423175384
0.01319244554 -0.02251798006 0.01319244554
0.01319244554 -0.02251798006 0.02073098585
0.01319244554 -0.02251798006 0.024500256
0.01319244554 -0.02251798006 0.02826952615
0.01319244554 -0.02251798006 0.03203879631
0.01319244554 -0.02251798006 0.03957733661
0.01319244554 -0.02251798006 0.04334660677
0.01696171569 -0.02251798006 -0.04334660677
0.01696171569 -0.02251798006 -0.03957733661
0.01696171569 -0.02251798006 -0.03203879631
0.01696171569 -0.02251798006 -0.02826952615
0.01696171569 -0.02251798006 -0.024500256
0.01696171569 -0.02251798006 -0.02073098585
0.01696171569 -0.02251798006 -0.01319244554
0.01696171569 -0.02251798006 -0.009423175384
0.01696171569 -0.02251798006 -0.005653905231
0.01696171569 -0.02251798006 -0.001884635077
0.01696171569 -0.02251798006 0.005653905231
0.01696171569 -0.02251798006 0.009423175384
0.01696171569 -0.02251798006 0.01319244554
0.01696171569 -0.02251798006 0.01696171569
0.01696171569 -0.02251798006 0.024500256
0.01696171569 -0.02251798006 0.02826952615
0.01696171569 -0.02251798006 0.03203879631
0.01696171569 -0.02251798006 0.03580806646
0.01696171569 -0.02251798006 0.04334660677
0.02073098585 -0.02251798006 -0.03957733661
0.02073098585 -0.02251798006 -0.03580806646
0.02073098585 -0.02251798006 -0.03203879631
0.02073098585 -0.02251798006 -0.024500256
0.02073098585 -0.02251798006 -0.02073098585
0.02073098585 -0.02251798006 -0.01696171569
0.02073098585 -0.02251798006 -0.01319244554
0.02073098585 -0.02251798006 -0.005653905231
0.02073098585 -0.02251798006 -0.001884635077
0.02073098585 -0.02251798006 0.001884635077
0.02073098585 -0.02251798006 0.005653905231
0.02073098585 -0.02251798006 0.01319244554
0.02073098585 -0.02251798006 0.01696171569
0.02073098585 -0.02251798006 0.02073098585
0.02073098585 -0.02251798006 0.024500256
0.02073098585 -0.02251798006 0.03203879631
0.02073098585 -0.02251798006 0.03580806646
0.02073098585 -0.02251798006 0.03957733661
0.024500256 -0.02251798006 -0.03957733661
0.024500256 -0.02251798006 -0.03203879631
0.024500256 -0.02251798006 -0.02826952615
0.024500256 -0.02251798006 -0.024500256
0.024500256 -0.02251798006 -0.02073098585
0.024500256 -0.02251798006 -0.01319244554
0.024500256 -0.02251798006 -0.009423175384
0.024500256 -0.02251798006 -0.005653905231
0.024500256 -0.02251798006 -0.001884635077
0.024500256 -0.02251798006 0.005653905231
0.024500256 -0.02251798006 0.009423175384
0.024500256 -0.02251798006 0.01319244554
0.024500256 -0.02251798006 0.01696171569
0.024500256 -0.02251798006 0.024500256
0.024500256 -0.02251798006 0.02826952615
0.024500256 -0.02251798006 0.03203879631
0.024500256 -0.02251798006 0.03580806646
0.02826952615 -0.02251798006 -0.03580806646
0.02826952615 -0.02251798006 -0.03203879631
0.02826952615 -0.02251798006 -0.02826952615
0.02826952615 -0.02251798006 -0.024500256
0.02826952615 -0.02251798006 -0.01696171569
0.02826952615 -0.02251798006 -0.01319244554
0.02826952615 -0.02251798006 -0.009423175384
0.02826952615 -0.02251798006 -0.005653905231
0.02826952615 -0.02251798006 -0.001884635077
0.02826952615 -0.02251798006 0.005653905231
0.02826952615 -0.02251798006 0.009423175384
0.02826952615 -0.02251798006 0.01319244554
0.02826952615 -0.02251798006 0.01696171569
0.02826952615 -0.02251798006 0.024500256
0.02826952615 -0.02251798006 0.02826952615
0.02826952615 -0.02251798006 0.03203879631
0.02826952615 -0.02251798006 0.03580806646
0.03203879631 -0.02251798006 -0.02826952615
0.03203879631 -0.02251798006 -0.024500256
0.03203879631 -0.02251798006 -0.02073098585
0.03203879631 -0.02251798006 -0.01696171569
0.03203879631 -0.02251798006 -0.009423175384
0.03203879631 -0.02251798006 -0.005653905231
0.03203879631 -0.02251798006 -0.001884635077
0.03203879631 -0.02251798006 0.001884635077
0.03203879631 -0.02251798006 0.009423175384
0.03203879631 -0.02251798006 0.01319244554
0.03203879631 -0.02251798006 0.01696171569
0.03203879631 -0.02251798006 0.02073098585
0.03203879631 -0.02251798006 0.02826952615
0.03203879631 -0.02251798006 0.03203879631
0.03580806646 -0.02251798006 -0.02826952615
0.03580806646 -0.02251798006 -0.024500256
0.03580806646 -0.02251798006 -0.01696171569
0.03580806646 -0.02251798006 -0.01319244554
0.03580806646 -0.02251798006 -0.009423175384
0.03580806646 -0.02251798006 -0.005653905231
0.03580806646 -0.02251798006 0.001884635077
0.03580806646 -0.02251798006 0.005653905231
0.03580806646 -0.02251798006 0.009423175384
0.03580806646 -0.02251798006 0.01319244554
0.03580806646 -0.02251798006 0.02073098585
0.03580806646 -0.02251798006 0.024500256
0.03580806646 -0.02251798006 0.02826952615
0.03957733661 -0.02251798006 -0.024500256
0.03957733661 -0.02251798006 -0.01696171569
0.03957733661 -0.02251798006 -0.01319244554
0.03957733661 -0.02251798006 -0.009423175384
0.03957733661 -0.02251798006 -0.005653905231
0.03957733661 -0.02251798006 0.001884635077
0.03957733661 -0.02251798006 0.005653905231
0.03957733661 -0.02251798006 0.009423175384
0.03957733661 -0.02251798006 0.01319244554
0.03957733661 -0.02251798006 0.02073098585
0.03957733661 -0.02251798006 0.024500256
0.04334660677 -0.02251798006 -0.01696171569
0.04334660677 -0.02251798006 -0.01319244554
0.04334660677 -0.02251798006 -0.005653905231
0.04334660677 -0.02251798006 -0.001884635077
0.04334660677 -0.02251798006 0.001884635077
0.04334660677 -0.02251798006 0.005653905231
0.04334660677 -0.02251798006 0.01319244554
0.04334660677 -0.02251798006 0.01696171569
0.04711587692 -0.02251798006 -0.005653905231
0.04711587692 -0.02251798006 -0.001884635077
0.04711587692 -0.02251798006 0.005653905231
-0.04523124185 -0.01944038387 -0.01507708062
-0.04523124185 -0.01944038387 -0.01130781046
-0.04523124185 -0.01944038387 -0.007538540308
-0.04523124185 -0.01944038387 4.33680869e-18
-0.04523124185 -0.01944038387 0.003769270154
-0.04523124185 -0.01944038387 0.007538540308
-0.04523124185 -0.01944038387 0.01130781046
-0.04146197169 -0.01944038387 -0.02261562092
-0.04146197169 -0.01944038387 -0.01884635077
-0.04146197169 -0.01944038387 -0.01507708062
-0.04146197169 -0.01944038387 -0.01130781046
-0.04146197169 -0.01944038387 -0.003769270154
-0.04146197169 -0.01944038387 4.33680869e-18
-0.04146197169 -0.01944038387 0.003769270154
-0.04146197169 -0.01944038387 0.007538540308
-0.04146197169 -0.01944038387 0.01507708062
-0.04146197169 -0.01944038387 0.01884635077
-0.04146197169 -0.01944038387 0.02261562092
-0.03769270154 -0.01944038387 -0.02638489108
-0.03769270154 -0.01944038387 -0.01884635077
-0.03769270154 -0.01944038387 -0.01507708062
-0.03769270154 -0.01944038387 -0.01130781046
-0.03769270154 -0.01944038387 -0.007538540308
-0.03769270154 -0.01944038387 -0.003769270154
-0.03769270154 -0.01944038387 0.003769270154
-0.03769270154 -0.01944038387 0.007538540308
-0.03769270154 -0.01944038387 0.01130781046
-0.03769270154 -0.01944038387 0.01507708062
-0.03769270154 -0.01944038387 0.02261562092
-0.03769270154 -0.01944038387 0.02638489108
-0.03392343138 -0.01944038387 -0.03015416123
-0.03392343138 -0.01944038387 -0.02638489108
-0.03392343138 -0.01944038387 -0.01884635077
-0.03392343138 -0.01944038387 -0.01507708062
-0.03392343138 -0.01944038387 -0.01130781046
-0.03392343138 -0.01944038387 -0.007538540308
-0.03392343138 -0.01944038387 4.33680869e-18
-0.03392343138 -0.01944038387 0.003769270154
-0.03392343138 -0.01944038387 0.007538540308
-0.03392343138 -0.01944038387 0.01130781046
-0.03392343138 -0.01944038387 0.01884635077
-0.03392343138 -0.01944038387 0.02261562092
-0.03392343138 -0.01944038387 0.02638489108
-0.03392343138 -0.01944038387 0.03015416123
-0.03015416123 -0.01944038387 -0.03015416123
-0.03015416123 -0.01944038387 -0.02638489108
-0.03015416123 -0.01944038387 -0.02261562092
-0.03015416123 -0.01944038387 -0.01884635077
-0.03015416123 -0.01944038387 -0.01130781046
-0.03015416123 -0.01944038387 -0.007538540308
-0.03015416123 -0.01944038387 -0.003769270154
-0.03015416123 -0.01944038387 4.33680869e-18
-0.03015416123 -0.01944038387 0.007538540308
-0.03015416123 -0.01944038387 0.01130781046
-0.03015416123 -0.01944038387 0.01507708062
-0.03015416123 -0.01944038387 0.01884635077
-0.03015416123 -0.01944038387 0.02638489108
-0.03015416123 -0.01944038387 0.03015416123
-0.03015416123 -0.01944038387 0.03392343138
-0.02638489108 -0.01944038387 -0.03769270154
-0.02638489108 -0.01944038387 -0.03015416123
-0.02638489108 -0.01944038387 -0.02638489108
-0.02638489108 -0.01944038387 -0.02261562092
-0.02638489108 -0.01944038387 -0.01884635077
-0.02638489108 -0.01944038387 -0.01130781046
-0.02638489108 -0.01944038387 -0.007538540308
-0.02638489108 -0.01944038387 -0.003769270154
-0.02638489108 -0.01944038387 4.33680869e-18
-0.02638489108 -0.01944038387 0.007538540308
-0.02638489108 -0.01944038387 0.01130781046
-0.02638489108 -0.01944038387 0.01507708062
-0.02638489108 -0.01944038387 0.01884635077
-0.02638489108 -0.01944038387 0.02638489108
-0.02638489108 -0.01944038387 0.03015416123
-0.02638489108 -0.01944038387 0.03392343138
-0.02638489108 -0.01944038387 0.03769270154
-0.02261562092 -0.01944038387 -0.03769270154
-0.02261562092 -0.01944038387 -0.03392343138
-0.02261562092 -0.01944038387 -0.03015416123
-0.02261562092 -0.01944038387 -0.02638489108
-0.02261562092 -0.01944038387 -0.01884635077
-0.02261562092 -0.01944038387 -0.01507708062
-0.02261562092 -0.01944038387 -0.01130781046
-0.02261562092 -0.01944038387 -0.007538540308
-0.02261562092 -0.01944038387 4.33680869e-18
-0.02261562092 -0.01944038387 0.003769270154
-0.02261562092 -0.01944038387 0.007538540308
-0.02261562092 -0.01944038387 0.01130781046
-0.02261562092 -0.01944038387 0.01884635077
-0.02261562092 -0.01944038387 0.02261562092
-0.02261562092 -0.01944038387 0.02638489108
-0.02261562092 -0.01944038387 0.03015416123
-0.02261562092 -0.01944038387 0.03769270154
-0.02261562092 -0.01944038387 0.04146197169
-0.01884635077 -0.01944038387 -0.04146197169
-0.01884635077 -0.01944038387 -0.03769270154
-0.01884635077 -0.01944038387 -0.03015416123
-0.01884635077 -0.01944038387 -0.02638489108
-0.01884635077 -0.01944038387 -0.02261562092
-0.01884635077 -0.01944038387 -0.01884635077
-0.01884635077 -0.01944038387 -0.01130781046
-0.01884635077 -0.01944038387 -0.007538540308
-0.01884635077 -0.01944038387 -0.003769270154
-0.01884635077 -0.01944038387 4.33680869e-18
-0.01884635077 -0.01944038387 0.003769270154
-0.01884635077 -0.01944038387 0.01130781046
-0.01884635077 -0.01944038387 0.01507708062
-0.01884635077 -0.01944038387 0.01884635077
-0.01884635077 -0.01944038387 0.02261562092
-0.01884635077 -0.01944038387 0.03015416123
-0.01884635077 -0.01944038387 0.03392343138
-0.01884635077 -0.01944038387 0.03769270154
-0.01884635077 -0.01944038387 0.04146197169
-0.01507708062 -0.01944038387 -0.04146197169
-0.01507708062 -0.01944038387 -0.03769270154
-0.01507708062 -0.01944038387 -0.03392343138
-0.01507708062 -0.01944038387 -0.03015416123
-0.01507708062 -0.01944038387 -0.02261562092
-0.01507708062 -0.01944038387 -0.01884635077
-0.01507708062 -0.01944038387 -0.01507708062
-0.01507708062 -0.01944038387 -0.01130781046
-0.01507708062 -0.01944038387 -0.003769270154
-0.01507708062 -0.01944038387 4.33680869e-18
-0.01507708062 -0.01944038387 0.003769270154
-0.01507708062 -0.01944038387 0.007538540308
-0.01507708062 -0.01944038387 0.01507708062
-0.01507708062 -0.01944038387 0.01884635077
-0.01507708062 -0.01944038387 0.02261562092
-0.01507708062 -0.01944038387 0.02638489108
-0.01507708062 -0.01944038387 0.03392343138
-0.01507708062 -0.01944038387 0.03769270154
-0.01507708062 -0.01944038387 0.04146197169
-0.01507708062 -0.01944038387 0.04523124185
-0.01130781046 -0.01944038387 -0.04146197169
-0.01130781046 -0.01944038387 -0.03769270154
-0.01130781046 -0.01944038387 -0.03392343138
-0.01130781046 -0.01944038387 -0.03015416123
-0.01130781046 -0.01944038387 -0.02261562092
-0.01130781046 -0.01944038387 -0.01884635077
-0.01130781046 -0.01944038387 -0.01507708062
-0.01130781046 -0.01944038387 -0.01130781046
-0.01130781046 -0.01944038387 -0.003769270154
-0.01130781046 -0.01944038387 4.33680869e-18
-0.01130781046 -0.01944038387 0.003769270154
-0.01130781046 -0.01944038387 0.007538540308
-0.01130781046 -0.01944038387 0.01507708062
-0.01130781046 -0.01944038387 0.01884635077
-0.01130781046 -0.01944038387 0.02261562092
-0.01130781046 -0.01944038387 0.02638489108
-0.01130781046 -0.01944038387 0.03392343138
-0.01130781046 -0.01944038387 0.03769270154
-0.01130781046 -0.01944038387 0.04146197169
-0.01130781046 -0.01944038387 0.04523124185
-0.007538540308 -0.01944038387 -0.04146197169
-0.007538540308 -0.01944038387 -0.03769270154
-0.007538540308 -0.01944038387 -0.03392343138
-0.007538540308 -0.01944038387 -0.03015416123
-0.007538540308 -0.01944038387 -0.02261562092
-0.007538540308 -0.01944038387 -0.01884635077
-0.007538540308 -0.01944038387 -0.01507708062
-0.007538540308 -0.01944038387 -0.01130781046
-0.007538540308 -0.01944038387 -0.003769270154
-0.007538540308 -0.01944038387 4.33680869e-18
-0.007538540308 -0.01944038387 0.003769270154
-0.007538540308 -0.01944038387 0.007538540308
-0.007538540308 -0.01944038387 0.01507708062
-0.007538540308 -0.01944038387 0.01884635077
-0.007538540308 -0.01944038387 0.02261562092
-0.007538540308 -0.01944038387 0.02638489108
-0.007538540308 -0.01944038387 0.03392343138
-0.007538540308 -0.01944038387 0.03769270154
-0.007538540308 -0.01944038387 0.04146197169
-0.007538540308 -0.01944038387 0.04523124185
-0.003769270154 -0.01944038387 -0.04146197169
-0.003769270154 -0.01944038387 -0.03769270154
-0.003769270154 -0.01944038387 -0.03392343138
-0.003769270154 -0.01944038387 -0.03015416123
-0.003769270154 -0.01944038387 -0.02261562092
-0.003769270154 -0.01944038387 -0.01884635077
-0.003769270154 -0.01944038387 -0.01507708062
-0.003769270154 -0.01944038387 -0.01130781046
-0.003769270154 -0.01944038387 -0.003769270154
-0.003769270154 -0.01944038387 4.33680869e-18
-0.003769270154 -0.01944038387 0.003769270154
-0.003769270154 -0.01944038387 0.007538540308
-0.003769270154 -0.01944038387 0.01130781046
-0.003769270154 -0.01944038387 0.01884635077
-0.003769270154 -0.01944038387 0.02261562092
-0.003769270154 -0.01944038387 0.02638489108
-0.003769270154 -0.01944038387 0.03015416123
-0.003769270154 -0.01944038387 0.03769270154
-0.003769270154 -0.01944038387 0.04146197169
-0.003769270154 -0.01944038387 0.04523124185
4.33680869e-18 -0.01944038387 -0.04523124185
4.33680869e-18 -0.01944038387 -0.03769270154
4.33680869e-18 -0.01944038387 -0.03392343138
4.33680869e-18 -0.01944038387 -0.03015416123
4.33680869e-18 -0.01944038387 -0.02638489108
4.33680869e-18 -0.01944038387 -0.01884635077
4.33680869e-18 -0.01944038387 -0.01507708062
4.33680869e-18 -0.01944038387 -0.01130781046
4.33680869e-18 -0.01944038387 -0.007538540308
4.33680869e-18 -0.01944038387 4.33680869e-18
4.33680869e-18 -0.01944038387 0.003769270154
4.33680869e-18 -0.01944038387 0.007538540308
4.33680869e-18 -0.01944038387 0.01130781046
4.33680869e-18 -0.01944038387 0.01884635077
4.33680869e-18 -0.01944038387 0.02261562092
4.33680869e-18 -0.01944038387 0.02638489108
4.33680869e-18 -0.01944038387 0.03015416123
4.33680869e-18 -0.01944038387 0.03769270154
4.33680869e-18 -0.01944038387 0.04146197169
4.33680869e-18 -0.01944038387 0.04523124185
0.003769270154 -0.01944038387 -0.04523124185
0.003769270154 -0.01944038387 -0.03769270154
0.003769270154 -0.01944038387 -0.03392343138
0.003769270154 -0.01944038387 -0.03015416123
0.003769270154 -0.01944038387 -0.02638489108
0.003769270154 -0.01944038387 -0.01884635077
0.003769270154 -0.01944038387 -0.01507708062
0.003769270154 -0.01944038387 -0.01130781046
0.003769270154 -0.01944038387 -0.007538540308
0.003769270154 -0.01944038387 4.33680869e-18
0.003769270154 -0.01944038387 0.003769270154
0.003769270154 -0.01944038387 0.007538540308
0.003769270154 -0.01944038387 0.01130781046
0.003769270154 -0.01944038387 0.01884635077
0.003769270154 -0.01944038387 0.02261562092
0.003769270154 -0.01944038387 0.02638489108
0.003769270154 -0.01944038387 0.03015416123
0.003769270154 -0.01944038387 0.03769270154
0.003769270154 -0.01944038387 0.04146197169
0.003769270154 -0.01944038387 0.04523124185
0.007538540308 -0.01944038387 -0.04523124185
0.007538540308 -0.01944038387 -0.03769270154
0.007538540308 -0.01944038387 -0.03392343138
0.007538540308 -0.01944038387 -0.03015416123
0.007538540308 -0.01944038387 -0.02638489108
0.007538540308 -0.01944038387 -0.01884635077
0.007538540308 -0.01944038387 -0.01507708062
0.007538540308 -0.01944038387 -0.01130781046
0.007538540308 -0.01944038387 -0.007538540308
0.007538540308 -0.01944038387 4.33680869e-18
0.007538540308 -0.01944038387 0.003769270154
0.007538540308 -0.01944038387 0.007538540308
0.007538540308 -0.01944038387 0.01130781046
0.007538540308 -0.01944038387 0.01884635077
0.007538540308 -0.01944038387 0.02261562092
0.007538540308 -0.01944038387 0.02638489108
0.007538540308 -0.01944038387 0.03015416123
0.007538540308 -0.01944038387 0.03769270154
0.007538540308 -0.01944038387 0.04146197169
0.007538540308 -0.01944038387 0.04523124185
0.01130781046 -0.01944038387 -0.04523124185
0.01130781046 -0.01944038387 -0.03769270154
0.01130781046 -0.01944038387 -0.03392343138
0.01130781046 -0.01944038387 -0.03015416123
0.01130781046 -0.01944038387 -0.02638489108
0.01130781046 -0.01944038387 -0.01884635077
0.01130781046 -0.01944038387 -0.01507708062
0.01130781046 -0.01944038387 -0.01130781046
0.01130781046 -0.01944038387 -0.007538540308
0.01130781046 -0.01944038387 4.33680869e-18
0.01130781046 -0.01944038387 0.003769270154
0.01130781046 -0.01944038387 0.007538540308
0.01130781046 -0.01944038387 0.01130781046
0.01130781046 -0.01944038387 0.01507708062
0.01130781046 -0.01944038387 0.02261562092
0.01130781046 -0.01944038387 0.02638489108
0.01130781046 -0.01944038387 0.03015416123
0.01130781046 -0.01944038387 0.03392343138
0.01130781046 -0.01944038387 0.04146197169
0.01130781046 -0.01944038387 0.04523124185
0.01507708062 -0.01944038387 -0.04523124185
0.01507708062 -0.01944038387 -0.04146197169
0.01507708062 -0.01944038387 -0.03392343138
0.01507708062 -0.01944038387 -0.03015416123
0.01507708062 -0.01944038387 -0.02638489108
0.01507708062 -0.01944038387 -0.02261562092
0.01507708062 -0.01944038387 -0.01507708062
0.01507708062 -0.01944038387 -0.01130781046
0.01507708062 -0.01944038387 -0.007538540308
0.01507708062 -0.01944038387 -0.003769270154
0.01507708062 -0.01944038387 0.003769270154
0.01507708062 -0.01944038387 0.007538540308
0.01507708062 -0.01944038387 0.01130781046
0.01507708062 -0.01944038387 0.01507708062
0.01507708062 -0.01944038387 0.02261562092
0.01507708062 -0.01944038387 0.02638489108
0.01507708062 -0.01944038387 0.03015416123
0.01507708062 -0.01944038387 0.03392343138
0.01507708062 -0.01944038387 0.04146197169
0.01507708062 -0.01944038387 0.04523124185
0.01884635077 -0.01944038387 -0.04146197169
0.01884635077 -0.01944038387 -0.03769270154
0.01884635077 -0.01944038387 -0.03015416123
0.01884635077 -0.01944038387 -0.02638489108
0.01884635077 -0.01944038387 -0.02261562092
0.01884635077 -0.01944038387 -0.01884635077
0.01884635077 -0.01944038387 -0.01130781046
0.01884635077 -0.01944038387 -0.007538540308
0.01884635077 -0.01944038387 -0.003769270154
0.01884635077 -0.01944038387 4.33680869e-18
0.01884635077 -0.01944038387 0.007538540308
0.01884635077 -0.01944038387 0.01130781046
0.01884635077 -0.01944038387 0.01507708062
0.01884635077 -0.01944038387 0.01884635077
0.01884635077 -0.01944038387 0.02638489108
0.01884635077 -0.01944038387 0.03015416123
0.01884635077 -0.01944038387 0.03392343138
0.01884635077 -0.01944038387 0.03769270154
0.02261562092 -0.01944038387 -0.04146197169
0.02261562092 -0.01944038387 -0.03769270154
0.02261562092 -0.01944038387 -0.03392343138
0.02261562092 -0.01944038387 -0.03015416123
0.02261562092 -0.01944038387 -0.02261562092
0.02261562092 -0.01944038387 -0.01884635077
0.02261562092 -0.01944038387 -0.01507708062
0.02261562092 -0.01944038387 -0.01130781046
0.02261562092 -0.01944038387 -0.003769270154
0.02261562092 -0.01944038387 4.33680869e-18
0.02261562092 -0.01944038387 0.003769270154
0.02261562092 -0.01944038387 0.007538540308
0.02261562092 -0.01944038387 0.01507708062
0.02261562092 -0.01944038387 0.01884635077
0.02261562092 -0.01944038387 0.02261562092
0.02261562092 -0.01944038387 0.02638489108
0.02261562092 -0.01944038387 0.03392343138
0.02261562092 -0.01944038387 0.03769270154
0.02261562092 -0.01944038387 0.04146197169
0.02638489108 -0.01944038387 -0.03769270154
0.02638489108 -0.01944038387 -0.03015416123
0.02638489108 -0.01944038387 -0.02638489108
0.02638489108 -0.01944038387 -0.02261562092
0.02638489108 -0.01944038387 -0.01884635077
0.02638489108 -0.01944038387 -0.01130781046
0.02638489108 -0.01944038387 -0.007538540308
0.02638489108 -0.01944038387 -0.003769270154
0.02638489108 -0.01944038387 4.33680869e-18
0.02638489108 -0.01944038387 0.007538540308
0.02638489108 -0.01944038387 0.01130781046
0.02638489108 -0.01944038387 0.01507708062
0.02638489108 -0.01944038387 0.01884635077
0.02638489108 -0.01944038387 0.02261562092
0.02638489108 -0.01944038387 0.03015416123
0.02638489108 -0.01944038387 0.03392343138
0.02638489108 -0.01944038387 0.03769270154
0.03015416123 -0.01944038387 -0.03392343138
0.03015416123 -0.01944038387 -0.02638489108
0.03015416123 -0.01944038387 -0.02261562092
0.03015416123 -0.01944038387 -0.01884635077
0.03015416123 -0.01944038387 -0.01507708062
0.03015416123 -0.01944038387 -0.007538540308
0.03015416123 -0.01944038387 -0.003769270154
0.03015416123 -0.01944038387 4.33680869e-18
0.03015416123 -0.01944038387 0.003769270154
0.03015416123 -0.01944038387 0.01130781046
0.03015416123 -0.01944038387 0.01507708062
0.03015416123 -0.01944038387 0.01884635077
0.03015416123 -0.01944038387 0.02261562092
0.03015416123 -0.01944038387 0.03015416123
0.03015416123 -0.01944038387 0.03392343138
0.03392343138 -0.01944038387 -0.03015416123
0.03392343138 -0.01944038387 -0.02638489108
0.03392343138 -0.01944038387 -0.01884635077
0.03392343138 -0.01944038387 -0.01507708062
0.03392343138 -0.01944038387 -0.01130781046
0.03392343138 -0.01944038387 -0.007538540308
0.03392343138 -0.01944038387 4.33680869e-18
0.03392343138 -0.01944038387 0.003769270154
0.03392343138 -0.01944038387 0.007538540308
0.03392343138 -0.01944038387 0.01130781046
0.03392343138 -0.01944038387 0.01884635077
0.03392343138 -0.01944038387 0.02261562092
0.03392343138 -0.01944038387 0.02638489108
0.03392343138 -0.01944038387 0.03015416123
0.03769270154 -0.01944038387 -0.02261562092
0.03769270154 -0.01944038387 -0.01884635077
0.03769270154 -0.01944038387 -0.01507708062
0.03769270154 -0.01944038387 -0.01130781046
0.03769270154 -0.01944038387 -0.003769270154
0.03769270154 -0.01944038387 4.33680869e-18
0.03769270154 -0.01944038387 0.003769270154
0.03769270154 -0.01944038387 0.007538540308
0.03769270154 -0.01944038387 0.01507708062
0.03769270154 -0.01944038387 0.01884635077
0.03769270154 -0.01944038387 0.02261562092
0.03769270154 -0.01944038387 0.02638489108
0.04146197169 -0.01944038387 -0.01884635077
0.04146197169 -0.01944038387 -0.01507708062
0.04146197169 -0.01944038387 -0.01130781046
0.04146197169 -0.01944038387 -0.007538540308
0.04146197169 -0.01944038387 4.33680869e-18
0.04146197169 -0.01944038387 0.003769270154
0.04146197169 -0.01944038387 0.007538540308
0.04146197169 -0.01944038387 0.01130781046
0.04146197169 -0.01944038387 0.01884635077
0.04146197169 -0.01944038387 0.02261562092
0.04523124185 -0.01944038387 -0.01507708062
0.04523124185 -0.01944038387 -0.01130781046
0.04523124185 -0.01944038387 -0.003769270154
0.04523124185 -0.01944038387 4.33680869e-18
0.04523124185 -0.01944038387 0.003769270154
0.04523124185 -0.01944038387 0.007538540308
0.04523124185 -0.01944038387 0.01507708062
-0.04334660677 -0.01636278767 -0.01696171569
-0.04334660677 -0.01636278767 -0.01319244554
-0.04334660677 -0.01636278767 -0.009423175384
-0.04334660677 -0.01636278767 -0.001884635077
-0.04334660677 -0.01636278767 0.001884635077
-0.04334660677 -0.01636278767 0.005653905231
-0.04334660677 -0.01636278767 0.009423175384
-0.04334660677 -0.01636278767 0.01696171569
-0.03957733661 -0.01636278767 -0.024500256
-0.03957733661 -0.01636278767 -0.02073098585
-0.03957733661 -0.01636278767 -0.01696171569
-0.03957733661 -0.01636278767 -0.009423175384
-0.03957733661 -0.01636278767 -0.005653905231
-0.03957733661 -0.01636278767 -0.001884635077
-0.03957733661 -0.01636278767 0.001884635077
-0.03957733661 -0.01636278767 0.009423175384
-0.03957733661 -0.01636278767 0.01319244554
-0.03957733661 -0.01636278767 0.01696171569
-0.03957733661 -0.01636278767 0.02073098585
-0.03957733661 -0.01636278767 0.024500256
-0.03580806646 -0.01636278767 -0.024500256
-0.03580806646 -0.01636278767 -0.02073098585
-0.03580806646 -0.01636278767 -0.01696171569
-0.03580806646 -0.01636278767 -0.01319244554
-0.03580806646 -0.01636278767 -0.005653905231
-0.03580806646 -0.01636278767 -0.001884635077
-0.03580806646 -0.01636278767 0.001884635077
-0.03580806646 -0.01636278767 0.005653905231
-0.03580806646 -0.01636278767 0.01319244554
-0.03580806646 -0.01636278767 0.01696171569
-0.03580806646 -0.01636278767 0.02073098585
-0.03580806646 -0.01636278767 0.024500256
-0.03203879631 -0.01636278767 -0.03203879631
-0.03203879631 -0.01636278767 -0.02826952615
-0.03203879631 -0.01636278767 -0.024500256
-0.03203879631 -0.01636278767 -0.02073098585
-0.03203879631 -0.01636278767 -0.01319244554
-0.03203879631 -0.01636278767 -0.009423175384
-0.03203879631 -0.01636278767 -0.005653905231
-0.03203879631 -0.01636278767 -0.001884635077
-0.03203879631 -0.01636278767 0.005653905231
-0.03203879631 -0.01636278767 0.009423175384
-0.03203879631 -0.01636278767 0.01319244554
-0.03203879631 -0.01636278767 0.01696171569
-0.03203879631 -0.01636278767 0.024500256
-0.03203879631 -0.01636278767 0.02826952615
-0.03203879631 -0.01636278767 0.03203879631
-0.02826952615 -0.01636278767 -0.03580806646
-0.02826952615 -0.01636278767 -0.02826952615
-0.02826952615 -0.01636278767 -0.024500256
-0.02826952615 -0.01636278767 -0.02073098585
-0.02826952615 -0.01636278767 -0.01696171569
-0.02826952615 -0.01636278767 -0.009423175384
-0.02826952615 -0.01636278767 -0.005653905231
-0.02826952615 -0.01636278767 -0.001884635077
-0.02826952615 -0.01636278767 0.001884635077
-0.02826952615 -0.01636278767 0.009423175384
-0.02826952615 -0.01636278767 0.01319244554
-0.02826952615 -0.01636278767 0.01696171569
-0.02826952615 -0.01636278767 0.02073098585
-0.02826952615 -0.01636278767 0.02826952615
-0.02826952615 -0.01636278767 0.03203879631
-0.02826952615 -0.01636278767 0.03580806646
-0.024500256 -0.01636278767 -0.03957733661
-0.024500256 -0.01636278767 -0.03203879631
-0.024500256 -0.01636278767 -0.02826952615
-0.024500256 -0.01636278767 -0.024500256
-0.024500256 -0.01636278767 -0.02073098585
-0.024500256 -0.01636278767 -0.01319244554
-0.024500256 -0.01636278767 -0.009423175384
-0.024500256 -0.01636278767 -0.005653905231
-0.024500256 -0.01636278767 -0.001884635077
-0.024500256 -0.01636278767 0.005653905231
-0.024500256 -0.01636278767 0.009423175384
-0.024500256 -0.01636278767 0.01319244554
-0.024500256 -0.01636278767 0.01696171569
-0.024500256 -0.01636278767 0.024500256
-0.024500256 -0.01636278767 0.02826952615
-0.024500256 -0.01636278767 0.03203879631
-0.024500256 -0.01636278767 0.03580806646
-0.02073098585 -0.01636278767 -0.03957733661
-0.02073098585 -0.01636278767 -0.03580806646
-0.02073098585 -0.01636278767 -0.03203879631
-0.02073098585 -0.01636278767 -0.02826952615
-0.02073098585 -0.01636278767 -0.02073098585
-0.02073098585 -0.01636278767 -0.01696171569
-0.02073098585 -0.01636278767 -0.01319244554
-0.02073098585 -0.01636278767 -0.009423175384
-0.02073098585 -0.01636278767 -0.001884635077
-0.02073098585 -0.01636278767 0.001884635077
-0.02073098585 -0.01636278767 0.005653905231
-0.02073098585 -0.01636278767 0.009423175384
-0.02073098585 -0.01636278767 0.01696171569
-0.02073098585 -0.01636278767 0.02073098585
-0.02073098585 -0.01636278767 0.024500256
-0.02073098585 -0.01636278767 0.02826952615
-0.02073098585 -0.01636278767 0.03580806646
-0.02073098585 -0.01636278767 0.03957733661
-0.01696171569 -0.01636278767 -0.04334660677
-0.01696171569 -0.01636278767 -0.03957733661
-0.01696171569 -0.01636278767 -0.03580806646
-0.01696171569 -0.01636278767 -0.02826952615
-0.01696171569 -0.01636278767 -0.024500256
-0.01696171569 -0.01636278767 -0.02073098585
-0.01696171569 -0.01636278767 -0.01696171569
-0.01696171569 -0.01636278767 -0.009423175384
-0.01696171569 -0.01636278767 -0.005653905231
-0.01696171569 -0.01636278767 -0.001884635077
-0.01696171569 -0.01636278767 0.001884635077
-0.01696171569 -0.01636278767 0.009423175384
-0.01696171569 -0.01636278767 0.01319244554
-0.01696171569 -0.01636278767 0.01696171569
-0.01696171569 -0.01636278767 0.02073098585
-0.01696171569 -0.01636278767 0.02826952615
-0.01696171569 -0.01636278767 0.03203879631
-0.01696171569 -0.01636278767 0.03580806646
-0.01696171569 -0.01636278767 0.03957733661
-0.01319244554 -0.01636278767 -0.04334660677
-0.01319244554 -0.01636278767 -0.03957733661
-0.01319244554 -0.01636278767 -0.03580806646
-0.01319244554 -0.01636278767 -0.03203879631
-0.01319244554 -0.01636278767 -0.024500256
-0.01319244554 -0.01636278767 -0.02073098585
-0.01319244554 -0.01636278767 -0.01696171569
-0.01319244554 -0.01636278767 -0.01319244554
-0.01319244554 -0.01636278767 -0.005653905231
-0.01319244554 -0.01636278767 -0.001884635077
-0.01319244554 -0.01636278767 0.001884635077
-0.01319244554 -0.01636278767 0.005653905231
-0.01319244554 -0.01636278767 0.01319244554
-0.01319244554 -0.01636278767 0.01696171569
-0.01319244554 -0.01636278767 0.02073098585
-0.01319244554 -0.01636278767 0.024500256
-0.01319244554 -0.01636278767 0.03203879631
-0.01319244554 -0.01636278767 0.03580806646
-0.01319244554 -0.01636278767 0.03957733661
-0.01319244554 -0.01636278767 0.04334660677
-0.009423175384 -0.01636278767 -0.03957733661
-0.009423175384 -0.01636278767 -0.03580806646
-0.009423175384 -0.01636278767 -0.03203879631
-0.009423175384 -0.01636278767 -0.02826952615
-0.009423175384 -0.01636278767 -0.02073098585
-0.009423175384 -0.01636278767 -0.01696171569
-0.009423175384 -0.01636278767 -0.01319244554
-0.009423175384 -0.01636278767 -0.009423175384
-0.009423175384 -0.01636278767 -0.001884635077
-0.009423175384 -0.01636278767 0.001884635077
-0.009423175384 -0.01636278767 0.005653905231
-0.009423175384 -0.01636278767 0.009423175384
-0.009423175384 -0.01636278767 0.01696171569
-0.009423175384 -0.01636278767 0.02073098585
-0.009423175384 -0.01636278767 0.024500256
-0.009423175384 -0.01636278767 0.02826952615
-0.009423175384 -0.01636278767 0.03580806646
-0.009423175384 -0.01636278767 0.03957733661
-0.009423175384 -0.01636278767 0.04334660677
-0.005653905231 -0.01636278767 -0.04334660677
-0.005653905231 -0.01636278767 -0.03580806646
-0.005653905231 -0.01636278767 -0.03203879631
-0.005653905231 -0.01636278767 -0.02826952615
-0.005653905231 -0.01636278767 -0.024500256
-0.005653905231 -0.01636278767 -0.01696171569
-0.005653905231 -0.01636278767 -0.01319244554
-0.005653905231 -0.01636278767 -0.009423175384
-0.005653905231 -0.01636278767 -0.005653905231
-0.005653905231 -0.01636278767 0.001884635077
-0.005653905231 -0.01636278767 0.005653905231
-0.005653905231 -0.01636278767 0.009423175384
-0.005653905231 -0.01636278767 0.01319244554
-0.005653905231 -0.01636278767 0.02073098585
-0.005653905231 -0.01636278767 0.024500256
-0.005653905231 -0.01636278767 0.02826952615
-0.005653905231 -0.01636278767 0.03203879631
-0.005653905231 -0.01636278767 0.03957733661
-0.005653905231 -0.01636278767 0.04334660677
-0.005653905231 -0.01636278767 0.04711587692
-0.001884635077 -0.01636278767 -0.04334660677
-0.001884635077 -0.01636278767 -0.03580806646
-0.001884635077 -0.01636278767 -0.03203879631
-0.001884635077 -0.01636278767 -0.02826952615
-0.001884635077 -0.01636278767 -0.024500256
-0.001884635077 -0.01636278767 -0.02073098585
-0.001884635077 -0.01636278767 -0.01319244554
-0.001884635077 -0.01636278767 -0.009423175384
-0.001884635077 -0.01636278767 -0.005653905231
-0.001884635077 -0.01636278767 -0.001884635077
-0.001884635077 -0.01636278767 0.005653905231
-0.001884635077 -0.01636278767 0.009423175384
-0.001884635077 -0.01636278767 0.01319244554
-0.001884635077 -0.01636278767 0.01696171569
-0.001884635077 -0.01636278767 0.024500256
-0.001884635077 -0.01636278767 0.02826952615
-0.001884635077 -0.01636278767 0.03203879631
-0.001884635077 -0.01636278767 0.03580806646
-0.001884635077 -0.01636278767 0.04334660677
-0.001884635077 -0.01636278767 0.04711587692
0.001884635077 -0.01636278767 -0.04334660677
0.001884635077 -0.01636278767 -0.03957733661
0.001884635077 -0.01636278767 -0.03203879631
0.001884635077 -0.01636278767 -0.02826952615
0.001884635077 -0.01636278767 -0.024500256
0.001884635077 -0.01636278767 -0.02073098585
0.001884635077 -0.01636278767 -0.01319244554
0.001884635077 -0.01636278767 -0.009423175384
0.001884635077 -0.01636278767 -0.005653905231
0.001884635077 -0.01636278767 -0.001884635077
0.001884635077 -0.01636278767 0.005653905231
0.001884635077 -0.01636278767 0.009423175384
0.001884635077 -0.01636278767 0.01319244554
0.001884635077 -0.01636278767 0.01696171569
0.001884635077 -0.01636278767 0.024500256
0.001884635077 -0.01636278767 0.02826952615
0.001884635077 -0.01636278767 0.03203879631
0.001884635077 -0.01636278767 0.03580806646
0.001884635077 -0.01636278767 0.04334660677
0.001884635077 -0.01636278767 0.04711587692
0.005653905231 -0.01636278767 -0.04334660677
0.005653905231 -0.01636278767 -0.03957733661
0.005653905231 -0.01636278767 -0.03203879631
0.005653905231 -0.01636278767 -0.02826952615
0.005653905231 -0.01636278767 -0.024500256
0.005653905231 -0.01636278767 -0.02073098585
0.005653905231 -0.01636278767 -0.01319244554
0.005653905231 -0.01636278767 -0.009423175384
0.005653905231 -0.01636278767 -0.005653905231
0.005653905231 -0.01636278767 -0.001884635077
0.005653905231 -0.01636278767 0.005653905231
0.005653905231 -0.01636278767 0.009423175384
0.005653905231 -0.01636278767 0.01319244554
0.005653905231 -0.01636278767 0.01696171569
0.005653905231 -0.01636278767 0.024500256
0.005653905231 -0.01636278767 0.02826952615
0.005653905231 -0.01636278767 0.03203879631
0.005653905231 -0.01636278767 0.03580806646
0.005653905231 -0.01636278767 0.04334660677
0.005653905231 -0.01636278767 0.04711587692
0.009423175384 -0.01636278767 -0.04334660677
0.009423175384 -0.01636278767 -0.03957733661
0.009423175384 -0.01636278767 -0.03203879631
0.009423175384 -0.01636278767 -0.02826952615
0.009423175384 -0.01636278767 -0.024500256
0.009423175384 -0.01636278767 -0.02073098585
0.009423175384 -0.01636278767 -0.01319244554
0.009423175384 -0.01636278767 -0.009423175384
0.009423175384 -0.01636278767 -0.005653905231
0.009423175384 -0.01636278767 -0.001884635077
0.009423175384 -0.01636278767 0.005653905231
0.009423175384 -0.01636278767 0.009423175384
0.009423175384 -0.01636278767 0.01319244554
0.009423175384 -0.01636278767 0.01696171569
0.009423175384 -0.01636278767 0.024500256
0.009423175384 -0.01636278767 0.02826952615
0.009423175384 -0.01636278767 0.03203879631
0.009423175384 -0.01636278767 0.03580806646
0.009423175384 -0.01636278767 0.04334660677
0.01319244554 -0.01636278767 -0.04334660677
0.01319244554 -0.01636278767 -0.03957733661
0.01319244554 -0.01636278767 -0.03580806646
0.01319244554 -0.01636278767 -0.02826952615
0.01319244554 -0.01636278767 -0.024500256
0.01319244554 -0.01636278767 -0.02073098585
0.01319244554 -0.01636278767 -0.01696171569
0.01319244554 -0.01636278767 -0.01319244554
0.01319244554 -0.01636278767 -0.005653905231
0.01319244554 -0.01636278767 -0.001884635077
0.01319244554 -0.01636278767 0.001884635077
0.01319244554 -0.01636278767 0.005653905231
0.01319244554 -0.01636278767 0.01319244554
0.01319244554 -0.01636278767 0.01696171569
0.01319244554 -0.01636278767 0.02073098585
0.01319244554 -0.01636278767 0.024500256
0.01319244554 -0.01636278767 0.03203879631
0.01319244554 -0.01636278767 0.03580806646
0.01319244554 -0.01636278767 0.03957733661
0.01319244554 -0.01636278767 0.04334660677
0.01696171569 -0.01636278767 -0.03957733661
0.01696171569 -0.01636278767 -0.03580806646
0.01696171569 -0.01636278767 -0.03203879631
0.01696171569 -0.01636278767 -0.02826952615
0.01696171569 -0.01636278767 -0.02073098585
0.01696171569 -0.01636278767 -0.01696171569
0.01696171569 -0.01636278767 -0.01319244554
0.01696171569 -0.01636278767 -0.009423175384
0.01696171569 -0.01636278767 -0.001884635077
0.01696171569 -0.01636278767 0.001884635077
0.01696171569 -0.01636278767 0.005653905231
0.01696171569 -0.01636278767 0.009423175384
0.01696171569 -0.01636278767 0.01696171569
0.01696171569 -0.01636278767 0.02073098585
0.01696171569 -0.01636278767 0.024500256
0.01696171569 -0.01636278767 0.02826952615
0.01696171569 -0.01636278767 0.03580806646
0.01696171569 -0.01636278767 0.03957733661
0.01696171569 -0.01636278767 0.04334660677
0.02073098585 -0.01636278767 -0.03957733661
0.02073098585 -0.01636278767 -0.03203879631
0.02073098585 -0.01636278767 -0.02826952615
0.02073098585 -0.01636278767 -0.024500256
0.02073098585 -0.01636278767 -0.02073098585
0.02073098585 -0.01636278767 -0.01319244554
0.02073098585 -0.01636278767 -0.009423175384
0.02073098585 -0.01636278767 -0.005653905231
0.02073098585 -0.01636278767 -0.001884635077
0.02073098585 -0.01636278767 0.005653905231
0.02073098585 -0.01636278767 0.009423175384
0.02073098585 -0.01636278767 0.01319244554
0.02073098585 -0.01636278767 0.01696171569
0.02073098585 -0.01636278767 0.024500256
0.02073098585 -0.01636278767 0.02826952615
0.02073098585 -0.01636278767 0.03203879631
0.02073098585 -0.01636278767 0.03580806646
0.024500256 -0.01636278767 -0.03957733661
0.024500256 -0.01636278767 -0.03580806646
0.024500256 -0.01636278767 -0.03203879631
0.024500256 -0.01636278767 -0.02826952615
0.024500256 -0.01636278767 -0.02073098585
0.024500256 -0.01636278767 -0.01696171569
0.024500256 -0.01636278767 -0.01319244554
0.024500256 -0.01636278767 -0.009423175384
0.024500256 -0.01636278767 -0.001884635077
0.024500256 -0.01636278767 0.001884635077
0.024500256 -0.01636278767 0.005653905231
0.024500256 -0.01636278767 0.009423175384
0.024500256 -0.01636278767 0.01696171569
0.024500256 -0.01636278767 0.02073098585
0.024500256 -0.01636278767 0.024500256
0.024500256 -0.01636278767 0.02826952615
0.024500256 -0.01636278767 0.03580806646
0.024500256 -0.01636278767 0.03957733661
0.02826952615 -0.01636278767 -0.03580806646
0.02826952615 -0.01636278767 -0.03203879631
0.02826952615 -0.01636278767 -0.024500256
0.02826952615 -0.01636278767 -0.02073098585
0.02826952615 -0.01636278767 -0.01696171569
0.02826952615 -0.01636278767 -0.01319244554
0.02826952615 -0.01636278767 -0.005653905231
0.02826952615 -0.01636278767 -0.001884635077
0.02826952615 -0.01636278767 0.001884635077
0.02826952615 -0.01636278767 0.005653905231
0.02826952615 -0.01636278767 0.01319244554
0.02826952615 -0.01636278767 0.01696171569
0.02826952615 -0.01636278767 0.02073098585
0.02826952615 -0.01636278767 0.024500256
0.02826952615 -0.01636278767 0.02826952615
0.02826952615 -0.01636278767 0.03580806646
0.03203879631 -0.01636278767 -0.03203879631
0.03203879631 -0.01636278767 -0.02826952615
0.03203879631 -0.01636278767 -0.024500256
0.03203879631 -0.01636278767 -0.01696171569
0.03203879631 -0.01636278767 -0.01319244554
0.03203879631 -0.01636278767 -0.009423175384
0.03203879631 -0.01636278767 -0.005653905231
0.03203879631 -0.01636278767 0.001884635077
0.03203879631 -0.01636278767 0.005653905231
0.03203879631 -0.01636278767 0.009423175384
0.03203879631 -0.01636278767 0.01319244554
0.03203879631 -0.01636278767 0.02073098585
0.03203879631 -0.01636278767 0.024500256
0.03203879631 -0.01636278767 0.02826952615
0.03203879631 -0.01636278767 0.03203879631
0.03580806646 -0.01636278767 -0.024500256
0.03580806646 -0.01636278767 -0.02073098585
0.03580806646 -0.01636278767 -0.01696171569
0.03580806646 -0.01636278767 -0.01319244554
0.03580806646 -0.01636278767 -0.005653905231
0.03580806646 -0.01636278767 -0.001884635077
0.03580806646 -0.01636278767 0.001884635077
0.03580806646 -0.01636278767 0.005653905231
0.03580806646 -0.01636278767 0.01319244554
0.03580806646 -0.01636278767 0.01696171569
0.03580806646 -0.01636278767 0.02073098585
0.03580806646 -0.01636278767 0.024500256
0.03957733661 -0.01636278767 -0.024500256
0.03957733661 -0.01636278767 -0.02073098585
0.03957733661 -0.01636278767 -0.01696171569
0.03957733661 -0.01636278767 -0.01319244554
0.03957733661 -0.01636278767 -0.005653905231
0.03957733661 -0.01636278767 -0.001884635077
0.03957733661 -0.01636278767 0.001884635077
0.03957733661 -0.01636278767 0.005653905231
0.03957733661 -0.01636278767 0.01319244554
0.03957733661 -0.01636278767 0.01696171569
0.03957733661 -0.01636278767 0.02073098585
0.03957733661 -0.01636278767 0.024500256
0.04334660677 -0.01636278767 -0.01319244554
0.04334660677 -0.01636278767 -0.009423175384
0.04334660677 -0.01636278767 -0.005653905231
0.04334660677 -0.01636278767 -0.001884635077
0.04334660677 -0.01636278767 0.005653905231
0.04334660677 -0.01636278767 0.009423175384
0.04334660677 -0.01636278767 0.01319244554
0.04334660677 -0.01636278767 0.01696171569
0.04711587692 -0.01636278767 -0.001884635077
0.04711587692 -0.01636278767 0.001884635077
0.04711587692 -0.01636278767 0.005653905231
-0.04523124185 -0.01328519148 -0.01507708062
-0.04523124185 -0.01328519148 -0.007538540308
-0.04523124185 -0.01328519148 -0.003769270154
-0.04523124185 -0.01328519148 4.33680869e-18
-0.04523124185 -0.01328519148 0.003769270154
-0.04523124185 -0.01328519148 0.01130781046
-0.04523124185 -0.01328519148 0.01507708062
-0.04146197169 -0.01328519148 -0.02261562092
-0.04146197169 -0.01328519148 -0.01884635077
-0.04146197169 -0.01328519148 -0.01130781046
-0.04146197169 -0.01328519148 -0.007538540308
-0.04146197169 -0.01328519148 -0.003769270154
-0.04146197169 -0.01328519148 4.33680869e-18
-0.04146197169 -0.01328519148 0.007538540308
-0.04146197169 -0.01328519148 0.01130781046
-0.04146197169 -0.01328519148 0.01507708062
-0.04146197169 -0.01328519148 0.01884635077
-0.03769270154 -0.01328519148 -0.02638489108
-0.03769270154 -0.01328519148 -0.02261562092
-0.03769270154 -0.01328519148 -0.01884635077
-0.03769270154 -0.01328519148 -0.01507708062
-0.03769270154 -0.01328519148 -0.007538540308
-0.03769270154 -0.01328519148 -0.003769270154
-0.03769270154 -0.01328519148 4.33680869e-18
-0.03769270154 -0.01328519148 0.003769270154
-0.03769270154 -0.01328519148 0.01130781046
-0.03769270154 -0.01328519148 0.01507708062
-0.03769270154 -0.01328519148 0.01884635077
-0.03769270154 -0.01328519148 0.02261562092
-0.03769270154 -0.01328519148 0.02638489108
-0.03392343138 -0.01328519148 -0.02638489108
-0.03392343138 -0.01328519148 -0.02261562092
-0.03392343138 -0.01328519148 -0.01884635077
-0.03392343138 -0.01328519148 -0.01507708062
-0.03392343138 -0.01328519148 -0.007538540308
-0.03392343138 -0.01328519148 -0.003769270154
-0.03392343138 -0.01328519148 4.33680869e-18
-0.03392343138 -0.01328519148 0.003769270154
-0.03392343138 -0.01328519148 0.01130781046
-0.03392343138 -0.01328519148 0.01507708062
-0.03392343138 -0.01328519148 0.01884635077
-0.03392343138 -0.01328519148 0.02261562092
-0.03392343138 -0.01328519148 0.03015416123
-0.03015416123 -0.01328519148 -0.03392343138
-0.03015416123 -0.01328519148 -0.03015416123
-0.03015416123 -0.01328519148 -0.02638489108
-0.03015416123 -0.01328519148 -0.01884635077
-0.03015416123 -0.01328519148 -0.01507708062
-0.03015416123 -0.01328519148 -0.01130781046
-0.03015416123 -0.01328519148 -0.007538540308
-0.03015416123 -0.01328519148 4.33680869e-18
-0.03015416123 -0.01328519148 0.003769270154
-0.03015416123 -0.01328519148 0.007538540308
-0.03015416123 -0.01328519148 0.01130781046
-0.03015416123 -0.01328519148 0.01884635077
-0.03015416123 -0.01328519148 0.02261562092
-0.03015416123 -0.01328519148 0.02638489108
-0.03015416123 -0.01328519148 0.03015416123
-0.02638489108 -0.01328519148 -0.03769270154
-0.02638489108 -0.01328519148 -0.03392343138
-0.02638489108 -0.01328519148 -0.03015416123
-0.02638489108 -0.01328519148 -0.02638489108
-0.02638489108 -0.01328519148 -0.01884635077
-0.02638489108 -0.01328519148 -0.01507708062
-0.02638489108 -0.01328519148 -0.01130781046
-0.02638489108 -0.01328519148 -0.007538540308
-0.02638489108 -0.01328519148 4.33680869e-18
-0.02638489108 -0.01328519148 0.003769270154
-0.02638489108 -0.01328519148 0.007538540308
-0.02638489108 -0.01328519148 0.01130781046
-0.02638489108 -0.01328519148 0.01884635077
-0.02638489108 -0.01328519148 0.02261562092
-0.02638489108 -0.01328519148 0.02638489108
-0.02638489108 -0.01328519148 0.03015416123
-0.02638489108 -0.01328519148 0.03769270154
-0.02261562092 -0.01328519148 -0.04146197169
-0.02261562092 -0.01328519148 -0.03769270154
-0.02261562092 -0.01328519148 -0.03392343138
-0.02261562092 -0.01328519148 -0.02638489108
-0.02261562092 -0.01328519148 -0.02261562092
-0.02261562092 -0.01328519148 -0.01884635077
-0.02261562092 -0.01328519148 -0.01507708062
-0.02261562092 -0.01328519148 -0.007538540308
-0.02261562092 -0.01328519148 -0.003769270154
-0.02261562092 -0.01328519148 4.33680869e-18
-0.02261562092 -0.01328519148 0.003769270154
-0.02261562092 -0.01328519148 0.01130781046
-0.02261562092 -0.01328519148 0.01507708062
-0.02261562092 -0.01328519148 0.01884635077
-0.02261562092 -0.01328519148 0.02261562092
-0.02261562092 -0.01328519148 0.03015416123
-0.02261562092 -0.01328519148 0.03392343138
-0.02261562092 -0.01328519148 0.03769270154
-0.02261562092 -0.01328519148 0.04146197169
-0.01884635077 -0.01328519148 -0.03769270154
-0.01884635077 -0.01328519148 -0.03392343138
-0.01884635077 -0.01328519148 -0.03015416123
-0.01884635077 -0.01328519148 -0.02638489108
-0.01884635077 -0.01328519148 -0.01884635077
-0.01884635077 -0.01328519148 -0.01507708062
-0.01884635077 -0.01328519148 -0.01130781046
-0.01884635077 -0.01328519148 -0.007538540308
-0.01884635077 -0.01328519148 4.33680869e-18
-0.01884635077 -0.01328519148 0.003769270154
-0.01884635077 -0.01328519148 0.007538540308
-0.01884635077 -0.01328519148 0.01130781046
-0.01884635077 -0.01328519148 0.01884635077
-0.01884635077 -0.01328519148 0.02261562092
-0.01884635077 -0.01328519148 0.02638489108
-0.01884635077 -0.01328519148 0.03015416123
-0.01884635077 -0.01328519148 0.03392343138
-0.01884635077 -0.01328519148 0.04146197169
-0.01507708062 -0.01328519148 -0.04523124185
-0.01507708062 -0.01328519148 -0.04146197169
-0.01507708062 -0.01328519148 -0.03769270154
-0.01507708062 -0.01328519148 -0.03015416123
-0.01507708062 -0.01328519148 -0.02638489108
-0.01507708062 -0.01328519148 -0.02261562092
-0.01507708062 -0.01328519148 -0.01884635077
-0.01507708062 -0.01328519148 -0.01130781046
-0.01507708062 -0.01328519148 -0.007538540308
-0.01507708062 -0.01328519148 -0.003769270154
-0.01507708062 -0.01328519148 4.33680869e-18
-0.01507708062 -0.01328519148 0.007538540308
-0.01507708062 -0.01328519148 0.01130781046
-0.01507708062 -0.01328519148 0.01507708062
-0.01507708062 -0.01328519148 0.01884635077
-0.01507708062 -0.01328519148 0.02638489108
-0.01507708062 -0.01328519148 0.03015416123
-0.01507708062 -0.01328519148 0.03392343138
-0.01507708062 -0.01328519148 0.03769270154
-0.01507708062 -0.01328519148 0.04523124185
-0.01130781046 -0.01328519148 -0.04523124185
-0.01130781046 -0.01328519148 -0.04146197169
-0.01130781046 -0.01328519148 -0.03769270154
-0.01130781046 -0.01328519148 -0.03015416123
-0.01130781046 -0.01328519148 -0.02638489108
-0.01130781046 -0.01328519148 -0.02261562092
-0.01130781046 -0.01328519148 -0.01884635077
-0.01130781046 -0.01328519148 -0.01130781046
-0.01130781046 -0.01328519148 -0.007538540308
-0.01130781046 -0.01328519148 -0.003769270154
-0.01130781046 -0.01328519148 4.33680869e-18
-0.01130781046 -0.01328519148 0.007538540308
-0.01130781046 -0.01328519148 0.01130781046
-0.01130781046 -0.01328519148 0.01507708062
-0.01130781046 -0.01328519148 0.01884635077
-0.01130781046 -0.01328519148 0.02638489108
-0.01130781046 -0.01328519148 0.03015416123
-0.01130781046 -0.01328519148 0.03392343138
-0.01130781046 -0.01328519148 0.03769270154
-0.01130781046 -0.01328519148 0.04523124185
-0.007538540308 -0.01328519148 -0.04523124185
-0.007538540308 -0.01328519148 -0.04146197169
-0.007538540308 -0.01328519148 -0.03769270154
-0.007538540308 -0.01328519148 -0.03015416123
-0.007538540308 -0.01328519148 -0.02638489108
-0.007538540308 -0.01328519148 -0.02261562092
-0.007538540308 -0.01328519148 -0.01884635077
-0.007538540308 -0.01328519148 -0.01130781046
-0.007538540308 -0.01328519148 -0.007538540308
-0.007538540308 -0.01328519148 -0.003769270154
-0.007538540308 -0.01328519148 4.33680869e-18
-0.007538540308 -0.01328519148 0.007538540308
-0.007538540308 -0.01328519148 0.01130781046
-0.007538540308 -0.01328519148 0.01507708062
-0.007538540308 -0.01328519148 0.01884635077
-0.007538540308 -0.01328519148 0.02638489108
-0.007538540308 -0.01328519148 0.03015416123
-0.007538540308 -0.01328519148 0.03392343138
-0.007538540308 -0.01328519148 0.03769270154
-0.007538540308 -0.01328519148 0.04523124185
-0.003769270154 -0.01328519148 -0.04523124185
-0.003769270154 -0.01328519148 -0.04146197169
-0.003769270154 -0.01328519148 -0.03769270154
-0.003769270154 -0.01328519148 -0.03015416123
-0.003769270154 -0.01328519148 -0.02638489108
-0.003769270154 -0.01328519148 -0.02261562092
-0.003769270154 -0.01328519148 -0.01884635077
-0.003769270154 -0.01328519148 -0.01130781046
-0.003769270154 -0.01328519148 -0.007538540308
-0.003769270154 -0.01328519148 -0.003769270154
-0.003769270154 -0.01328519148 4.33680869e-18
-0.003769270154 -0.01328519148 0.007538540308
-0.003769270154 -0.01328519148 0.01130781046
-0.003769270154 -0.01328519148 0.01507708062
-0.003769270154 -0.01328519148 0.01884635077
-0.003769270154 -0.01328519148 0.02638489108
-0.003769270154 -0.01328519148 0.03015416123
-0.003769270154 -0.01328519148 0.03392343138
-0.003769270154 -0.01328519148 0.03769270154
-0.003769270154 -0.01328519148 0.04146197169
4.33680869e-18 -0.01328519148 -0.04523124185
4.33680869e-18 -0.01328519148 -0.04146197169
4.33680869e-18 -0.01328519148 -0.03769270154
4.33680869e-18 -0.01328519148 -0.03392343138
4.33680869e-18 -0.01328519148 -0.02638489108
4.33680869e-18 -0.01328519148 -0.02261562092
4.33680869e-18 -0.01328519148 -0.01884635077
4.33680869e-18 -0.01328519148 -0.01507708062
4.33680869e-18 -0.01328519148 -0.007538540308
4.33680869e-18 -0.01328519148 -0.003769270154
4.33680869e-18 -0.01328519148 4.33680869e-18
4.33680869e-18 -0.01328519148 0.003769270154
4.33680869e-18 -0.01328519148 0.01130781046
4.33680869e-18 -0.01328519148 0.01507708062
4.33680869e-18 -0.01328519148 0.01884635077
4.33680869e-18 -0.01328519148 0.02261562092
4.33680869e-18 -0.01328519148 0.03015416123
4.33680869e-18 -0.01328519148 0.03392343138
4.33680869e-18 -0.01328519148 0.03769270154
4.33680869e-18 -0.01328519148 0.04146197169
0.003769270154 -0.01328519148 -0.04523124185
0.003769270154 -0.01328519148 -0.04146197169
0.003769270154 -0.01328519148 -0.03769270154
0.003769270154 -0.01328519148 -0.03392343138
0.003769270154 -0.01328519148 -0.02638489108
0.003769270154 -0.01328519148 -0.02261562092
0.003769270154 -0.01328519148 -0.01884635077
0.003769270154 -0.01328519148 -0.01507708062
0.003769270154 -0.01328519148 -0.007538540308
0.003769270154 -0.01328519148 -0.003769270154
0.003769270154 -0.01328519148 4.33680869e-18
0.003769270154 -0.01328519148 0.003769270154
0.003769270154 -0.01328519148 0.01130781046
0.003769270154 -0.01328519148 0.01507708062
0.003769270154 -0.01328519148 0.01884635077
0.003769270154 -0.01328519148 0.02261562092
0.003769270154 -0.01328519148 0.03015416123
0.003769270154 -0.01328519148 0.03392343138
0.003769270154 -0.01328519148 0.03769270154
0.003769270154 -0.01328519148 0.04146197169
0.007538540308 -0.01328519148 -0.04523124185
0.007538540308 -0.01328519148 -0.04146197169
0.007538540308 -0.01328519148 -0.03769270154
0.007538540308 -0.01328519148 -0.03392343138
0.007538540308 -0.01328519148 -0.02638489108
0.007538540308 -0.01328519148 -0.02261562092
0.007538540308 -0.01328519148 -0.01884635077
0.007538540308 -0.01328519148 -0.01507708062
0.007538540308 -0.01328519148 -0.007538540308
0.007538540308 -0.01328519148 -0.003769270154
0.007538540308 -0.01328519148 4.33680869e-18
0.007538540308 -0.01328519148 0.003769270154
0.007538540308 -0.01328519148 0.01130781046
0.007538540308 -0.01328519148 0.01507708062
0.007538540308 -0.01328519148 0.01884635077
0.007538540308 -0.01328519148 0.02261562092
0.007538540308 -0.01328519148 0.03015416123
0.007538540308 -0.01328519148 0.03392343138
0.007538540308 -0.01328519148 0.03769270154
0.007538540308 -0.01328519148 0.04146197169
0.01130781046 -0.01328519148 -0.04523124185
0.01130781046 -0.01328519148 -0.04146197169
0.01130781046 -0.01328519148 -0.03769270154
0.01130781046 -0.01328519148 -0.03392343138
0.01130781046 -0.01328519148 -0.02638489108
0.01130781046 -0.01328519148 -0.02261562092
0.01130781046 -0.01328519148 -0.01884635077
0.01130781046 -0.01328519148 -0.01507708062
0.01130781046 -0.01328519148 -0.007538540308
0.01130781046 -0.01328519148 -0.003769270154
0.01130781046 -0.01328519148 4.33680869e-18
0.01130781046 -0.01328519148 0.003769270154
0.01130781046 -0.01328519148 0.01130781046
0.01130781046 -0.01328519148 0.01507708062
0.01130781046 -0.01328519148 0.01884635077
0.01130781046 -0.01328519148 0.02261562092
0.01130781046 -0.01328519148 0.03015416123
0.01130781046 -0.01328519148 0.03392343138
0.01130781046 -0.01328519148 0.03769270154
0.01130781046 -0.01328519148 0.04146197169
0.01130781046 -0.01328519148 0.04523124185
0.01507708062 -0.01328519148 -0.04146197169
0.01507708062 -0.01328519148 -0.03769270154
0.01507708062 -0.01328519148 -0.03392343138
0.01507708062 -0.01328519148 -0.03015416123
0.01507708062 -0.01328519148 -0.02261562092
0.01507708062 -0.01328519148 -0.01884635077
0.01507708062 -0.01328519148 -0.01507708062
0.01507708062 -0.01328519148 -0.01130781046
0.01507708062 -0.01328519148 -0.003769270154
0.01507708062 -0.01328519148 4.33680869e-18
0.01507708062 -0.01328519148 0.003769270154
0.01507708062 -0.01328519148 0.007538540308
0.01507708062 -0.01328519148 0.01507708062
0.01507708062 -0.01328519148 0.01884635077
0.01507708062 -0.01328519148 0.02261562092
0.01507708062 -0.01328519148 0.02638489108
0.01507708062 -0.01328519148 0.03392343138
0.01507708062 -0.01328519148 0.03769270154
0.01507708062 -0.01328519148 0.04146197169
0.01507708062 -0.01328519148 0.04523124185
0.01884635077 -0.01328519148 -0.03769270154
0.01884635077 -0.01328519148 -0.03392343138
0.01884635077 -0.01328519148 -0.03015416123
0.01884635077 -0.01328519148 -0.02638489108
0.01884635077 -0.01328519148 -0.01884635077
0.01884635077 -0.01328519148 -0.01507708062
0.01884635077 -0.01328519148 -0.01130781046
0.01884635077 -0.01328519148 -0.007538540308
0.01884635077 -0.01328519148 4.33680869e-18
0.01884635077 -0.01328519148 0.003769270154
0.01884635077 -0.01328519148 0.007538540308
0.01884635077 -0.01328519148 0.01130781046
0.01884635077 -0.01328519148 0.01884635077
0.01884635077 -0.01328519148 0.02261562092
0.01884635077 -0.01328519148 0.02638489108
0.01884635077 -0.01328519148 0.03015416123
0.01884635077 -0.01328519148 0.03769270154
0.01884635077 -0.01328519148 0.04146197169
0.02261562092 -0.01328519148 -0.04146197169
0.02261562092 -0.01328519148 -0.03769270154
0.02261562092 -0.01328519148 -0.03015416123
0.02261562092 -0.01328519148 -0.02638489108
0.02261562092 -0.01328519148 -0.02261562092
0.02261562092 -0.01328519148 -0.01884635077
0.02261562092 -0.01328519148 -0.01130781046
0.02261562092 -0.01328519148 -0.007538540308
0.02261562092 -0.01328519148 -0.003769270154
0.02261562092 -0.01328519148 4.33680869e-18
0.02261562092 -0.01328519148 0.007538540308
0.02261562092 -0.01328519148 0.01130781046
0.02261562092 -0.01328519148 0.01507708062
0.02261562092 -0.01328519148 0.01884635077
0.02261562092 -0.01328519148 0.02638489108
0.02261562092 -0.01328519148 0.03015416123
0.02261562092 -0.01328519148 0.03392343138
0.02261562092 -0.01328519148 0.03769270154
0.02638489108 -0.01328519148 -0.03769270154
0.02638489108 -0.01328519148 -0.03392343138
0.02638489108 -0.01328519148 -0.03015416123
0.02638489108 -0.01328519148 -0.02638489108
0.02638489108 -0.01328519148 -0.01884635077
0.02638489108 -0.01328519148 -0.01507708062
0.02638489108 -0.01328519148 -0.01130781046
0.02638489108 -0.01328519148 -0.007538540308
0.02638489108 -0.01328519148 4.33680869e-18
0.02638489108 -0.01328519148 0.003769270154
0.02638489108 -0.01328519148 0.007538540308
0.02638489108 -0.01328519148 0.01130781046
0.02638489108 -0.01328519148 0.01884635077
0.02638489108 -0.01328519148 0.02261562092
0.02638489108 -0.01328519148 0.02638489108
0.02638489108 -0.01328519148 0.03015416123
0.02638489108 -0.01328519148 0.03769270154
0.03015416123 -0.01328519148 -0.03392343138
0.03015416123 -0.01328519148 -0.03015416123
0.03015416123 -0.01328519148 -0.02638489108
0.03015416123 -0.01328519148 -0.01884635077
0.03015416123 -0.01328519148 -0.01507708062
0.03015416123 -0.01328519148 -0.01130781046
0.03015416123 -0.01328519148 -0.007538540308
0.03015416123 -0.01328519148 -0.003769270154
0.03015416123 -0.01328519148 0.003769270154
0.03015416123 -0.01328519148 0.007538540308
0.03015416123 -0.01328519148 0.01130781046
0.03015416123 -0.01328519148 0.01507708062
0.03015416123 -0.01328519148 0.02261562092
0.03015416123 -0.01328519148 0.02638489108
0.03015416123 -0.01328519148 0.03015416123
0.03015416123 -0.01328519148 0.03392343138
0.03392343138 -0.01328519148 -0.02638489108
0.03392343138 -0.01328519148 -0.02261562092
0.03392343138 -0.01328519148 -0.01884635077
0.03392343138 -0.01328519148 -0.01507708062
0.03392343138 -0.01328519148 -0.007538540308
0.03392343138 -0.01328519148 -0.003769270154
0.03392343138 -0.01328519148 4.33680869e-18
0.03392343138 -0.01328519148 0.003769270154
0.03392343138 -0.01328519148 0.01130781046
0.03392343138 -0.01328519148 0.01507708062
0.03392343138 -0.01328519148 0.01884635077
0.03392343138 -0.01328519148 0.02261562092
0.03392343138 -0.01328519148 0.03015416123
0.03769270154 -0.01328519148 -0.02638489108
0.03769270154 -0.01328519148 -0.02261562092
0.03769270154 -0.01328519148 -0.01884635077
0.03769270154 -0.01328519148 -0.01130781046
0.03769270154 -0.01328519148 -0.007538540308
0.03769270154 -0.01328519148 -0.003769270154
0.03769270154 -0.01328519148 4.33680869e-18
0.03769270154 -0.01328519148 0.007538540308
0.03769270154 -0.01328519148 0.01130781046
0.03769270154 -0.01328519148 0.01507708062
0.03769270154 -0.01328519148 0.01884635077
0.03769270154 -0.01328519148 0.02638489108
0.04146197169 -0.01328519148 -0.02261562092
0.04146197169 -0.01328519148 -0.01884635077
0.04146197169 -0.01328519148 -0.01507708062
0.04146197169 -0.01328519148 -0.007538540308
0.04146197169 -0.01328519148 -0.003769270154
0.04146197169 -0.01328519148 4.33680869e-18
0.04146197169 -0.01328519148 0.003769270154
0.04146197169 -0.01328519148 0.01130781046
0.04146197169 -0.01328519148 0.01507708062
0.04146197169 -0.01328519148 0.01884635077
0.04146197169 -0.01328519148 0.02261562092
0.04523124185 -0.01328519148 -0.01130781046
0.04523124185 -0.01328519148 -0.007538540308
0.04523124185 -0.01328519148 -0.003769270154
0.04523124185 -0.01328519148 4.33680869e-18
0.04523124185 -0.01328519148 0.007538540308
0.04523124185 -0.01328519148 0.01130781046
0.04523124185 -0.01328519148 0.01507708062
-0.04334660677 -0.01020759529 -0.01696171569
-0.04334660677 -0.01020759529 -0.009423175384
-0.04334660677 -0.01020759529 -0.005653905231
-0.04334660677 -0.01020759529 -0.001884635077
-0.04334660677 -0.01020759529 0.001884635077
-0.04334660677 -0.01020759529 0.009423175384
-0.04334660677 -0.01020759529 0.01319244554
-0.04334660677 -0.01020759529 0.01696171569
-0.03957733661 -0.01020759529 -0.024500256
-0.03957733661 -0.01020759529 -0.01696171569
-0.03957733661 -0.01020759529 -0.01319244554
-0.03957733661 -0.01020759529 -0.009423175384
-0.03957733661 -0.01020759529 -0.005653905231
-0.03957733661 -0.01020759529 0.001884635077
-0.03957733661 -0.01020759529 0.005653905231
-0.03957733661 -0.01020759529 0.009423175384
-0.03957733661 -0.01020759529 0.01319244554
-0.03957733661 -0.01020759529 0.02073098585
-0.03957733661 -0.01020759529 0.024500256
-0.03580806646 -0.01020759529 -0.02826952615
-0.03580806646 -0.01020759529 -0.024500256
-0.03580806646 -0.01020759529 -0.01696171569
-0.03580806646 -0.01020759529 -0.01319244554
-0.03580806646 -0.01020759529 -0.009423175384
-0.03580806646 -0.01020759529 -0.005653905231
-0.03580806646 -0.01020759529 0.001884635077
-0.03580806646 -0.01020759529 0.005653905231
-0.03580806646 -0.01020759529 0.009423175384
-0.03580806646 -0.01020759529 0.01319244554
-0.03580806646 -0.01020759529 0.01696171569
-0.03580806646 -0.01020759529 0.024500256
-0.03580806646 -0.01020759529 0.02826952615
-0.03203879631 -0.01020759529 -0.03203879631
-0.03203879631 -0.01020759529 -0.02826952615
-0.03203879631 -0.01020759529 -0.02073098585
-0.03203879631 -0.01020759529 -0.01696171569
-0.03203879631 -0.01020759529 -0.01319244554
-0.03203879631 -0.01020759529 -0.009423175384
-0.03203879631 -0.01020759529 -0.001884635077
-0.03203879631 -0.01020759529 0.001884635077
-0.03203879631 -0.01020759529 0.005653905231
-0.03203879631 -0.01020759529 0.009423175384
-0.03203879631 -0.01020759529 0.01696171569
-0.03203879631 -0.01020759529 0.02073098585
-0.03203879631 -0.01020759529 0.024500256
-0.03203879631 -0.01020759529 0.02826952615
-0.02826952615 -0.01020759529 -0.03580806646
-0.02826952615 -0.01020759529 -0.03203879631
-0.02826952615 -0.01020759529 -0.02826952615
-0.02826952615 -0.01020759529 -0.024500256
-0.02826952615 -0.01020759529 -0.01696171569
-0.02826952615 -0.01020759529 -0.01319244554
-0.02826952615 -0.01020759529 -0.009423175384
-0.02826952615 -0.01020759529 -0.005653905231
-0.02826952615 -0.01020759529 0.001884635077
-0.02826952615 -0.01020759529 0.005653905231
-0.02826952615 -0.01020759529 0.009423175384
-0.02826952615 -0.01020759529 0.01319244554
-0.02826952615 -0.01020759529 0.02073098585
-0.02826952615 -0.01020759529 0.024500256
-0.02826952615 -0.01020759529 0.02826952615
-0.02826952615 -0.01020759529 0.03203879631
-0.024500256 -0.01020759529 -0.03957733661
-0.024500256 -0.01020759529 -0.03580806646
-0.024500256 -0.01020759529 -0.03203879631
-0.024500256 -0.01020759529 -0.02826952615
-0.024500256 -0.01020759529 -0.02073098585
-0.024500256 -0.01020759529 -0.01696171569
-0.024500256 -0.01020759529 -0.01319244554
-0.024500256 -0.01020759529 -0.009423175384
-0.024500256 -0.01020759529 -0.001884635077
-0.024500256 -0.01020759529 0.001884635077
-0.024500256 -0.01020759529 0.005653905231
-0.024500256 -0.01020759529 0.009423175384
-0.024500256 -0.01020759529 0.01696171569
-0.024500256 -0.01020759529 0.02073098585
-0.024500256 -0.01020759529 0.024500256
-0.024500256 -0.01020759529 0.02826952615
-0.024500256 -0.01020759529 0.03580806646
-0.024500256 -0.01020759529 0.03957733661
-0.02073098585 -0.01020759529 -0.03957733661
-0.02073098585 -0.01020759529 -0.03580806646
-0.02073098585 -0.01020759529 -0.02826952615
-0.02073098585 -0.01020759529 -0.024500256
-0.02073098585 -0.01020759529 -0.02073098585
-0.02073098585 -0.01020759529 -0.01696171569
-0.02073098585 -0.01020759529 -0.009423175384
-0.02073098585 -0.01020759529 -0.005653905231
-0.02073098585 -0.01020759529 -0.001884635077
-0.02073098585 -0.01020759529 0.001884635077
-0.02073098585 -0.01020759529 0.009423175384
-0.02073098585 -0.01020759529 0.01319244554
-0.02073098585 -0.01020759529 0.01696171569
-0.02073098585 -0.01020759529 0.02073098585
-0.02073098585 -0.01020759529 0.02826952615
-0.02073098585 -0.01020759529 0.03203879631
-0.02073098585 -0.01020759529 0.03580806646
-0.02073098585 -0.01020759529 0.03957733661
-0.01696171569 -0.01020759529 -0.03957733661
-0.01696171569 -0.01020759529 -0.03580806646
-0.01696171569 -0.01020759529 -0.03203879631
-0.01696171569 -0.01020759529 -0.02826952615
-0.01696171569 -0.01020759529 -0.02073098585
-0.01696171569 -0.01020759529 -0.01696171569
-0.01696171569 -0.01020759529 -0.01319244554
-0.01696171569 -0.01020759529 -0.009423175384
-0.01696171569 -0.01020759529 -0.005653905231
-0.01696171569 -0.01020759529 0.001884635077
-0.01696171569 -0.01020759529 0.005653905231
-0.01696171569 -0.01020759529 0.009423175384
-0.01696171569 -0.01020759529 0.01319244554
-0.01696171569 -0.01020759529 0.02073098585
-0.01696171569 -0.01020759529 0.024500256
-0.01696171569 -0.01020759529 0.02826952615
-0.01696171569 -0.01020759529 0.03203879631
-0.01696171569 -0.01020759529 0.03957733661
-0.01696171569 -0.01020759529 0.04334660677
-0.01319244554 -0.01020759529 -0.04334660677
-0.01319244554 -0.01020759529 -0.03957733661
-0.01319244554 -0.01020759529 -0.03203879631
-0.01319244554 -0.01020759529 -0.02826952615
-0.01319244554 -0.01020759529 -0.024500256
-0.01319244554 -0.01020759529 -0.02073098585
-0.01319244554 -0.01020759529 -0.01319244554
-0.01319244554 -0.01020759529 -0.009423175384
-0.01319244554 -0.01020759529 -0.005653905231
-0.01319244554 -0.01020759529 -0.001884635077
-0.01319244554 -0.01020759529 0.005653905231
-0.01319244554 -0.01020759529 0.009423175384
-0.01319244554 -0.01020759529 0.01319244554
-0.01319244554 -0.01020759529 0.01696171569
-0.01319244554 -0.01020759529 0.024500256
-0.01319244554 -0.01020759529 0.02826952615
-0.01319244554 -0.01020759529 0.03203879631
-0.01319244554 -0.01020759529 0.03580806646
-0.01319244554 -0.01020759529 0.04334660677
-0.009423175384 -0.01020759529 -0.04334660677
-0.009423175384 -0.01020759529 -0.03957733661
-0.009423175384 -0.01020759529 -0.03580806646
-0.009423175384 -0.01020759529 -0.02826952615
-0.009423175384 -0.01020759529 -0.024500256
-0.009423175384 -0.01020759529 -0.02073098585
-0.009423175384 -0.01020759529 -0.01696171569
-0.009423175384 -0.01020759529 -0.009423175384
-0.009423175384 -0.01020759529 -0.005653905231
-0.009423175384 -0.01020759529 -0.001884635077
-0.009423175384 -0.01020759529 0.001884635077
-0.009423175384 -0.01020759529 0.009423175384
-0.009423175384 -0.01020759529 0.01319244554
-0.009423175384 -0.01020759529 0.01696171569
-0.009423175384 -0.01020759529 0.02073098585
-0.009423175384 -0.01020759529 0.02826952615
-0.009423175384 -0.01020759529 0.03203879631
-0.009423175384 -0.01020759529 0.03580806646
-0.009423175384 -0.01020759529 0.03957733661
-0.005653905231 -0.01020759529 -0.04334660677
-0.005653905231 -0.01020759529 -0.03957733661
-0.005653905231 -0.01020759529 -0.03580806646
-0.005653905231 -0.01020759529 -0.03203879631
-0.005653905231 -0.01020759529 -0.024500256
-0.005653905231 -0.01020759529 -0.02073098585
-0.005653905231 -0.01020759529 -0.01696171569
-0.005653905231 -0.01020759529 -0.01319244554
-0.005653905231 -0.01020759529 -0.005653905231
-0.005653905231 -0.01020759529 -0.001884635077
-0.005653905231 -0.01020759529 0.001884635077
-0.005653905231 -0.01020759529 0.005653905231
-0.005653905231 -0.01020759529 0.01319244554
-0.005653905231 -0.01020759529 0.01696171569
-0.005653905231 -0.01020759529 0.02073098585
-0.005653905231 -0.01020759529 0.024500256
-0.005653905231 -0.01020759529 0.03203879631
-0.005653905231 -0.01020759529 0.03580806646
-0.005653905231 -0.01020759529 0.03957733661
-0.005653905231 -0.01020759529 0.04334660677
-0.001884635077 -0.01020759529 -0.04334660677
-0.001884635077 -0.01020759529 -0.03957733661
-0.001884635077 -0.01020759529 -0.03580806646
-0.001884635077 -0.01020759529 -0.03203879631
-0.001884635077 -0.01020759529 -0.024500256
-0.001884635077 -0.01020759529 -0.02073098585
-0.001884635077 -0.01020759529 -0.01696171569
-0.001884635077 -0.01020759529 -0.01319244554
-0.001884635077 -0.01020759529 -0.005653905231
-0.001884635077 -0.01020759529 -0.001884635077
-0.001884635077 -0.01020759529 0.001884635077
-0.001884635077 -0.01020759529 0.005653905231
-0.001884635077 -0.01020759529 0.009423175384
-0.001884635077 -0.01020759529 0.01696171569
-0.001884635077 -0.01020759529 0.02073098585
-0.001884635077 -0.01020759529 0.024500256
-0.001884635077 -0.01020759529 0.02826952615
-0.001884635077 -0.01020759529 0.03580806646
-0.001884635077 -0.01020759529 0.03957733661
-0.001884635077 -0.01020759529 0.04334660677
-0.001884635077 -0.01020759529 0.04711587692
0.001884635077 -0.01020759529 -0.03957733661
0.001884635077 -0.01020759529 -0.03580806646
0.001884635077 -0.01020759529 -0.03203879631
0.001884635077 -0.01020759529 -0.02826952615
0.001884635077 -0.01020759529 -0.02073098585
0.001884635077 -0.01020759529 -0.01696171569
0.001884635077 -0.01020759529 -0.01319244554
0.001884635077 -0.01020759529 -0.009423175384
0.001884635077 -0.01020759529 -0.001884635077
0.001884635077 -0.01020759529 0.001884635077
0.001884635077 -0.01020759529 0.005653905231
0.001884635077 -0.01020759529 0.009423175384
0.001884635077 -0.01020759529 0.01696171569
0.001884635077 -0.01020759529 0.02073098585
0.001884635077 -0.01020759529 0.024500256
0.001884635077 -0.01020759529 0.02826952615
0.001884635077 -0.01020759529 0.03580806646
0.001884635077 -0.01020759529 0.03957733661
0.001884635077 -0.01020759529 0.04334660677
0.001884635077 -0.01020759529 0.04711587692
0.005653905231 -0.01020759529 -0.03957733661
0.005653905231 -0.01020759529 -0.03580806646
0.005653905231 -0.01020759529 -0.03203879631
0.005653905231 -0.01020759529 -0.02826952615
0.005653905231 -0.01020759529 -0.02073098585
0.005653905231 -0.01020759529 -0.01696171569
0.005653905231 -0.01020759529 -0.01319244554
0.005653905231 -0.01020759529 -0.009423175384
0.005653905231 -0.01020759529 -0.001884635077
0.005653905231 -0.01020759529 0.001884635077
0.005653905231 -0.01020759529 0.005653905231
0.005653905231 -0.01020759529 0.009423175384
0.005653905231 -0.01020759529 0.01696171569
0.005653905231 -0.01020759529 0.02073098585
0.005653905231 -0.01020759529 0.024500256
0.005653905231 -0.01020759529 0.02826952615
0.005653905231 -0.01020759529 0.03580806646
0.005653905231 -0.01020759529 0.03957733661
0.005653905231 -0.01020759529 0.04334660677
0.005653905231 -0.01020759529 0.04711587692
0.009423175384 -0.01020759529 -0.03957733661
0.009423175384 -0.01020759529 -0.03580806646
0.009423175384 -0.01020759529 -0.03203879631
0.009423175384 -0.01020759529 -0.02826952615
0.009423175384 -0.01020759529 -0.02073098585
0.009423175384 -0.01020759529 -0.01696171569
0.009423175384 -0.01020759529 -0.01319244554
0.009423175384 -0.01020759529 -0.009423175384
0.009423175384 -0.01020759529 -0.001884635077
0.009423175384 -0.01020759529 0.001884635077
0.009423175384 -0.01020759529 0.005653905231
0.009423175384 -0.01020759529 0.009423175384
0.009423175384 -0.01020759529 0.01696171569
0.009423175384 -0.01020759529 0.02073098585
0.009423175384 -0.01020759529 0.024500256
0.009423175384 -0.01020759529 0.02826952615
0.009423175384 -0.01020759529 0.03580806646
0.009423175384 -0.01020759529 0.03957733661
0.009423175384 -0.01020759529 0.04334660677
0.01319244554 -0.01020759529 -0.04334660677
0.01319244554 -0.01020759529 -0.03580806646
0.01319244554 -0.01020759529 -0.03203879631
0.01319244554 -0.01020759529 -0.02826952615
0.01319244554 -0.01020759529 -0.024500256
0.01319244554 -0.01020759529 -0.01696171569
0.01319244554 -0.01020759529 -0.01319244554
0.01319244554 -0.01020759529 -0.009423175384
0.01319244554 -0.01020759529 -0.005653905231
0.01319244554 -0.01020759529 0.001884635077
0.01319244554 -0.01020759529 0.005653905231
0.01319244554 -0.01020759529 0.009423175384
0.01319244554 -0.01020759529 0.01319244554
0.01319244554 -0.01020759529 0.01696171569
0.01319244554 -0.01020759529 0.024500256
0.01319244554 -0.01020759529 0.02826952615
0.01319244554 -0.01020759529 0.03203879631
0.01319244554 -0.01020759529 0.03580806646
0.01319244554 -0.01020759529 0.04334660677
0.01696171569 -0.01020759529 -0.04334660677
0.01696171569 -0.01020759529 -0.03957733661
0.01696171569 -0.01020759529 -0.03580806646
0.01696171569 -0.01020759529 -0.02826952615
0.01696171569 -0.01020759529 -0.024500256
0.01696171569 -0.01020759529 -0.02073098585
0.01696171569 -0.01020759529 -0.01696171569
0.01696171569 -0.01020759529 -0.009423175384
0.01696171569 -0.01020759529 -0.005653905231
0.01696171569 -0.01020759529 -0.001884635077
0.01696171569 -0.01020759529 0.001884635077
0.01696171569 -0.01020759529 0.009423175384
0.01696171569 -0.01020759529 0.01319244554
0.01696171569 -0.01020759529 0.01696171569
0.01696171569 -0.01020759529 0.02073098585
0.01696171569 -0.01020759529 0.02826952615
0.01696171569 -0.01020759529 0.03203879631
0.01696171569 -0.01020759529 0.03580806646
0.01696171569 -0.01020759529 0.03957733661
0.02073098585 -0.01020759529 -0.03957733661
0.02073098585 -0.01020759529 -0.03580806646
0.02073098585 -0.01020759529 -0.03203879631
0.02073098585 -0.01020759529 -0.02826952615
0.02073098585 -0.01020759529 -0.02073098585
0.02073098585 -0.01020759529 -0.01696171569
0.02073098585 -0.01020759529 -0.01319244554
0.02073098585 -0.01020759529 -0.009423175384
0.02073098585 -0.01020759529 -0.001884635077
0.02073098585 -0.01020759529 0.001884635077
0.02073098585 -0.01020759529 0.005653905231
0.02073098585 -0.01020759529 0.009423175384
0.02073098585 -0.01020759529 0.01696171569
0.02073098585 -0.01020759529 0.02073098585
0.02073098585 -0.01020759529 0.024500256
0.02073098585 -0.01020759529 0.02826952615
0.02073098585 -0.01020759529 0.03580806646
0.02073098585 -0.01020759529 0.03957733661
0.024500256 -0.01020759529 -0.03957733661
0.024500256 -0.01020759529 -0.03580806646
0.024500256 -0.01020759529 -0.02826952615
0.024500256 -0.01020759529 -0.024500256
0.024500256 -0.01020759529 -0.02073098585
0.024500256 -0.01020759529 -0.01696171569
0.024500256 -0.01020759529 -0.009423175384
0.024500256 -0.01020759529 -0.005653905231
0.024500256 -0.01020759529 -0.001884635077
0.024500256 -0.01020759529 0.001884635077
0.024500256 -0.01020759529 0.009423175384
0.024500256 -0.01020759529 0.01319244554
0.024500256 -0.01020759529 0.01696171569
0.024500256 -0.01020759529 0.02073098585
0.024500256 -0.01020759529 0.02826952615
0.024500256 -0.01020759529 0.03203879631
0.024500256 -0.01020759529 0.03580806646
0.024500256 -0.01020759529 0.03957733661
0.02826952615 -0.01020759529 -0.03203879631
0.02826952615 -0.01020759529 -0.02826952615
0.02826952615 -0.01020759529 -0.024500256
0.02826952615 -0.01020759529 -0.02073098585
0.02826952615 -0.01020759529 -0.01319244554
0.02826952615 -0.01020759529 -0.009423175384
0.02826952615 -0.01020759529 -0.005653905231
0.02826952615 -0.01020759529 -0.001884635077
0.02826952615 -0.01020759529 0.005653905231
0.02826952615 -0.01020759529 0.009423175384
0.02826952615 -0.01020759529 0.01319244554
0.02826952615 -0.01020759529 0.01696171569
0.02826952615 -0.01020759529 0.024500256
0.02826952615 -0.01020759529 0.02826952615
0.02826952615 -0.01020759529 0.03203879631
0.02826952615 -0.01020759529 0.03580806646
0.03203879631 -0.01020759529 -0.02826952615
0.03203879631 -0.01020759529 -0.024500256
0.03203879631 -0.01020759529 -0.02073098585
0.03203879631 -0.01020759529 -0.01696171569
0.03203879631 -0.01020759529 -0.01319244554
0.03203879631 -0.01020759529 -0.005653905231
0.03203879631 -0.01020759529 -0.001884635077
0.03203879631 -0.01020759529 0.001884635077
0.03203879631 -0.01020759529 0.005653905231
0.03203879631 -0.01020759529 0.01319244554
0.03203879631 -0.01020759529 0.01696171569
0.03203879631 -0.01020759529 0.02073098585
0.03203879631 -0.01020759529 0.024500256
0.03203879631 -0.01020759529 0.03203879631
0.03580806646 -0.01020759529 -0.02826952615
0.03580806646 -0.01020759529 -0.024500256
0.03580806646 -0.01020759529 -0.02073098585
0.03580806646 -0.01020759529 -0.01319244554
0.03580806646 -0.01020759529 -0.009423175384
0.03580806646 -0.01020759529 -0.005653905231
0.03580806646 -0.01020759529 -0.001884635077
0.03580806646 -0.01020759529 0.005653905231
0.03580806646 -0.01020759529 0.009423175384
0.03580806646 -0.01020759529 0.01319244554
0.03580806646 -0.01020759529 0.01696171569
0.03580806646 -0.01020759529 0.024500256
0.03580806646 -0.01020759529 0.02826952615
0.03957733661 -0.01020759529 -0.024500256
0.03957733661 -0.01020759529 -0.02073098585
0.03957733661 -0.01020759529 -0.01319244554
0.03957733661 -0.01020759529 -0.009423175384
0.03957733661 -0.01020759529 -0.005653905231
0.03957733661 -0.01020759529 -0.001884635077
0.03957733661 -0.01020759529 0.005653905231
0.03957733661 -0.01020759529 0.009423175384
0.03957733661 -0.01020759529 0.01319244554
0.03957733661 -0.01020759529 0.01696171569
0.03957733661 -0.01020759529 0.024500256
0.04334660677 -0.01020759529 -0.01696171569
0.04334660677 -0.01020759529 -0.01319244554
0.04334660677 -0.01020759529 -0.009423175384
0.04334660677 -0.01020759529 -0.001884635077
0.04334660677 -0.01020759529 0.001884635077
0.04334660677 -0.01020759529 0.005653905231
0.04334660677 -0.01020759529 0.009423175384
0.04334660677 -0.01020759529 0.01696171569
0.04711587692 -0.01020759529 -0.005653905231
0.04711587692 -0.01020759529 -0.001884635077
0.04711587692 -0.01020759529 0.001884635077
-0.04523124185 -0.007129999094 -0.01507708062
-0.04523124185 -0.007129999094 -0.01130781046
-0.04523124185 -0.007129999094 -0.007538540308
-0.04523124185 -0.007129999094 -0.003769270154
-0.04523124185 -0.007129999094 0.003769270154
-0.04523124185 -0.007129999094 0.007538540308
-0.04523124185 -0.007129999094 0.01130781046
-0.04523124185 -0.007129999094 0.01507708062
-0.04146197169 -0.007129999094 -0.01884635077
-0.04146197169 -0.007129999094 -0.01507708062
-0.04146197169 -0.007129999094 -0.01130781046
-0.04146197169 -0.007129999094 -0.007538540308
-0.04146197169 -0.007129999094 4.33680869e-18
-0.04146197169 -0.007129999094 0.003769270154
-0.04146197169 -0.007129999094 0.007538540308
-0.04146197169 -0.007129999094 0.01130781046
-0.04146197169 -0.007129999094 0.01884635077
-0.04146197169 -0.007129999094 0.02261562092
-0.03769270154 -0.007129999094 -0.02638489108
-0.03769270154 -0.007129999094 -0.02261562092
-0.03769270154 -0.007129999094 -0.01507708062
-0.03769270154 -0.007129999094 -0.01130781046
-0.03769270154 -0.007129999094 -0.007538540308
-0.03769270154 -0.007129999094 -0.003769270154
-0.03769270154 -0.007129999094 0.003769270154
-0.03769270154 -0.007129999094 0.007538540308
-0.03769270154 -0.007129999094 0.01130781046
-0.03769270154 -0.007129999094 0.01507708062
-0.03769270154 -0.007129999094 0.02261562092
-0.03769270154 -0.007129999094 0.02638489108
-0.03392343138 -0.007129999094 -0.03015416123
-0.03392343138 -0.007129999094 -0.02638489108
-0.03392343138 -0.007129999094 -0.01884635077
-0.03392343138 -0.007129999094 -0.01507708062
-0.03392343138 -0.007129999094 -0.01130781046
-0.03392343138 -0.007129999094 -0.007538540308
-0.03392343138 -0.007129999094 -0.003769270154
-0.03392343138 -0.007129999094 0.003769270154
-0.03392343138 -0.007129999094 0.007538540308
-0.03392343138 -0.007129999094 0.01130781046
-0.03392343138 -0.007129999094 0.01507708062
-0.03392343138 -0.007129999094 0.02261562092
-0.03392343138 -0.007129999094 0.02638489108
-0.03392343138 -0.007129999094 0.03015416123
-0.03015416123 -0.007129999094 -0.03392343138
-0.03015416123 -0.007129999094 -0.02638489108
-0.03015416123 -0.007129999094 -0.02261562092
-0.03015416123 -0.007129999094 -0.01884635077
-0.03015416123 -0.007129999094 -0.01507708062
-0.03015416123 -0.007129999094 -0.007538540308
-0.03015416123 -0.007129999094 -0.003769270154
-0.03015416123 -0.007129999094 4.33680869e-18
-0.03015416123 -0.007129999094 0.003769270154
-0.03015416123 -0.007129999094 0.01130781046
-0.03015416123 -0.007129999094 0.01507708062
-0.03015416123 -0.007129999094 0.01884635077
-0.03015416123 -0.007129999094 0.02261562092
-0.03015416123 -0.007129999094 0.03015416123
-0.03015416123 -0.007129999094 0.03392343138
-0.02638489108 -0.007129999094 -0.03769270154
-0.02638489108 -0.007129999094 -0.03392343138
-0.02638489108 -0.007129999094 -0.02638489108
-0.02638489108 -0.007129999094 -0.02261562092
-0.02638489108 -0.007129999094 -0.01884635077
-0.02638489108 -0.007129999094 -0.01507708062
-0.02638489108 -0.007129999094 -0.007538540308
-0.02638489108 -0.007129999094 -0.003769270154
-0.02638489108 -0.007129999094 4.33680869e-18
-0.02638489108 -0.007129999094 0.003769270154
-0.02638489108 -0.007129999094 0.01130781046
-0.02638489108 -0.007129999094 0.01507708062
-0.02638489108 -0.007129999094 0.01884635077
-0.02638489108 -0.007129999094 0.02261562092
-0.02638489108 -0.007129999094 0.03015416123
-0.02638489108 -0.007129999094 0.03392343138
-0.02638489108 -0.007129999094 0.03769270154
-0.02261562092 -0.007129999094 -0.04146197169
-0.02261562092 -0.007129999094 -0.03392343138
-0.02261562092 -0.007129999094 -0.03015416123
-0.02261562092 -0.007129999094 -0.02638489108
-0.02261562092 -0.007129999094 -0.02261562092
-0.02261562092 -0.007129999094 -0.01507708062
-0.02261562092 -0.007129999094 -0.01130781046
-0.02261562092 -0.007129999094 -0.007538540308
-0.02261562092 -0.007129999094 -0.003769270154
-0.02261562092 -0.007129999094 0.003769270154
-0.02261562092 -0.007129999094 0.007538540308
-0.02261562092 -0.007129999094 0.01130781046
-0.02261562092 -0.007129999094 0.01507708062
-0.02261562092 -0.007129999094 0.02261562092
-0.02261562092 -0.007129999094 0.02638489108
-0.02261562092 -0.007129999094 0.03015416123
-0.02261562092 -0.007129999094 0.03392343138
-0.02261562092 -0.007129999094 0.04146197169
-0.01884635077 -0.007129999094 -0.04146197169
-0.01884635077 -0.007129999094 -0.03769270154
-0.01884635077 -0.007129999094 -0.03392343138
-0.01884635077 -0.007129999094 -0.02638489108
-0.01884635077 -0.007129999094 -0.02261562092
-0.01884635077 -0.007129999094 -0.01884635077
-0.01884635077 -0.007129999094 -0.01507708062
-0.01884635077 -0.007129999094 -0.007538540308
-0.01884635077 -0.007129999094 -0.003769270154
-0.01884635077 -0.007129999094 4.33680869e-18
-0.01884635077 -0.007129999094 0.003769270154
-0.01884635077 -0.007129999094 0.01130781046
-0.01884635077 -0.007129999094 0.01507708062
-0.01884635077 -0.007129999094 0.01884635077
-0.01884635077 -0.007129999094 0.02261562092
-0.01884635077 -0.007129999094 0.03015416123
-0.01884635077 -0.007129999094 0.03392343138
-0.01884635077 -0.007129999094 0.03769270154
-0.01884635077 -0.007129999094 0.04146197169
-0.01507708062 -0.007129999094 -0.04146197169
-0.01507708062 -0.007129999094 -0.03769270154
-0.01507708062 -0.007129999094 -0.03392343138
-0.01507708062 -0.007129999094 -0.03015416123
-0.01507708062 -0.007129999094 -0.02638489108
-0.01507708062 -0.007129999094 -0.01884635077
-0.01507708062 -0.007129999094 -0.01507708062
-0.01507708062 -0.007129999094 -0.01130781046
-0.01507708062 -0.007129999094 -0.007538540308
-0.01507708062 -0.007129999094 4.33680869e-18
-0.01507708062 -0.007129999094 0.003769270154
-0.01507708062 -0.007129999094 0.007538540308
-0.01507708062 -0.007129999094 0.01130781046
-0.01507708062 -0.007129999094 0.01884635077
-0.01507708062 -0.007129999094 0.02261562092
-0.01507708062 -0.007129999094 0.02638489108
-0.01507708062 -0.007129999094 0.03015416123
-0.01507708062 -0.007129999094 0.03769270154
-0.01507708062 -0.007129999094 0.04146197169
-0.01507708062 -0.007129999094 0.04523124185
-0.01130781046 -0.007129999094 -0.04523124185
-0.01130781046 -0.007129999094 -0.03769270154
-0.01130781046 -0.007129999094 -0.03392343138
-0.01130781046 -0.007129999094 -0.03015416123
-0.01130781046 -0.007129999094 -0.02638489108
-0.01130781046 -0.007129999094 -0.01884635077
-0.01130781046 -0.007129999094 -0.01507708062
-0.01130781046 -0.007129999094 -0.01130781046
-0.01130781046 -0.007129999094 -0.007538540308
-0.01130781046 -0.007129999094 4.33680869e-18
-0.01130781046 -0.007129999094 0.003769270154
-0.01130781046 -0.007129999094 0.007538540308
-0.01130781046 -0.007129999094 0.01130781046
-0.01130781046 -0.007129999094 0.01884635077
-0.01130781046 -0.007129999094 0.02261562092
-0.01130781046 -0.007129999094 0.02638489108
-0.01130781046 -0.007129999094 0.03015416123
-0.01130781046 -0.007129999094 0.03769270154
-0.01130781046 -0.007129999094 0.04146197169
-0.01130781046 -0.007129999094 0.04523124185
-0.007538540308 -0.007129999094 -0.04523124185
-0.007538540308 -0.007129999094 -0.03769270154
-0.007538540308 -0.007129999094 -0.03392343138
-0.007538540308 -0.007129999094 -0.03015416123
-0.007538540308 -0.007129999094 -0.02638489108
-0.007538540308 -0.007129999094 -0.01884635077
-0.007538540308 -0.007129999094 -0.01507708062
-0.007538540308 -0.007129999094 -0.01130781046
-0.007538540308 -0.007129999094 -0.007538540308
-0.007538540308 -0.007129999094 4.33680869e-18
-0.007538540308 -0.007129999094 0.003769270154
-0.007538540308 -0.007129999094 0.007538540308
-0.007538540308 -0.007129999094 0.01130781046
-0.007538540308 -0.007129999094 0.01884635077
-0.007538540308 -0.007129999094 0.02261562092
-0.007538540308 -0.007129999094 0.02638489108
-0.007538540308 -0.007129999094 0.03015416123
-0.007538540308 -0.007129999094 0.03769270154
-0.007538540308 -0.007129999094 0.04146197169
-0.007538540308 -0.007129999094 0.04523124185
-0.003769270154 -0.007129999094 -0.04523124185
-0.003769270154 -0.007129999094 -0.03769270154
-0.003769270154 -0.007129999094 -0.03392343138
-0.003769270154 -0.007129999094 -0.03015416123
-0.003769270154 -0.007129999094 -0.02638489108
-0.003769270154 -0.007129999094 -0.01884635077
-0.003769270154 -0.007129999094 -0.01507708062
-0.003769270154 -0.007129999094 -0.01130781046
-0.003769270154 -0.007129999094 -0.007538540308
-0.003769270154 -0.007129999094 4.33680869e-18
-0.003769270154 -0.007129999094 0.003769270154
-0.003769270154 -0.007129999094 0.007538540308
-0.003769270154 -0.007129999094 0.01130781046
-0.003769270154 -0.007129999094 0.01884635077
-0.003769270154 -0.007129999094 0.02261562092
-0.003769270154 -0.007129999094 0.02638489108
-0.003769270154 -0.007129999094 0.03015416123
-0.003769270154 -0.007129999094 0.03769270154
-0.003769270154 -0.007129999094 0.04146197169
-0.003769270154 -0.007129999094 0.04523124185
4.33680869e-18 -0.007129999094 -0.04523124185
4.33680869e-18 -0.007129999094 -0.03769270154
4.33680869e-18 -0.007129999094 -0.03392343138
4.33680869e-18 -0.007129999094 -0.03015416123
4.33680869e-18 -0.007129999094 -0.02638489108
4.33680869e-18 -0.007129999094 -0.02261562092
4.33680869e-18 -0.007129999094 -0.01507708062
4.33680869e-18 -0.007129999094 -0.01130781046
4.33680869e-18 -0.007129999094 -0.007538540308
4.33680869e-18 -0.007129999094 -0.003769270154
4.33680869e-18 -0.007129999094 0.003769270154
4.33680869e-18 -0.007129999094 0.007538540308
4.33680869e-18 -0.007129999094 0.01130781046
4.33680869e-18 -0.007129999094 0.01507708062
4.33680869e-18 -0.007129999094 0.02261562092
4.33680869e-18 -0.007129999094 0.02638489108
4.33680869e-18 -0.007129999094 0.03015416123
4.33680869e-18 -0.007129999094 0.03392343138
4.33680869e-18 -0.007129999094 0.04146197169
4.33680869e-18 -0.007129999094 0.04523124185
0.003769270154 -0.007129999094 -0.04523124185
0.003769270154 -0.007129999094 -0.04146197169
0.003769270154 -0.007129999094 -0.03392343138
0.003769270154 -0.007129999094 -0.03015416123
0.003769270154 -0.007129999094 -0.02638489108
0.003769270154 -0.007129999094 -0.02261562092
0.003769270154 -0.007129999094 -0.01507708062
0.003769270154 -0.007129999094 -0.01130781046
0.003769270154 -0.007129999094 -0.007538540308
0.003769270154 -0.007129999094 -0.003769270154
0.003769270154 -0.007129999094 0.003769270154
0.003769270154 -0.007129999094 0.007538540308
0.003769270154 -0.007129999094 0.01130781046
0.003769270154 -0.007129999094 0.01507708062
0.003769270154 -0.007129999094 0.02261562092
0.003769270154 -0.007129999094 0.02638489108
0.003769270154 -0.007129999094 0.03015416123
0.003769270154 -0.007129999094 0.03392343138
0.003769270154 -0.007129999094 0.04146197169
0.003769270154 -0.007129999094 0.04523124185
0.007538540308 -0.007129999094 -0.04523124185
0.007538540308 -0.007129999094 -0.04146197169
0.007538540308 -0.007129999094 -0.03392343138
0.007538540308 -0.007129999094 -0.03015416123
0.007538540308 -0.007129999094 -0.02638489108
0.007538540308 -0.007129999094 -0.02261562092
0.007538540308 -0.007129999094 -0.01507708062
0.007538540308 -0.007129999094 -0.01130781046
0.007538540308 -0.007129999094 -0.007538540308
0.007538540308 -0.007129999094 -0.003769270154
0.007538540308 -0.007129999094 0.003769270154
0.007538540308 -0.007129999094 0.007538540308
0.007538540308 -0.007129999094 0.01130781046
0.007538540308 -0.007129999094 0.01507708062
0.007538540308 -0.007129999094 0.02261562092
0.007538540308 -0.007129999094 0.02638489108
0.007538540308 -0.007129999094 0.03015416123
0.007538540308 -0.007129999094 0.03392343138
0.007538540308 -0.007129999094 0.04146197169
0.007538540308 -0.007129999094 0.04523124185
0.01130781046 -0.007129999094 -0.04523124185
0.01130781046 -0.007129999094 -0.04146197169
0.01130781046 -0.007129999094 -0.03392343138
0.01130781046 -0.007129999094 -0.03015416123
0.01130781046 -0.007129999094 -0.02638489108
0.01130781046 -0.007129999094 -0.02261562092
0.01130781046 -0.007129999094 -0.01507708062
0.01130781046 -0.007129999094 -0.01130781046
0.01130781046 -0.007129999094 -0.007538540308
0.01130781046 -0.007129999094 -0.003769270154
0.01130781046 -0.007129999094 0.003769270154
0.01130781046 -0.007129999094 0.007538540308
0.01130781046 -0.007129999094 0.01130781046
0.01130781046 -0.007129999094 0.01507708062
0.01130781046 -0.007129999094 0.02261562092
0.01130781046 -0.007129999094 0.02638489108
0.01130781046 -0.007129999094 0.03015416123
0.01130781046 -0.007129999094 0.03392343138
0.01130781046 -0.007129999094 0.04146197169
0.01130781046 -0.007129999094 0.04523124185
0.01507708062 -0.007129999094 -0.04523124185
0.01507708062 -0.007129999094 -0.04146197169
0.01507708062 -0.007129999094 -0.03392343138
0.01507708062 -0.007129999094 -0.03015416123
0.01507708062 -0.007129999094 -0.02638489108
0.01507708062 -0.007129999094 -0.02261562092
0.01507708062 -0.007129999094 -0.01884635077
0.01507708062 -0.007129999094 -0.01130781046
0.01507708062 -0.007129999094 -0.007538540308
0.01507708062 -0.007129999094 -0.003769270154
0.01507708062 -0.007129999094 4.33680869e-18
0.01507708062 -0.007129999094 0.007538540308
0.01507708062 -0.007129999094 0.01130781046
0.01507708062 -0.007129999094 0.01507708062
0.01507708062 -0.007129999094 0.01884635077
0.01507708062 -0.007129999094 0.02638489108
0.01507708062 -0.007129999094 0.03015416123
0.01507708062 -0.007129999094 0.03392343138
0.01507708062 -0.007129999094 0.03769270154
0.01507708062 -0.007129999094 0.04523124185
0.01884635077 -0.007129999094 -0.04146197169
0.01884635077 -0.007129999094 -0.03769270154
0.01884635077 -0.007129999094 -0.03392343138
0.01884635077 -0.007129999094 -0.02638489108
0.01884635077 -0.007129999094 -0.02261562092
0.01884635077 -0.007129999094 -0.01884635077
0.01884635077 -0.007129999094 -0.01507708062
0.01884635077 -0.007129999094 -0.007538540308
0.01884635077 -0.007129999094 -0.003769270154
0.01884635077 -0.007129999094 4.33680869e-18
0.01884635077 -0.007129999094 0.003769270154
0.01884635077 -0.007129999094 0.01130781046
0.01884635077 -0.007129999094 0.01507708062
0.01884635077 -0.007129999094 0.01884635077
0.01884635077 -0.007129999094 0.02261562092
0.01884635077 -0.007129999094 0.03015416123
0.01884635077 -0.007129999094 0.03392343138
0.01884635077 -0.007129999094 0.03769270154
0.01884635077 -0.007129999094 0.04146197169
0.02261562092 -0.007129999094 -0.03769270154
0.02261562092 -0.007129999094 -0.03392343138
0.02261562092 -0.007129999094 -0.03015416123
0.02261562092 -0.007129999094 -0.02638489108
0.02261562092 -0.007129999094 -0.01884635077
0.02261562092 -0.007129999094 -0.01507708062
0.02261562092 -0.007129999094 -0.01130781046
0.02261562092 -0.007129999094 -0.007538540308
0.02261562092 -0.007129999094 4.33680869e-18
0.02261562092 -0.007129999094 0.003769270154
0.02261562092 -0.007129999094 0.007538540308
0.02261562092 -0.007129999094 0.01130781046
0.02261562092 -0.007129999094 0.01884635077
0.02261562092 -0.007129999094 0.02261562092
0.02261562092 -0.007129999094 0.02638489108
0.02261562092 -0.007129999094 0.03015416123
0.02261562092 -0.007129999094 0.03769270154
0.02261562092 -0.007129999094 0.04146197169
0.02638489108 -0.007129999094 -0.03769270154
0.02638489108 -0.007129999094 -0.03392343138
0.02638489108 -0.007129999094 -0.02638489108
0.02638489108 -0.007129999094 -0.02261562092
0.02638489108 -0.007129999094 -0.01884635077
0.02638489108 -0.007129999094 -0.01507708062
0.02638489108 -0.007129999094 -0.007538540308
0.02638489108 -0.007129999094 -0.003769270154
0.02638489108 -0.007129999094 4.33680869e-18
0.02638489108 -0.007129999094 0.003769270154
0.02638489108 -0.007129999094 0.01130781046
0.02638489108 -0.007129999094 0.01507708062
0.02638489108 -0.007129999094 0.01884635077
0.02638489108 -0.007129999094 0.02261562092
0.02638489108 -0.007129999094 0.03015416123
0.02638489108 -0.007129999094 0.03392343138
0.02638489108 -0.007129999094 0.03769270154
0.03015416123 -0.007129999094 -0.03392343138
0.03015416123 -0.007129999094 -0.02638489108
0.03015416123 -0.007129999094 -0.02261562092
0.03015416123 -0.007129999094 -0.01884635077
0.03015416123 -0.007129999094 -0.01507708062
0.03015416123 -0.007129999094 -0.007538540308
0.03015416123 -0.007129999094 -0.003769270154
0.03015416123 -0.007129999094 4.33680869e-18
0.03015416123 -0.007129999094 0.003769270154
0.03015416123 -0.007129999094 0.01130781046
0.03015416123 -0.007129999094 0.01507708062
0.03015416123 -0.007129999094 0.01884635077
0.03015416123 -0.007129999094 0.02261562092
0.03015416123 -0.007129999094 0.02638489108
0.03015416123 -0.007129999094 0.03392343138
0.03392343138 -0.007129999094 -0.03015416123
0.03392343138 -0.007129999094 -0.02638489108
0.03392343138 -0.007129999094 -0.02261562092
0.03392343138 -0.007129999094 -0.01507708062
0.03392343138 -0.007129999094 -0.01130781046
0.03392343138 -0.007129999094 -0.007538540308
0.03392343138 -0.007129999094 -0.003769270154
0.03392343138 -0.007129999094 0.003769270154
0.03392343138 -0.007129999094 0.007538540308
0.03392343138 -0.007129999094 0.01130781046
0.03392343138 -0.007129999094 0.01507708062
0.03392343138 -0.007129999094 0.02261562092
0.03392343138 -0.007129999094 0.02638489108
0.03392343138 -0.007129999094 0.03015416123
0.03769270154 -0.007129999094 -0.02638489108
0.03769270154 -0.007129999094 -0.01884635077
0.03769270154 -0.007129999094 -0.01507708062
0.03769270154 -0.007129999094 -0.01130781046
0.03769270154 -0.007129999094 -0.007538540308
0.03769270154 -0.007129999094 4.33680869e-18
0.03769270154 -0.007129999094 0.003769270154
0.03769270154 -0.007129999094 0.007538540308
0.03769270154 -0.007129999094 0.01130781046
0.03769270154 -0.007129999094 0.01884635077
0.03769270154 -0.007129999094 0.02261562092
0.03769270154 -0.007129999094 0.02638489108
0.04146197169 -0.007129999094 -0.02261562092
0.04146197169 -0.007129999094 -0.01507708062
0.04146197169 -0.007129999094 -0.01130781046
0.04146197169 -0.007129999094 -0.007538540308
0.04146197169 -0.007129999094 -0.003769270154
0.04146197169 -0.007129999094 0.003769270154
0.04146197169 -0.007129999094 0.007538540308
0.04146197169 -0.007129999094 0.01130781046
0.04146197169 -0.007129999094 0.01507708062
0.04146197169 -0.007129999094 0.02261562092
0.04523124185 -0.007129999094 -0.01507708062
0.04523124185 -0.007129999094 -0.01130781046
0.04523124185 -0.007129999094 -0.007538540308
0.04523124185 -0.007129999094 4.33680869e-18
0.04523124185 -0.007129999094 0.003769270154
0.04523124185 -0.007129999094 0.007538540308
0.04523124185 -0.007129999094 0.01130781046
-0.04334660677 -0.004052402901 -0.01696171569
-0.04334660677 -0.004052402901 -0.01319244554
-0.04334660677 -0.004052402901 -0.009423175384
-0.04334660677 -0.004052402901 -0.005653905231
-0.04334660677 -0.004052402901 0.001884635077
-0.04334660677 -0.004052402901 0.005653905231
-0.04334660677 -0.004052402901 0.009423175384
-0.04334660677 -0.004052402901 0.01319244554
-0.03957733661 -0.004052402901 -0.024500256
-0.03957733661 -0.004052402901 -0.02073098585
-0.03957733661 -0.004052402901 -0.01696171569
-0.03957733661 -0.004052402901 -0.01319244554
-0.03957733661 -0.004052402901 -0.005653905231
-0.03957733661 -0.004052402901 -0.001884635077
-0.03957733661 -0.004052402901 0.001884635077
-0.03957733661 -0.004052402901 0.005653905231
-0.03957733661 -0.004052402901 0.01319244554
-0.03957733661 -0.004052402901 0.01696171569
-0.03957733661 -0.004052402901 0.02073098585
-0.03957733661 -0.004052402901 0.024500256
-0.03580806646 -0.004052402901 -0.024500256
-0.03580806646 -0.004052402901 -0.02073098585
-0.03580806646 -0.004052402901 -0.01696171569
-0.03580806646 -0.004052402901 -0.01319244554
-0.03580806646 -0.004052402901 -0.005653905231
-0.03580806646 -0.004052402901 -0.001884635077
-0.03580806646 -0.004052402901 0.001884635077
-0.03580806646 -0.004052402901 0.005653905231
-0.03580806646 -0.004052402901 0.01319244554
-0.03580806646 -0.004052402901 0.01696171569
-0.03580806646 -0.004052402901 0.02073098585
-0.03580806646 -0.004052402901 0.024500256
-0.03203879631 -0.004052402901 -0.03203879631
-0.03203879631 -0.004052402901 -0.02826952615
-0.03203879631 -0.004052402901 -0.024500256
-0.03203879631 -0.004052402901 -0.02073098585
-0.03203879631 -0.004052402901 -0.01696171569
-0.03203879631 -0.004052402901 -0.009423175384
-0.03203879631 -0.004052402901 -0.005653905231
-0.03203879631 -0.004052402901 -0.001884635077
-0.03203879631 -0.004052402901 0.001884635077
-0.03203879631 -0.004052402901 0.009423175384
-0.03203879631 -0.004052402901 0.01319244554
-0.03203879631 -0.004052402901 0.01696171569
-0.03203879631 -0.004052402901 0.02073098585
-0.03203879631 -0.004052402901 0.02826952615
-0.03203879631 -0.004052402901 0.03203879631
-0.02826952615 -0.004052402901 -0.03580806646
-0.02826952615 -0.004052402901 -0.03203879631
-0.02826952615 -0.004052402901 -0.024500256
-0.02826952615 -0.004052402901 -0.02073098585
-0.02826952615 -0.004052402901 -0.01696171569
-0.02826952615 -0.004052402901 -0.01319244554
-0.02826952615 -0.004052402901 -0.005653905231
-0.02826952615 -0.004052402901 -0.001884635077
-0.02826952615 -0.004052402901 0.001884635077
-0.02826952615 -0.004052402901 0.005653905231
-0.02826952615 -0.004052402901 0.01319244554
-0.02826952615 -0.004052402901 0.01696171569
-0.02826952615 -0.004052402901 0.02073098585
-0.02826952615 -0.004052402901 0.024500256
-0.02826952615 -0.004052402901 0.03203879631
-0.02826952615 -0.004052402901 0.03580806646
-0.024500256 -0.004052402901 -0.03957733661
-0.024500256 -0.004052402901 -0.03580806646
-0.024500256 -0.004052402901 -0.02826952615
-0.024500256 -0.004052402901 -0.024500256
-0.024500256 -0.004052402901 -0.02073098585
-0.024500256 -0.004052402901 -0.01696171569
-0.024500256 -0.004052402901 -0.009423175384
-0.024500256 -0.004052402901 -0.005653905231
-0.024500256 -0.004052402901 -0.001884635077
-0.024500256 -0.004052402901 0.001884635077
-0.024500256 -0.004052402901 0.009423175384
-0.024500256 -0.004052402901 0.01319244554
-0.024500256 -0.004052402901 0.01696171569
-0.024500256 -0.004052402901 0.02073098585
-0.024500256 -0.004052402901 0.02826952615
-0.024500256 -0.004052402901 0.03203879631
-0.024500256 -0.004052402901 0.03580806646
-0.024500256 -0.004052402901 0.03957733661
-0.02073098585 -0.004052402901 -0.03580806646
-0.02073098585 -0.004052402901 -0.03203879631
-0.02073098585 -0.004052402901 -0.02826952615
-0.02073098585 -0.004052402901 -0.024500256
-0.02073098585 -0.004052402901 -0.01696171569
-0.02073098585 -0.004052402901 -0.01319244554
-0.02073098585 -0.004052402901 -0.009423175384
-0.02073098585 -0.004052402901 -0.005653905231
-0.02073098585 -0.004052402901 0.001884635077
-0.02073098585 -0.004052402901 0.005653905231
-0.02073098585 -0.004052402901 0.009423175384
-0.02073098585 -0.004052402901 0.01319244554
-0.02073098585 -0.004052402901 0.02073098585
-0.02073098585 -0.004052402901 0.024500256
-0.02073098585 -0.004052402901 0.02826952615
-0.02073098585 -0.004052402901 0.03203879631
-0.02073098585 -0.004052402901 0.03957733661
-0.01696171569 -0.004052402901 -0.04334660677
-0.01696171569 -0.004052402901 -0.03957733661
-0.01696171569 -0.004052402901 -0.03580806646
-0.01696171569 -0.004052402901 -0.02826952615
-0.01696171569 -0.004052402901 -0.024500256
-0.01696171569 -0.004052402901 -0.02073098585
-0.01696171569 -0.004052402901 -0.01696171569
-0.01696171569 -0.004052402901 -0.009423175384
-0.01696171569 -0.004052402901 -0.005653905231
-0.01696171569 -0.004052402901 -0.001884635077
-0.01696171569 -0.004052402901 0.001884635077
-0.01696171569 -0.004052402901 0.009423175384
-0.01696171569 -0.004052402901 0.01319244554
-0.01696171569 -0.004052402901 0.01696171569
-0.01696171569 -0.004052402901 0.02073098585
-0.01696171569 -0.004052402901 0.02826952615
-0.01696171569 -0.004052402901 0.03203879631
-0.01696171569 -0.004052402901 0.03580806646
-0.01696171569 -0.004052402901 0.03957733661
-0.01696171569 -0.004052402901 0.04334660677
-0.01319244554 -0.004052402901 -0.03957733661
-0.01319244554 -0.004052402901 -0.03580806646
-0.01319244554 -0.004052402901 -0.03203879631
-0.01319244554 -0.004052402901 -0.02826952615
-0.01319244554 -0.004052402901 -0.02073098585
-0.01319244554 -0.004052402901 -0.01696171569
-0.01319244554 -0.004052402901 -0.01319244554
-0.01319244554 -0.004052402901 -0.009423175384
-0.01319244554 -0.004052402901 -0.001884635077
-0.01319244554 -0.004052402901 0.001884635077
-0.01319244554 -0.004052402901 0.005653905231
-0.01319244554 -0.004052402901 0.009423175384
-0.01319244554 -0.004052402901 0.01696171569
-0.01319244554 -0.004052402901 0.02073098585
-0.01319244554 -0.004052402901 0.024500256
-0.01319244554 -0.004052402901 0.02826952615
-0.01319244554 -0.004052402901 0.03580806646
-0.01319244554 -0.004052402901 0.03957733661
-0.01319244554 -0.004052402901 0.04334660677
-0.009423175384 -0.004052402901 -0.04334660677
-0.009423175384 -0.004052402901 -0.03580806646
-0.009423175384 -0.004052402901 -0.03203879631
-0.009423175384 -0.004052402901 -0.02826952615
-0.009423175384 -0.004052402901 -0.024500256
-0.009423175384 -0.004052402901 -0.01696171569
-0.009423175384 -0.004052402901 -0.01319244554
-0.009423175384 -0.004052402901 -0.009423175384
-0.009423175384 -0.004052402901 -0.005653905231
-0.009423175384 -0.004052402901 0.001884635077
-0.009423175384 -0.004052402901 0.005653905231
-0.009423175384 -0.004052402901 0.009423175384
-0.009423175384 -0.004052402901 0.01319244554
-0.009423175384 -0.004052402901 0.02073098585
-0.009423175384 -0.004052402901 0.024500256
-0.009423175384 -0.004052402901 0.02826952615
-0.009423175384 -0.004052402901 0.03203879631
-0.009423175384 -0.004052402901 0.03957733661
-0.009423175384 -0.004052402901 0.04334660677
-0.005653905231 -0.004052402901 -0.04334660677
-0.005653905231 -0.004052402901 -0.03957733661
-0.005653905231 -0.004052402901 -0.03203879631
-0.005653905231 -0.004052402901 -0.02826952615
-0.005653905231 -0.004052402901 -0.024500256
-0.005653905231 -0.004052402901 -0.02073098585
-0.005653905231 -0.004052402901 -0.01319244554
-0.005653905231 -0.004052402901 -0.009423175384
-0.005653905231 -0.004052402901 -0.005653905231
-0.005653905231 -0.004052402901 -0.001884635077
-0.005653905231 -0.004052402901 0.005653905231
-0.005653905231 -0.004052402901 0.009423175384
-0.005653905231 -0.004052402901 0.01319244554
-0.005653905231 -0.004052402901 0.01696171569
-0.005653905231 -0.004052402901 0.024500256
-0.005653905231 -0.004052402901 0.02826952615
-0.005653905231 -0.004052402901 0.03203879631
-0.005653905231 -0.004052402901 0.03580806646
-0.005653905231 -0.004052402901 0.04334660677
-0.005653905231 -0.004052402901 0.04711587692
-0.001884635077 -0.004052402901 -0.04334660677
-0.001884635077 -0.004052402901 -0.03957733661
-0.001884635077 -0.004052402901 -0.03203879631
-0.001884635077 -0.004052402901 -0.02826952615
-0.001884635077 -0.004052402901 -0.024500256
-0.001884635077 -0.004052402901 -0.02073098585
-0.001884635077 -0.004052402901 -0.01319244554
-0.001884635077 -0.004052402901 -0.009423175384
-0.001884635077 -0.004052402901 -0.005653905231
-0.001884635077 -0.004052402901 -0.001884635077
-0.001884635077 -0.004052402901 0.005653905231
-0.001884635077 -0.004052402901 0.009423175384
-0.001884635077 -0.004052402901 0.01319244554
-0.001884635077 -0.004052402901 0.01696171569
-0.001884635077 -0.004052402901 0.024500256
-0.001884635077 -0.004052402901 0.02826952615
-0.001884635077 -0.004052402901 0.03203879631
-0.001884635077 -0.004052402901 0.03580806646
-0.001884635077 -0.004052402901 0.03957733661
-0.001884635077 -0.004052402901 0.04711587692
0.001884635077 -0.004052402901 -0.04334660677
0.001884635077 -0.004052402901 -0.03957733661
0.001884635077 -0.004052402901 -0.03580806646
0.001884635077 -0.004052402901 -0.02826952615
0.001884635077 -0.004052402901 -0.024500256
0.001884635077 -0.004052402901 -0.02073098585
0.001884635077 -0.004052402901 -0.01696171569
0.001884635077 -0.004052402901 -0.009423175384
0.001884635077 -0.004052402901 -0.005653905231
0.001884635077 -0.004052402901 -0.001884635077
0.001884635077 -0.004052402901 0.001884635077
0.001884635077 -0.004052402901 0.009423175384
0.001884635077 -0.004052402901 0.01319244554
0.001884635077 -0.004052402901 0.01696171569
0.001884635077 -0.004052402901 0.02073098585
0.001884635077 -0.004052402901 0.02826952615
0.001884635077 -0.004052402901 0.03203879631
0.001884635077 -0.004052402901 0.03580806646
0.001884635077 -0.004052402901 0.03957733661
0.001884635077 -0.004052402901 0.04711587692
0.005653905231 -0.004052402901 -0.04334660677
0.005653905231 -0.004052402901 -0.03957733661
0.005653905231 -0.004052402901 -0.03580806646
0.005653905231 -0.004052402901 -0.02826952615
0.005653905231 -0.004052402901 -0.024500256
0.005653905231 -0.004052402901 -0.02073098585
0.005653905231 -0.004052402901 -0.01696171569
0.005653905231 -0.004052402901 -0.009423175384
0.005653905231 -0.004052402901 -0.005653905231
0.005653905231 -0.004052402901 -0.001884635077
0.005653905231 -0.004052402901 0.001884635077
0.005653905231 -0.004052402901 0.009423175384
0.005653905231 -0.004052402901 0.01319244554
0.005653905231 -0.004052402901 0.01696171569
0.005653905231 -0.004052402901 0.02073098585
0.005653905231 -0.004052402901 0.02826952615
0.005653905231 -0.004052402901 0.03203879631
0.005653905231 -0.004052402901 0.03580806646
0.005653905231 -0.004052402901 0.03957733661
0.005653905231 -0.004052402901 0.04711587692
0.009423175384 -0.004052402901 -0.04334660677
0.009423175384 -0.004052402901 -0.03957733661
0.009423175384 -0.004052402901 -0.03580806646
0.009423175384 -0.004052402901 -0.02826952615
0.009423175384 -0.004052402901 -0.024500256
0.009423175384 -0.004052402901 -0.02073098585
0.009423175384 -0.004052402901 -0.01696171569
0.009423175384 -0.004052402901 -0.009423175384
0.009423175384 -0.004052402901 -0.005653905231
0.009423175384 -0.004052402901 -0.001884635077
0.009423175384 -0.004052402901 0.001884635077
0.009423175384 -0.004052402901 0.009423175384
0.009423175384 -0.004052402901 0.01319244554
0.009423175384 -0.004052402901 0.01696171569
0.009423175384 -0.004052402901 0.02073098585
0.009423175384 -0.004052402901 0.02826952615
0.009423175384 -0.004052402901 0.03203879631
0.009423175384 -0.004052402901 0.03580806646
0.009423175384 -0.004052402901 0.03957733661
0.01319244554 -0.004052402901 -0.04334660677
0.01319244554 -0.004052402901 -0.03957733661
0.01319244554 -0.004052402901 -0.03580806646
0.01319244554 -0.004052402901 -0.03203879631
0.01319244554 -0.004052402901 -0.024500256
0.01319244554 -0.004052402901 -0.02073098585
0.01319244554 -0.004052402901 -0.01696171569
0.01319244554 -0.004052402901 -0.01319244554
0.01319244554 -0.004052402901 -0.005653905231
0.01319244554 -0.004052402901 -0.001884635077
0.01319244554 -0.004052402901 0.001884635077
0.01319244554 -0.004052402901 0.005653905231
0.01319244554 -0.004052402901 0.01319244554
0.01319244554 -0.004052402901 0.01696171569
0.01319244554 -0.004052402901 0.02073098585
0.01319244554 -0.004052402901 0.024500256
0.01319244554 -0.004052402901 0.03203879631
0.01319244554 -0.004052402901 0.03580806646
0.01319244554 -0.004052402901 0.03957733661
0.01319244554 -0.004052402901 0.04334660677
0.01696171569 -0.004052402901 -0.04334660677
0.01696171569 -0.004052402901 -0.03580806646
0.01696171569 -0.004052402901 -0.03203879631
0.01696171569 -0.004052402901 -0.02826952615
0.01696171569 -0.004052402901 -0.024500256
0.01696171569 -0.004052402901 -0.01696171569
0.01696171569 -0.004052402901 -0.01319244554
0.01696171569 -0.004052402901 -0.009423175384
0.01696171569 -0.004052402901 -0.005653905231
0.01696171569 -0.004052402901 0.001884635077
0.01696171569 -0.004052402901 0.005653905231
0.01696171569 -0.004052402901 0.009423175384
0.01696171569 -0.004052402901 0.01319244554
0.01696171569 -0.004052402901 0.02073098585
0.01696171569 -0.004052402901 0.024500256
0.01696171569 -0.004052402901 0.02826952615
0.01696171569 -0.004052402901 0.03203879631
0.01696171569 -0.004052402901 0.03957733661
0.01696171569 -0.004052402901 0.04334660677
0.02073098585 -0.004052402901 -0.03957733661
0.02073098585 -0.004052402901 -0.03580806646
0.02073098585 -0.004052402901 -0.02826952615
0.02073098585 -0.004052402901 -0.024500256
0.02073098585 -0.004052402901 -0.02073098585
0.02073098585 -0.004052402901 -0.01696171569
0.02073098585 -0.004052402901 -0.009423175384
0.02073098585 -0.004052402901 -0.005653905231
0.02073098585 -0.004052402901 -0.001884635077
0.02073098585 -0.004052402901 0.001884635077
0.02073098585 -0.004052402901 0.009423175384
0.02073098585 -0.004052402901 0.01319244554
0.02073098585 -0.004052402901 0.01696171569
0.02073098585 -0.004052402901 0.02073098585
0.02073098585 -0.004052402901 0.02826952615
0.02073098585 -0.004052402901 0.03203879631
0.02073098585 -0.004052402901 0.03580806646
0.02073098585 -0.004052402901 0.03957733661
0.024500256 -0.004052402901 -0.03580806646
0.024500256 -0.004052402901 -0.03203879631
0.024500256 -0.004052402901 -0.02826952615
0.024500256 -0.004052402901 -0.024500256
0.024500256 -0.004052402901 -0.01696171569
0.024500256 -0.004052402901 -0.01319244554
0.024500256 -0.004052402901 -0.009423175384
0.024500256 -0.004052402901 -0.005653905231
0.024500256 -0.004052402901 0.001884635077
0.024500256 -0.004052402901 0.005653905231
0.024500256 -0.004052402901 0.009423175384
0.024500256 -0.004052402901 0.01319244554
0.024500256 -0.004052402901 0.02073098585
0.024500256 -0.004052402901 0.024500256
0.024500256 -0.004052402901 0.02826952615
0.024500256 -0.004052402901 0.03203879631
0.024500256 -0.004052402901 0.03957733661
0.02826952615 -0.004052402901 -0.03580806646
0.02826952615 -0.004052402901 -0.03203879631
0.02826952615 -0.004052402901 -0.02826952615
0.02826952615 -0.004052402901 -0.02073098585
0.02826952615 -0.004052402901 -0.01696171569
0.02826952615 -0.004052402901 -0.01319244554
0.02826952615 -0.004052402901 -0.009423175384
0.02826952615 -0.004052402901 -0.001884635077
0.02826952615 -0.004052402901 0.001884635077
0.02826952615 -0.004052402901 0.005653905231
0.02826952615 -0.004052402901 0.009423175384
0.02826952615 -0.004052402901 0.01696171569
0.02826952615 -0.004052402901 0.02073098585
0.02826952615 -0.004052402901 0.024500256
0.02826952615 -0.004052402901 0.02826952615
0.02826952615 -0.004052402901 0.03580806646
0.03203879631 -0.004052402901 -0.03203879631
0.03203879631 -0.004052402901 -0.02826952615
0.03203879631 -0.004052402901 -0.024500256
0.03203879631 -0.004052402901 -0.01696171569
0.03203879631 -0.004052402901 -0.01319244554
0.03203879631 -0.004052402901 -0.009423175384
0.03203879631 -0.004052402901 -0.005653905231
0.03203879631 -0.004052402901 0.001884635077
0.03203879631 -0.004052402901 0.005653905231
0.03203879631 -0.004052402901 0.009423175384
0.03203879631 -0.004052402901 0.01319244554
0.03203879631 -0.004052402901 0.01696171569
0.03203879631 -0.004052402901 0.024500256
0.03203879631 -0.004052402901 0.02826952615
0.03203879631 -0.004052402901 0.03203879631
0.03580806646 -0.004052402901 -0.02826952615
0.03580806646 -0.004052402901 -0.02073098585
0.03580806646 -0.004052402901 -0.01696171569
0.03580806646 -0.004052402901 -0.01319244554
0.03580806646 -0.004052402901 -0.009423175384
0.03580806646 -0.004052402901 -0.001884635077
0.03580806646 -0.004052402901 0.001884635077
0.03580806646 -0.004052402901 0.005653905231
0.03580806646 -0.004052402901 0.009423175384
0.03580806646 -0.004052402901 0.01696171569
0.03580806646 -0.004052402901 0.02073098585
0.03580806646 -0.004052402901 0.024500256
0.03580806646 -0.004052402901 0.02826952615
0.03957733661 -0.004052402901 -0.02073098585
0.03957733661 -0.004052402901 -0.01696171569
0.03957733661 -0.004052402901 -0.01319244554
0.03957733661 -0.004052402901 -0.009423175384
0.03957733661 -0.004052402901 -0.001884635077
0.03957733661 -0.004052402901 0.001884635077
0.03957733661 -0.004052402901 0.005653905231
0.03957733661 -0.004052402901 0.009423175384
0.03957733661 -0.004052402901 0.01696171569
0.03957733661 -0.004052402901 0.02073098585
0.03957733661 -0.004052402901 0.024500256
0.04334660677 -0.004052402901 -0.01696171569
0.04334660677 -0.004052402901 -0.009423175384
0.04334660677 -0.004052402901 -0.005653905231
0.04334660677 -0.004052402901 -0.001884635077
0.04334660677 -0.004052402901 0.001884635077
0.04334660677 -0.004052402901 0.009423175384
0.04334660677 -0.004052402901 0.01319244554
0.04334660677 -0.004052402901 0.01696171569
0.04711587692 -0.004052402901 -0.005653905231
0.04711587692 -0.004052402901 0.001884635077
0.04711587692 -0.004052402901 0.005653905231
-0.04523124185 -0.000974806708 -0.01507708062
-0.04523124185 -0.000974806708 -0.01130781046
-0.04523124185 -0.000974806708 -0.003769270154
-0.04523124185 -0.000974806708 4.33680869e-18
-0.04523124185 -0.000974806708 0.003769270154
-0.04523124185 -0.000974806708 0.007538540308
-0.04523124185 -0.000974806708 0.01507708062
-0.04146197169 -0.000974806708 -0.02261562092
-0.04146197169 -0.000974806708 -0.01884635077
-0.04146197169 -0.000974806708 -0.01507708062
-0.04146197169 -0.000974806708 -0.007538540308
-0.04146197169 -0.000974806708 -0.003769270154
-0.04146197169 -0.000974806708 4.33680869e-18
-0.04146197169 -0.000974806708 0.003769270154
-0.04146197169 -0.000974806708 0.01130781046
-0.04146197169 -0.000974806708 0.01507708062
-0.04146197169 -0.000974806708 0.01884635077
-0.04146197169 -0.000974806708 0.02261562092
-0.03769270154 -0.000974806708 -0.02261562092
-0.03769270154 -0.000974806708 -0.01884635077
-0.03769270154 -0.000974806708 -0.01507708062
-0.03769270154 -0.000974806708 -0.01130781046
-0.03769270154 -0.000974806708 -0.003769270154
-0.03769270154 -0.000974806708 4.33680869e-18
-0.03769270154 -0.000974806708 0.003769270154
-0.03769270154 -0.000974806708 0.007538540308
-0.03769270154 -0.000974806708 0.01507708062
-0.03769270154 -0.000974806708 0.01884635077
-0.03769270154 -0.000974806708 0.02261562092
-0.03769270154 -0.000974806708 0.02638489108
-0.03392343138 -0.000974806708 -0.02638489108
-0.03392343138 -0.000974806708 -0.02261562092
-0.03392343138 -0.000974806708 -0.01884635077
-0.03392343138 -0.000974806708 -0.01507708062
-0.03392343138 -0.000974806708 -0.007538540308
-0.03392343138 -0.000974806708 -0.003769270154
-0.03392343138 -0.000974806708 4.33680869e-18
-0.03392343138 -0.000974806708 0.003769270154
-0.03392343138 -0.000974806708 0.01130781046
-0.03392343138 -0.000974806708 0.01507708062
-0.03392343138 -0.000974806708 0.01884635077
-0.03392343138 -0.000974806708 0.02261562092
-0.03392343138 -0.000974806708 0.02638489108
-0.03015416123 -0.000974806708 -0.03392343138
-0.03015416123 -0.000974806708 -0.03015416123
-0.03015416123 -0.000974806708 -0.02638489108
-0.03015416123 -0.000974806708 -0.02261562092
-0.03015416123 -0.000974806708 -0.01507708062
-0.03015416123 -0.000974806708 -0.01130781046
-0.03015416123 -0.000974806708 -0.007538540308
-0.03015416123 -0.000974806708 -0.003769270154
-0.03015416123 -0.000974806708 0.003769270154
-0.03015416123 -0.000974806708 0.007538540308
-0.03015416123 -0.000974806708 0.01130781046
-0.03015416123 -0.000974806708 0.01507708062
-0.03015416123 -0.000974806708 0.02261562092
-0.03015416123 -0.000974806708 0.02638489108
-0.03015416123 -0.000974806708 0.03015416123
-0.03015416123 -0.000974806708 0.03392343138
-0.02638489108 -0.000974806708 -0.03392343138
-0.02638489108 -0.000974806708 -0.03015416123
-0.02638489108 -0.000974806708 -0.02638489108
-0.02638489108 -0.000974806708 -0.02261562092
-0.02638489108 -0.000974806708 -0.01507708062
-0.02638489108 -0.000974806708 -0.01130781046
-0.02638489108 -0.000974806708 -0.007538540308
-0.02638489108 -0.000974806708 -0.003769270154
-0.02638489108 -0.000974806708 0.003769270154
-0.02638489108 -0.000974806708 0.007538540308
-0.02638489108 -0.000974806708 0.01130781046
-0.02638489108 -0.000974806708 0.01507708062
-0.02638489108 -0.000974806708 0.02261562092
-0.02638489108 -0.000974806708 0.02638489108
-0.02638489108 -0.000974806708 0.03015416123
-0.02638489108 -0.000974806708 0.03392343138
-0.02261562092 -0.000974806708 -0.04146197169
-0.02261562092 -0.000974806708 -0.03769270154
-0.02261562092 -0.000974806708 -0.03392343138
-0.02261562092 -0.000974806708 -0.03015416123
-0.02261562092 -0.000974806708 -0.02261562092
-0.02261562092 -0.000974806708 -0.01884635077
-0.02261562092 -0.000974806708 -0.01507708062
-0.02261562092 -0.000974806708 -0.01130781046
-0.02261562092 -0.000974806708 -0.003769270154
-0.02261562092 -0.000974806708 4.33680869e-18
-0.02261562092 -0.000974806708 0.003769270154
-0.02261562092 -0.000974806708 0.007538540308
-0.02261562092 -0.000974806708 0.01507708062
-0.02261562092 -0.000974806708 0.01884635077
-0.02261562092 -0.000974806708 0.02261562092
-0.02261562092 -0.000974806708 0.02638489108
-0.02261562092 -0.000974806708 0.03392343138
-0.02261562092 -0.000974806708 0.03769270154
-0.02261562092 -0.000974806708 0.04146197169
-0.01884635077 -0.000974806708 -0.04146197169
-0.01884635077 -0.000974806708 -0.03392343138
-0.01884635077 -0.000974806708 -0.03015416123
-0.01884635077 -0.000974806708 -0.02638489108
-0.01884635077 -0.000974806708 -0.02261562092
-0.01884635077 -0.000974806708 -0.01507708062
-0.01884635077 -0.000974806708 -0.01130781046
-0.01884635077 -0.000974806708 -0.007538540308
-0.01884635077 -0.000974806708 -0.003769270154
-0.01884635077 -0.000974806708 0.003769270154
-0.01884635077 -0.000974806708 0.007538540308
-0.01884635077 -0.000974806708 0.01130781046
-0.01884635077 -0.000974806708 0.01507708062
-0.01884635077 -0.000974806708 0.02261562092
-0.01884635077 -0.000974806708 0.02638489108
-0.01884635077 -0.000974806708 0.03015416123
-0.01884635077 -0.000974806708 0.03392343138
-0.01884635077 -0.000974806708 0.04146197169
-0.01507708062 -0.000974806708 -0.04523124185
-0.01507708062 -0.000974806708 -0.04146197169
-0.01507708062 -0.000974806708 -0.03769270154
-0.01507708062 -0.000974806708 -0.03015416123
-0.01507708062 -0.000974806708 -0.02638489108
-0.01507708062 -0.000974806708 -0.02261562092
-0.01507708062 -0.000974806708 -0.01884635077
-0.01507708062 -0.000974806708 -0.01130781046
-0.01507708062 -0.000974806708 -0.007538540308
-0.01507708062 -0.000974806708 -0.003769270154
-0.01507708062 -0.000974806708 4.33680869e-18
-0.01507708062 -0.000974806708 0.003769270154
-0.01507708062 -0.000974806708 0.01130781046
-0.01507708062 -0.000974806708 0.01507708062
-0.01507708062 -0.000974806708 0.01884635077
-0.01507708062 -0.000974806708 0.02261562092
-0.01507708062 -0.000974806708 0.03015416123
-0.01507708062 -0.000974806708 0.03392343138
-0.01507708062 -0.000974806708 0.03769270154
-0.01507708062 -0.000974806708 0.04146197169
-0.01130781046 -0.000974806708 -0.04523124185
-0.01130781046 -0.000974806708 -0.04146197169
-0.01130781046 -0.000974806708 -0.03769270154
-0.01130781046 -0.000974806708 -0.03392343138
-0.01130781046 -0.000974806708 -0.02638489108
-0.01130781046 -0.000974806708 -0.02261562092
-0.01130781046 -0.000974806708 -0.01884635077
-0.01130781046 -0.000974806708 -0.01507708062
-0.01130781046 -0.000974806708 -0.007538540308
-0.01130781046 -0.000974806708 -0.003769270154
-0.01130781046 -0.000974806708 4.33680869e-18
-0.01130781046 -0.000974806708 0.003769270154
-0.01130781046 -0.000974806708 0.01130781046
-0.01130781046 -0.000974806708 0.01507708062
-0.01130781046 -0.000974806708 0.01884635077
-0.01130781046 -0.000974806708 0.02261562092
-0.01130781046 -0.000974806708 0.03015416123
-0.01130781046 -0.000974806708 0.03392343138
-0.01130781046 -0.000974806708 0.03769270154
-0.01130781046 -0.000974806708 0.04146197169
-0.007538540308 -0.000974806708 -0.04523124185
-0.007538540308 -0.000974806708 -0.04146197169
-0.007538540308 -0.000974806708 -0.03769270154
-0.007538540308 -0.000974806708 -0.03392343138
-0.007538540308 -0.000974806708 -0.02638489108
-0.007538540308 -0.000974806708 -0.02261562092
-0.007538540308 -0.000974806708 -0.01884635077
-0.007538540308 -0.000974806708 -0.01507708062
-0.007538540308 -0.000974806708 -0.007538540308
-0.007538540308 -0.000974806708 -0.003769270154
-0.007538540308 -0.000974806708 4.33680869e-18
-0.007538540308 -0.000974806708 0.003769270154
-0.007538540308 -0.000974806708 0.01130781046
-0.007538540308 -0.000974806708 0.01507708062
-0.007538540308 -0.000974806708 0.01884635077
-0.007538540308 -0.000974806708 0.02261562092
-0.007538540308 -0.000974806708 0.03015416123
-0.007538540308 -0.000974806708 0.03392343138
-0.007538540308 -0.000974806708 0.03769270154
-0.007538540308 -0.000974806708 0.04146197169
-0.003769270154 -0.000974806708 -0.04523124185
-0.003769270154 -0.000974806708 -0.04146197169
-0.003769270154 -0.000974806708 -0.03769270154
-0.003769270154 -0.000974806708 -0.03392343138
-0.003769270154 -0.000974806708 -0.02638489108
-0.003769270154 -0.000974806708 -0.02261562092
-0.003769270154 -0.000974806708 -0.01884635077
-0.003769270154 -0.000974806708 -0.01507708062
-0.003769270154 -0.000974806708 -0.007538540308
-0.003769270154 -0.000974806708 -0.003769270154
-0.003769270154 -0.000974806708 4.33680869e-18
-0.003769270154 -0.000974806708 0.003769270154
-0.003769270154 -0.000974806708 0.01130781046
-0.003769270154 -0.000974806708 0.01507708062
-0.003769270154 -0.000974806708 0.01884635077
-0.003769270154 -0.000974806708 0.02261562092
-0.003769270154 -0.000974806708 0.03015416123
-0.003769270154 -0.000974806708 0.03392343138
-0.003769270154 -0.000974806708 0.03769270154
-0.003769270154 -0.000974806708 0.04146197169
4.33680869e-18 -0.000974806708 -0.04523124185
4.33680869e-18 -0.000974806708 -0.04146197169
4.33680869e-18 -0.000974806708 -0.03769270154
4.33680869e-18 -0.000974806708 -0.03392343138
4.33680869e-18 -0.000974806708 -0.02638489108
4.33680869e-18 -0.000974806708 -0.02261562092
4.33680869e-18 -0.000974806708 -0.01884635077
4.33680869e-18 -0.000974806708 -0.01507708062
4.33680869e-18 -0.000974806708 -0.007538540308
4.33680869e-18 -0.000974806708 -0.003769270154
4.33680869e-18 -0.000974806708 4.33680869e-18
4.33680869e-18 -0.000974806708 0.003769270154
4.33680869e-18 -0.000974806708 0.007538540308
4.33680869e-18 -0.000974806708 0.01507708062
4.33680869e-18 -0.000974806708 0.01884635077
4.33680869e-18 -0.000974806708 0.02261562092
4.33680869e-18 -0.000974806708 0.02638489108
4.33680869e-18 -0.000974806708 0.03392343138
4.33680869e-18 -0.000974806708 0.03769270154
4.33680869e-18 -0.000974806708 0.04146197169
4.33680869e-18 -0.000974806708 0.04523124185
0.003769270154 -0.000974806708 -0.04146197169
0.003769270154 -0.000974806708 -0.03769270154
0.003769270154 -0.000974806708 -0.03392343138
0.003769270154 -0.000974806708 -0.03015416123
0.003769270154 -0.000974806708 -0.02261562092
0.003769270154 -0.000974806708 -0.01884635077
0.003769270154 -0.000974806708 -0.01507708062
0.003769270154 -0.000974806708 -0.01130781046
0.003769270154 -0.000974806708 -0.003769270154
0.003769270154 -0.000974806708 4.33680869e-18
0.003769270154 -0.000974806708 0.003769270154
0.003769270154 -0.000974806708 0.007538540308
0.003769270154 -0.000974806708 0.01507708062
0.003769270154 -0.000974806708 0.01884635077
0.003769270154 -0.000974806708 0.02261562092
0.003769270154 -0.000974806708 0.02638489108
0.003769270154 -0.000974806708 0.03392343138
0.003769270154 -0.000974806708 0.03769270154
0.003769270154 -0.000974806708 0.04146197169
0.003769270154 -0.000974806708 0.04523124185
0.007538540308 -0.000974806708 -0.04146197169
0.007538540308 -0.000974806708 -0.03769270154
0.007538540308 -0.000974806708 -0.03392343138
0.007538540308 -0.000974806708 -0.03015416123
0.007538540308 -0.000974806708 -0.02261562092
0.007538540308 -0.000974806708 -0.01884635077
0.007538540308 -0.000974806708 -0.01507708062
0.007538540308 -0.000974806708 -0.01130781046
0.007538540308 -0.000974806708 -0.003769270154
0.007538540308 -0.000974806708 4.33680869e-18
0.007538540308 -0.000974806708 0.003769270154
0.007538540308 -0.000974806708 0.007538540308
0.007538540308 -0.000974806708 0.01507708062
0.007538540308 -0.000974806708 0.01884635077
0.007538540308 -0.000974806708 0.02261562092
0.007538540308 -0.000974806708 0.02638489108
0.007538540308 -0.000974806708 0.03392343138
0.007538540308 -0.000974806708 0.03769270154
0.007538540308 -0.000974806708 0.04146197169
0.007538540308 -0.000974806708 0.04523124185
0.01130781046 -0.000974806708 -0.04146197169
0.01130781046 -0.000974806708 -0.03769270154
0.01130781046 -0.000974806708 -0.03392343138
0.01130781046 -0.000974806708 -0.03015416123
0.01130781046 -0.000974806708 -0.02261562092
0.01130781046 -0.000974806708 -0.01884635077
0.01130781046 -0.000974806708 -0.01507708062
0.01130781046 -0.000974806708 -0.01130781046
0.01130781046 -0.000974806708 -0.003769270154
0.01130781046 -0.000974806708 4.33680869e-18
0.01130781046 -0.000974806708 0.003769270154
0.01130781046 -0.000974806708 0.007538540308
0.01130781046 -0.000974806708 0.01507708062
0.01130781046 -0.000974806708 0.01884635077
0.01130781046 -0.000974806708 0.02261562092
0.01130781046 -0.000974806708 0.02638489108
0.01130781046 -0.000974806708 0.03392343138
0.01130781046 -0.000974806708 0.03769270154
0.01130781046 -0.000974806708 0.04146197169
0.01130781046 -0.000974806708 0.04523124185
0.01507708062 -0.000974806708 -0.04146197169
0.01507708062 -0.000974806708 -0.03769270154
0.01507708062 -0.000974806708 -0.03392343138
0.01507708062 -0.000974806708 -0.03015416123
0.01507708062 -0.000974806708 -0.02261562092
0.01507708062 -0.000974806708 -0.01884635077
0.01507708062 -0.000974806708 -0.01507708062
0.01507708062 -0.000974806708 -0.01130781046
0.01507708062 -0.000974806708 -0.003769270154
0.01507708062 -0.000974806708 4.33680869e-18
0.01507708062 -0.000974806708 0.003769270154
0.01507708062 -0.000974806708 0.007538540308
0.01507708062 -0.000974806708 0.01130781046
0.01507708062 -0.000974806708 0.01884635077
0.01507708062 -0.000974806708 0.02261562092
0.01507708062 -0.000974806708 0.02638489108
0.01507708062 -0.000974806708 0.03015416123
0.01507708062 -0.000974806708 0.03769270154
0.01507708062 -0.000974806708 0.04146197169
0.01507708062 -0.000974806708 0.04523124185
0.01884635077 -0.000974806708 -0.04146197169
0.01884635077 -0.000974806708 -0.03392343138
0.01884635077 -0.000974806708 -0.03015416123
0.01884635077 -0.000974806708 -0.02638489108
0.01884635077 -0.000974806708 -0.02261562092
0.01884635077 -0.000974806708 -0.01507708062
0.01884635077 -0.000974806708 -0.01130781046
0.01884635077 -0.000974806708 -0.007538540308
0.01884635077 -0.000974806708 -0.003769270154
0.01884635077 -0.000974806708 0.003769270154
0.01884635077 -0.000974806708 0.007538540308
0.01884635077 -0.000974806708 0.01130781046
0.01884635077 -0.000974806708 0.01507708062
0.01884635077 -0.000974806708 0.02261562092
0.01884635077 -0.000974806708 0.02638489108
0.01884635077 -0.000974806708 0.03015416123
0.01884635077 -0.000974806708 0.03392343138
0.01884635077 -0.000974806708 0.04146197169
0.02261562092 -0.000974806708 -0.04146197169
0.02261562092 -0.000974806708 -0.03769270154
0.02261562092 -0.000974806708 -0.03392343138
0.02261562092 -0.000974806708 -0.02638489108
0.02261562092 -0.000974806708 -0.02261562092
0.02261562092 -0.000974806708 -0.01884635077
0.02261562092 -0.000974806708 -0.01507708062
0.02261562092 -0.000974806708 -0.007538540308
0.02261562092 -0.000974806708 -0.003769270154
0.02261562092 -0.000974806708 4.33680869e-18
0.02261562092 -0.000974806708 0.003769270154
0.02261562092 -0.000974806708 0.01130781046
0.02261562092 -0.000974806708 0.01507708062
0.02261562092 -0.000974806708 0.01884635077
0.02261562092 -0.000974806708 0.02261562092
0.02261562092 -0.000974806708 0.03015416123
0.02261562092 -0.000974806708 0.03392343138
0.02261562092 -0.000974806708 0.03769270154
0.02261562092 -0.000974806708 0.04146197169
0.02638489108 -0.000974806708 -0.03392343138
0.02638489108 -0.000974806708 -0.03015416123
0.02638489108 -0.000974806708 -0.02638489108
0.02638489108 -0.000974806708 -0.02261562092
0.02638489108 -0.000974806708 -0.01507708062
0.02638489108 -0.000974806708 -0.01130781046
0.02638489108 -0.000974806708 -0.007538540308
0.02638489108 -0.000974806708 -0.003769270154
0.02638489108 -0.000974806708 0.003769270154
0.02638489108 -0.000974806708 0.007538540308
0.02638489108 -0.000974806708 0.01130781046
0.02638489108 -0.000974806708 0.01507708062
0.02638489108 -0.000974806708 0.02261562092
0.02638489108 -0.000974806708 0.02638489108
0.02638489108 -0.000974806708 0.03015416123
0.02638489108 -0.000974806708 0.03392343138
0.03015416123 -0.000974806708 -0.03392343138
0.03015416123 -0.000974806708 -0.03015416123
0.03015416123 -0.000974806708 -0.02638489108
0.03015416123 -0.000974806708 -0.02261562092
0.03015416123 -0.000974806708 -0.01507708062
0.03015416123 -0.000974806708 -0.01130781046
0.03015416123 -0.000974806708 -0.007538540308
0.03015416123 -0.000974806708 -0.003769270154
0.03015416123 -0.000974806708 0.003769270154
0.03015416123 -0.000974806708 0.007538540308
0.03015416123 -0.000974806708 0.01130781046
0.03015416123 -0.000974806708 0.01507708062
0.03015416123 -0.000974806708 0.02261562092
0.03015416123 -0.000974806708 0.02638489108
0.03015416123 -0.000974806708 0.03015416123
0.03015416123 -0.000974806708 0.03392343138
0.03392343138 -0.000974806708 -0.02638489108
0.03392343138 -0.000974806708 -0.02261562092
0.03392343138 -0.000974806708 -0.01884635077
0.03392343138 -0.000974806708 -0.01507708062
0.03392343138 -0.000974806708 -0.01130781046
0.03392343138 -0.000974806708 -0.003769270154
0.03392343138 -0.000974806708 4.33680869e-18
0.03392343138 -0.000974806708 0.003769270154
0.03392343138 -0.000974806708 0.007538540308
0.03392343138 -0.000974806708 0.01507708062
0.03392343138 -0.000974806708 0.01884635077
0.03392343138 -0.000974806708 0.02261562092
0.03392343138 -0.000974806708 0.02638489108
0.03769270154 -0.000974806708 -0.02638489108
0.03769270154 -0.000974806708 -0.02261562092
0.03769270154 -0.000974806708 -0.01884635077
0.03769270154 -0.000974806708 -0.01507708062
0.03769270154 -0.000974806708 -0.007538540308
0.03769270154 -0.000974806708 -0.003769270154
0.03769270154 -0.000974806708 4.33680869e-18
0.03769270154 -0.000974806708 0.003769270154
0.03769270154 -0.000974806708 0.01130781046
0.03769270154 -0.000974806708 0.01507708062
0.03769270154 -0.000974806708 0.01884635077
0.03769270154 -0.000974806708 0.02261562092
0.04146197169 -0.000974806708 -0.02261562092
0.04146197169 -0.000974806708 -0.01884635077
0.04146197169 -0.000974806708 -0.01507708062
0.04146197169 -0.000974806708 -0.01130781046
0.04146197169 -0.000974806708 -0.003769270154
0.04146197169 -0.000974806708 4.33680869e-18
0.04146197169 -0.000974806708 0.003769270154
0.04146197169 -0.000974806708 0.007538540308
0.04146197169 -0.000974806708 0.01507708062
0.04146197169 -0.000974806708 0.01884635077
0.04146197169 -0.000974806708 0.02261562092
0.04523124185 -0.000974806708 -0.01507708062
0.04523124185 -0.000974806708 -0.007538540308
0.04523124185 -0.000974806708 -0.003769270154
0.04523124185 -0.000974806708 4.33680869e-18
0.04523124185 -0.000974806708 0.003769270154
0.04523124185 -0.000974806708 0.01130781046
0.04523124185 -0.000974806708 0.01507708062
-0.04334660677 0.002102789485 -0.01696171569
-0.04334660677 0.002102789485 -0.01319244554
-0.04334660677 0.002102789485 -0.005653905231
-0.04334660677 0.002102789485 -0.001884635077
-0.04334660677 0.002102789485 0.001884635077
-0.04334660677 0.002102789485 0.005653905231
-0.04334660677 0.002102789485 0.01319244554
-0.04334660677 0.002102789485 0.01696171569
-0.03957733661 0.002102789485 -0.024500256
-0.03957733661 0.002102789485 -0.02073098585
-0.03957733661 0.002102789485 -0.01319244554
-0.03957733661 0.002102789485 -0.009423175384
-0.03957733661 0.002102789485 -0.005653905231
-0.03957733661 0.002102789485 -0.001884635077
-0.03957733661 0.002102789485 0.005653905231
-0.03957733661 0.002102789485 0.009423175384
-0.03957733661 0.002102789485 0.01319244554
-0.03957733661 0.002102789485 0.01696171569
-0.03957733661 0.002102789485 0.024500256
-0.03580806646 0.002102789485 -0.02826952615
-0.03580806646 0.002102789485 -0.024500256
-0.03580806646 0.002102789485 -0.02073098585
-0.03580806646 0.002102789485 -0.01319244554
-0.03580806646 0.002102789485 -0.009423175384
-0.03580806646 0.002102789485 -0.005653905231
-0.03580806646 0.002102789485 -0.001884635077
-0.03580806646 0.002102789485 0.005653905231
-0.03580806646 0.002102789485 0.009423175384
-0.03580806646 0.002102789485 0.01319244554
-0.03580806646 0.002102789485 0.01696171569
-0.03580806646 0.002102789485 0.024500256
-0.03580806646 0.002102789485 0.02826952615
-0.03203879631 0.002102789485 -0.03203879631
-0.03203879631 0.002102789485 -0.02826952615
-0.03203879631 0.002102789485 -0.02073098585
-0.03203879631 0.002102789485 -0.01696171569
-0.03203879631 0.002102789485 -0.01319244554
-0.03203879631 0.002102789485 -0.009423175384
-0.03203879631 0.002102789485 -0.001884635077
-0.03203879631 0.002102789485 0.001884635077
-0.03203879631 0.002102789485 0.005653905231
-0.03203879631 0.002102789485 0.009423175384
-0.03203879631 0.002102789485 0.01319244554
-0.03203879631 0.002102789485 0.02073098585
-0.03203879631 0.002102789485 0.024500256
-0.03203879631 0.002102789485 0.02826952615
-0.03203879631 0.002102789485 0.03203879631
-0.02826952615 0.002102789485 -0.03203879631
-0.02826952615 0.002102789485 -0.02826952615
-0.02826952615 0.002102789485 -0.024500256
-0.02826952615 0.002102789485 -0.02073098585
-0.02826952615 0.002102789485 -0.01319244554
-0.02826952615 0.002102789485 -0.009423175384
-0.02826952615 0.002102789485 -0.005653905231
-0.02826952615 0.002102789485 -0.001884635077
-0.02826952615 0.002102789485 0.005653905231
-0.02826952615 0.002102789485 0.009423175384
-0.02826952615 0.002102789485 0.01319244554
-0.02826952615 0.002102789485 0.01696171569
-0.02826952615 0.002102789485 0.024500256
-0.02826952615 0.002102789485 0.02826952615
-0.02826952615 0.002102789485 0.03203879631
-0.02826952615 0.002102789485 0.03580806646
-0.024500256 0.002102789485 -0.03580806646
-0.024500256 0.002102789485 -0.03203879631
-0.024500256 0.002102789485 -0.02826952615
-0.024500256 0.002102789485 -0.024500256
-0.024500256 0.002102789485 -0.01696171569
-0.024500256 0.002102789485 -0.01319244554
-0.024500256 0.002102789485 -0.009423175384
-0.024500256 0.002102789485 -0.005653905231
-0.024500256 0.002102789485 0.001884635077
-0.024500256 0.002102789485 0.005653905231
-0.024500256 0.002102789485 0.009423175384
-0.024500256 0.002102789485 0.01319244554
-0.024500256 0.002102789485 0.02073098585
-0.024500256 0.002102789485 0.024500256
-0.024500256 0.002102789485 0.02826952615
-0.024500256 0.002102789485 0.03203879631
-0.024500256 0.002102789485 0.03957733661
-0.02073098585 0.002102789485 -0.03957733661
-0.02073098585 0.002102789485 -0.03580806646
-0.02073098585 0.002102789485 -0.03203879631
-0.02073098585 0.002102789485 -0.024500256
-0.02073098585 0.002102789485 -0.02073098585
-0.02073098585 0.002102789485 -0.01696171569
-0.02073098585 0.002102789485 -0.01319244554
-0.02073098585 0.002102789485 -0.005653905231
-0.02073098585 0.002102789485 -0.001884635077
-0.02073098585 0.002102789485 0.001884635077
-0.02073098585 0.002102789485 0.005653905231
-0.02073098585 0.002102789485 0.01319244554
-0.02073098585 0.002102789485 0.01696171569
-0.02073098585 0.002102789485 0.02073098585
-0.02073098585 0.002102789485 0.024500256
-0.02073098585 0.002102789485 0.03203879631
-0.02073098585 0.002102789485 0.03580806646
-0.02073098585 0.002102789485 0.03957733661
-0.01696171569 0.002102789485 -0.04334660677
-0.01696171569 0.002102789485 -0.03580806646
-0.01696171569 0.002102789485 -0.03203879631
-0.01696171569 0.002102789485 -0.02826952615
-0.01696171569 0.002102789485 -0.024500256
-0.01696171569 0.002102789485 -0.01696171569
-0.01696171569 0.002102789485 -0.01319244554
-0.01696171569 0.002102789485 -0.009423175384
-0.01696171569 0.002102789485 -0.005653905231
-0.01696171569 0.002102789485 0.001884635077
-0.01696171569 0.002102789485 0.005653905231
-0.01696171569 0.002102789485 0.009423175384
-0.01696171569 0.002102789485 0.01319244554
-0.01696171569 0.002102789485 0.02073098585
-0.01696171569 0.002102789485 0.024500256
-0.01696171569 0.002102789485 0.02826952615
-0.01696171569 0.002102789485 0.03203879631
-0.01696171569 0.002102789485 0.03957733661
-0.01696171569 0.002102789485 0.04334660677
-0.01319244554 0.002102789485 -0.04334660677
-0.01319244554 0.002102789485 -0.03957733661
-0.01319244554 0.002102789485 -0.03203879631
-0.01319244554 0.002102789485 -0.02826952615
-0.01319244554 0.002102789485 -0.024500256
-0.01319244554 0.002102789485 -0.02073098585
-0.01319244554 0.002102789485 -0.01696171569
-0.01319244554 0.002102789485 -0.009423175384
-0.01319244554 0.002102789485 -0.005653905231
-0.01319244554 0.002102789485 -0.001884635077
-0.01319244554 0.002102789485 0.001884635077
-0.01319244554 0.002102789485 0.009423175384
-0.01319244554 0.002102789485 0.01319244554
-0.01319244554 0.002102789485 0.01696171569
-0.01319244554 0.002102789485 0.02073098585
-0.01319244554 0.002102789485 0.02826952615
-0.01319244554 0.002102789485 0.03203879631
-0.01319244554 0.002102789485 0.03580806646
-0.01319244554 0.002102789485 0.03957733661
-0.009423175384 0.002102789485 -0.04334660677
-0.009423175384 0.002102789485 -0.03957733661
-0.009423175384 0.002102789485 -0.03580806646
-0.009423175384 0.002102789485 -0.03203879631
-0.009423175384 0.002102789485 -0.024500256
-0.009423175384 0.002102789485 -0.02073098585
-0.009423175384 0.002102789485 -0.01696171569
-0.009423175384 0.002102789485 -0.01319244554
-0.009423175384 0.002102789485 -0.005653905231
-0.009423175384 0.002102789485 -0.001884635077
-0.009423175384 0.002102789485 0.001884635077
-0.009423175384 0.002102789485 0.005653905231
-0.009423175384 0.002102789485 0.01319244554
-0.009423175384 0.002102789485 0.01696171569
-0.009423175384 0.002102789485 0.02073098585
-0.009423175384 0.002102789485 0.024500256
-0.009423175384 0.002102789485 0.03203879631
-0.009423175384 0.002102789485 0.03580806646
-0.009423175384 0.002102789485 0.03957733661
-0.009423175384 0.002102789485 0.04334660677
-0.005653905231 0.002102789485 -0.03957733661
-0.005653905231 0.002102789485 -0.03580806646
-0.005653905231 0.002102789485 -0.03203879631
-0.005653905231 0.002102789485 -0.02826952615
-0.005653905231 0.002102789485 -0.02073098585
-0.005653905231 0.002102789485 -0.01696171569
-0.005653905231 0.002102789485 -0.01319244554
-0.005653905231 0.002102789485 -0.009423175384
-0.005653905231 0.002102789485 -0.001884635077
-0.005653905231 0.002102789485 0.001884635077
-0.005653905231 0.002102789485 0.005653905231
-0.005653905231 0.002102789485 0.009423175384
-0.005653905231 0.002102789485 0.01696171569
-0.005653905231 0.002102789485 0.02073098585
-0.005653905231 0.002102789485 0.024500256
-0.005653905231 0.002102789485 0.02826952615
-0.005653905231 0.002102789485 0.03580806646
-0.005653905231 0.002102789485 0.03957733661
-0.005653905231 0.002102789485 0.04334660677
-0.005653905231 0.002102789485 0.04711587692
-0.001884635077 0.002102789485 -0.03957733661
-0.001884635077 0.002102789485 -0.03580806646
-0.001884635077 0.002102789485 -0.03203879631
-0.001884635077 0.002102789485 -0.02826952615
-0.001884635077 0.002102789485 -0.02073098585
-0.001884635077 0.002102789485 -0.01696171569
-0.001884635077 0.002102789485 -0.01319244554
-0.001884635077 0.002102789485 -0.009423175384
-0.001884635077 0.002102789485 -0.001884635077
-0.001884635077 0.002102789485 0.001884635077
-0.001884635077 0.002102789485 0.005653905231
-0.001884635077 0.002102789485 0.009423175384
-0.001884635077 0.002102789485 0.01696171569
-0.001884635077 0.002102789485 0.02073098585
-0.001884635077 0.002102789485 0.024500256
-0.001884635077 0.002102789485 0.02826952615
-0.001884635077 0.002102789485 0.03580806646
-0.001884635077 0.002102789485 0.03957733661
-0.001884635077 0.002102789485 0.04334660677
-0.001884635077 0.002102789485 0.04711587692
0.001884635077 0.002102789485 -0.03957733661
0.001884635077 0.002102789485 -0.03580806646
0.001884635077 0.002102789485 -0.03203879631
0.001884635077 0.002102789485 -0.02826952615
0.001884635077 0.002102789485 -0.02073098585
0.001884635077 0.002102789485 -0.01696171569
0.001884635077 0.002102789485 -0.01319244554
0.001884635077 0.002102789485 -0.009423175384
0.001884635077 0.002102789485 -0.005653905231
0.001884635077 0.002102789485 0.001884635077
0.001884635077 0.002102789485 0.005653905231
0.001884635077 0.002102789485 0.009423175384
0.001884635077 0.002102789485 0.01319244554
0.001884635077 0.002102789485 0.02073098585
0.001884635077 0.002102789485 0.024500256
0.001884635077 0.002102789485 0.02826952615
0.001884635077 0.002102789485 0.03203879631
0.001884635077 0.002102789485 0.03957733661
0.001884635077 0.002102789485 0.04334660677
0.001884635077 0.002102789485 0.04711587692
0.005653905231 0.002102789485 -0.04334660677
0.005653905231 0.002102789485 -0.03580806646
0.005653905231 0.002102789485 -0.03203879631
0.005653905231 0.002102789485 -0.02826952615
0.005653905231 0.002102789485 -0.024500256
0.005653905231 0.002102789485 -0.01696171569
0.005653905231 0.002102789485 -0.01319244554
0.005653905231 0.002102789485 -0.009423175384
0.005653905231 0.002102789485 -0.005653905231
0.005653905231 0.002102789485 0.001884635077
0.005653905231 0.002102789485 0.005653905231
0.005653905231 0.002102789485 0.009423175384
0.005653905231 0.002102789485 0.01319244554
0.005653905231 0.002102789485 0.02073098585
0.005653905231 0.002102789485 0.024500256
0.005653905231 0.002102789485 0.02826952615
0.005653905231 0.002102789485 0.03203879631
0.005653905231 0.002102789485 0.03957733661
0.005653905231 0.002102789485 0.04334660677
0.005653905231 0.002102789485 0.04711587692
0.009423175384 0.002102789485 -0.04334660677
0.009423175384 0.002102789485 -0.03580806646
0.009423175384 0.002102789485 -0.03203879631
0.009423175384 0.002102789485 -0.02826952615
0.009423175384 0.002102789485 -0.024500256
0.009423175384 0.002102789485 -0.01696171569
0.009423175384 0.002102789485 -0.01319244554
0.009423175384 0.002102789485 -0.009423175384
0.009423175384 0.002102789485 -0.005653905231
0.009423175384 0.002102789485 0.001884635077
0.009423175384 0.002102789485 0.005653905231
0.009423175384 0.002102789485 0.009423175384
0.009423175384 0.002102789485 0.01319244554
0.009423175384 0.002102789485 0.02073098585
0.009423175384 0.002102789485 0.024500256
0.009423175384 0.002102789485 0.02826952615
0.009423175384 0.002102789485 0.03203879631
0.009423175384 0.002102789485 0.03957733661
0.009423175384 0.002102789485 0.04334660677
0.01319244554 0.002102789485 -0.04334660677
0.01319244554 0.002102789485 -0.03957733661
0.01319244554 0.002102789485 -0.03203879631
0.01319244554 0.002102789485 -0.02826952615
0.01319244554 0.002102789485 -0.024500256
0.01319244554 0.002102789485 -0.02073098585
0.01319244554 0.002102789485 -0.01319244554
0.01319244554 0.002102789485 -0.009423175384
0.01319244554 0.002102789485 -0.005653905231
0.01319244554 0.002102789485 -0.001884635077
0.01319244554 0.002102789485 0.005653905231
0.01319244554 0.002102789485 0.009423175384
0.01319244554 0.002102789485 0.01319244554
0.01319244554 0.002102789485 0.01696171569
0.01319244554 0.002102789485 0.024500256
0.01319244554 0.002102789485 0.02826952615
0.01319244554 0.002102789485 0.03203879631
0.01319244554 0.002102789485 0.03580806646
0.01319244554 0.002102789485 0.04334660677
0.01696171569 0.002102789485 -0.04334660677
0.01696171569 0.002102789485 -0.03957733661
0.01696171569 0.002102789485 -0.03580806646
0.01696171569 0.002102789485 -0.02826952615
0.01696171569 0.002102789485 -0.024500256
0.01696171569 0.002102789485 -0.02073098585
0.01696171569 0.002102789485 -0.01696171569
0.01696171569 0.002102789485 -0.01319244554
0.01696171569 0.002102789485 -0.005653905231
0.01696171569 0.002102789485 -0.001884635077
0.01696171569 0.002102789485 0.001884635077
0.01696171569 0.002102789485 0.005653905231
0.01696171569 0.002102789485 0.01319244554
0.01696171569 0.002102789485 0.01696171569
0.01696171569 0.002102789485 0.02073098585
0.01696171569 0.002102789485 0.024500256
0.01696171569 0.002102789485 0.03203879631
0.01696171569 0.002102789485 0.03580806646
0.01696171569 0.002102789485 0.03957733661
0.01696171569 0.002102789485 0.04334660677
0.02073098585 0.002102789485 -0.03580806646
0.02073098585 0.002102789485 -0.03203879631
0.02073098585 0.002102789485 -0.02826952615
0.02073098585 0.002102789485 -0.024500256
0.02073098585 0.002102789485 -0.01696171569
0.02073098585 0.002102789485 -0.01319244554
0.02073098585 0.002102789485 -0.009423175384
0.02073098585 0.002102789485 -0.005653905231
0.02073098585 0.002102789485 0.001884635077
0.02073098585 0.002102789485 0.005653905231
0.02073098585 0.002102789485 0.009423175384
0.02073098585 0.002102789485 0.01319244554
0.02073098585 0.002102789485 0.02073098585
0.02073098585 0.002102789485 0.024500256
0.02073098585 0.002102789485 0.02826952615
0.02073098585 0.002102789485 0.03203879631
0.02073098585 0.002102789485 0.03957733661
0.024500256 0.002102789485 -0.03957733661
0.024500256 0.002102789485 -0.03580806646
0.024500256 0.002102789485 -0.03203879631
0.024500256 0.002102789485 -0.024500256
0.024500256 0.002102789485 -0.02073098585
0.024500256 0.002102789485 -0.01696171569
0.024500256 0.002102789485 -0.01319244554
0.024500256 0.002102789485 -0.005653905231
0.024500256 0.002102789485 -0.001884635077
0.024500256 0.002102789485 0.001884635077
0.024500256 0.002102789485 0.005653905231
0.024500256 0.002102789485 0.01319244554
0.024500256 0.002102789485 0.01696171569
0.024500256 0.002102789485 0.02073098585
0.024500256 0.002102789485 0.024500256
0.024500256 0.002102789485 0.03203879631
0.024500256 0.002102789485 0.03580806646
0.024500256 0.002102789485 0.03957733661
0.02826952615 0.002102789485 -0.03580806646
0.02826952615 0.002102789485 -0.02826952615
0.02826952615 0.002102789485 -0.024500256
0.02826952615 0.002102789485 -0.02073098585
0.02826952615 0.002102789485 -0.01696171569
0.02826952615 0.002102789485 -0.009423175384
0.02826952615 0.002102789485 -0.005653905231
0.02826952615 0.002102789485 -0.001884635077
0.02826952615 0.002102789485 0.001884635077
0.02826952615 0.002102789485 0.009423175384
0.02826952615 0.002102789485 0.01319244554
0.02826952615 0.002102789485 0.01696171569
0.02826952615 0.002102789485 0.02073098585
0.02826952615 0.002102789485 0.02826952615
0.02826952615 0.002102789485 0.03203879631
0.02826952615 0.002102789485 0.03580806646
0.03203879631 0.002102789485 -0.03203879631
0.03203879631 0.002102789485 -0.024500256
0.03203879631 0.002102789485 -0.02073098585
0.03203879631 0.002102789485 -0.01696171569
0.03203879631 0.002102789485 -0.01319244554
0.03203879631 0.002102789485 -0.005653905231
0.03203879631 0.002102789485 -0.001884635077
0.03203879631 0.002102789485 0.001884635077
0.03203879631 0.002102789485 0.005653905231
0.03203879631 0.002102789485 0.01319244554
0.03203879631 0.002102789485 0.01696171569
0.03203879631 0.002102789485 0.02073098585
0.03203879631 0.002102789485 0.024500256
0.03203879631 0.002102789485 0.03203879631
0.03580806646 0.002102789485 -0.02826952615
0.03580806646 0.002102789485 -0.024500256
0.03580806646 0.002102789485 -0.02073098585
0.03580806646 0.002102789485 -0.01696171569
0.03580806646 0.002102789485 -0.009423175384
0.03580806646 0.002102789485 -0.005653905231
0.03580806646 0.002102789485 -0.001884635077
0.03580806646 0.002102789485 0.001884635077
0.03580806646 0.002102789485 0.009423175384
0.03580806646 0.002102789485 0.01319244554
0.03580806646 0.002102789485 0.01696171569
0.03580806646 0.002102789485 0.02073098585
0.03580806646 0.002102789485 0.02826952615
0.03957733661 0.002102789485 -0.024500256
0.03957733661 0.002102789485 -0.02073098585
0.03957733661 0.002102789485 -0.01696171569
0.03957733661 0.002102789485 -0.009423175384
0.03957733661 0.002102789485 -0.005653905231
0.03957733661 0.002102789485 -0.001884635077
0.03957733661 0.002102789485 0.001884635077
0.03957733661 0.002102789485 0.009423175384
0.03957733661 0.002102789485 0.01319244554
0.03957733661 0.002102789485 0.01696171569
0.03957733661 0.002102789485 0.02073098585
0.04334660677 0.002102789485 -0.01696171569
0.04334660677 0.002102789485 -0.01319244554
0.04334660677 0.002102789485 -0.009423175384
0.04334660677 0.002102789485 -0.005653905231
0.04334660677 0.002102789485 0.001884635077
0.04334660677 0.002102789485 0.005653905231
0.04334660677 0.002102789485 0.009423175384
0.04334660677 0.002102789485 0.01319244554
0.04711587692 0.002102789485 -0.005653905231
0.04711587692 0.002102789485 -0.001884635077
0.04711587692 0.002102789485 0.001884635077
0.04711587692 0.002102789485 0.005653905231
-0.04523124185 0.005180385678 -0.01130781046
-0.04523124185 0.005180385678 -0.007538540308
-0.04523124185 0.005180385678 -0.003769270154
-0.04523124185 0.005180385678 4.33680869e-18
-0.04523124185 0.005180385678 0.007538540308
-0.04523124185 0.005180385678 0.01130781046
-0.04523124185 0.005180385678 0.01507708062
-0.04146197169 0.005180385678 -0.02261562092
-0.04146197169 0.005180385678 -0.01507708062
-0.04146197169 0.005180385678 -0.01130781046
-0.04146197169 0.005180385678 -0.007538540308
-0.04146197169 0.005180385678 -0.003769270154
-0.04146197169 0.005180385678 0.003769270154
-0.04146197169 0.005180385678 0.007538540308
-0.04146197169 0.005180385678 0.01130781046
-0.04146197169 0.005180385678 0.01507708062
-0.04146197169 0.005180385678 0.02261562092
-0.03769270154 0.005180385678 -0.02638489108
-0.03769270154 0.005180385678 -0.02261562092
-0.03769270154 0.005180385678 -0.01884635077
-0.03769270154 0.005180385678 -0.01130781046
-0.03769270154 0.005180385678 -0.007538540308
-0.03769270154 0.005180385678 -0.003769270154
-0.03769270154 0.005180385678 4.33680869e-18
-0.03769270154 0.005180385678 0.007538540308
-0.03769270154 0.005180385678 0.01130781046
-0.03769270154 0.005180385678 0.01507708062
-0.03769270154 0.005180385678 0.01884635077
-0.03769270154 0.005180385678 0.02638489108
-0.03392343138 0.005180385678 -0.03015416123
-0.03392343138 0.005180385678 -0.02638489108
-0.03392343138 0.005180385678 -0.02261562092
-0.03392343138 0.005180385678 -0.01507708062
-0.03392343138 0.005180385678 -0.01130781046
-0.03392343138 0.005180385678 -0.007538540308
-0.03392343138 0.005180385678 -0.003769270154
-0.03392343138 0.005180385678 0.003769270154
-0.03392343138 0.005180385678 0.007538540308
-0.03392343138 0.005180385678 0.01130781046
-0.03392343138 0.005180385678 0.01507708062
-0.03392343138 0.005180385678 0.02261562092
-0.03392343138 0.005180385678 0.02638489108
-0.03392343138 0.005180385678 0.03015416123
-0.03015416123 0.005180385678 -0.03392343138
-0.03015416123 0.005180385678 -0.02638489108
-0.03015416123 0.005180385678 -0.02261562092
-0.03015416123 0.005180385678 -0.01884635077
-0.03015416123 0.005180385678 -0.01507708062
-0.03015416123 0.005180385678 -0.01130781046
-0.03015416123 0.005180385678 -0.003769270154
-0.03015416123 0.005180385678 4.33680869e-18
-0.03015416123 0.005180385678 0.003769270154
-0.03015416123 0.005180385678 0.007538540308
-0.03015416123 0.005180385678 0.01507708062
-0.03015416123 0.005180385678 0.01884635077
-0.03015416123 0.005180385678 0.02261562092
-0.03015416123 0.005180385678 0.02638489108
-0.03015416123 0.005180385678 0.03392343138
-0.02638489108 0.005180385678 -0.03769270154
-0.02638489108 0.005180385678 -0.03392343138
-0.02638489108 0.005180385678 -0.03015416123
-0.02638489108 0.005180385678 -0.02261562092
-0.02638489108 0.005180385678 -0.01884635077
-0.02638489108 0.005180385678 -0.01507708062
-0.02638489108 0.005180385678 -0.01130781046
-0.02638489108 0.005180385678 -0.003769270154
-0.02638489108 0.005180385678 4.33680869e-18
-0.02638489108 0.005180385678 0.003769270154
-0.02638489108 0.005180385678 0.007538540308
-0.02638489108 0.005180385678 0.01507708062
-0.02638489108 0.005180385678 0.01884635077
-0.02638489108 0.005180385678 0.02261562092
-0.02638489108 0.005180385678 0.02638489108
-0.02638489108 0.005180385678 0.03392343138
-0.02638489108 0.005180385678 0.03769270154
-0.02261562092 0.005180385678 -0.04146197169
-0.02261562092 0.005180385678 -0.03769270154
-0.02261562092 0.005180385678 -0.03015416123
-0.02261562092 0.005180385678 -0.02638489108
-0.02261562092 0.005180385678 -0.02261562092
-0.02261562092 0.005180385678 -0.01884635077
-0.02261562092 0.005180385678 -0.01130781046
-0.02261562092 0.005180385678 -0.007538540308
-0.02261562092 0.005180385678 -0.003769270154
-0.02261562092 0.005180385678 4.33680869e-18
-0.02261562092 0.005180385678 0.007538540308
-0.02261562092 0.005180385678 0.01130781046
-0.02261562092 0.005180385678 0.01507708062
-0.02261562092 0.005180385678 0.01884635077
-0.02261562092 0.005180385678 0.02638489108
-0.02261562092 0.005180385678 0.03015416123
-0.02261562092 0.005180385678 0.03392343138
-0.02261562092 0.005180385678 0.03769270154
-0.01884635077 0.005180385678 -0.04146197169
-0.01884635077 0.005180385678 -0.03769270154
-0.01884635077 0.005180385678 -0.03392343138
-0.01884635077 0.005180385678 -0.03015416123
-0.01884635077 0.005180385678 -0.02261562092
-0.01884635077 0.005180385678 -0.01884635077
-0.01884635077 0.005180385678 -0.01507708062
-0.01884635077 0.005180385678 -0.01130781046
-0.01884635077 0.005180385678 -0.003769270154
-0.01884635077 0.005180385678 4.33680869e-18
-0.01884635077 0.005180385678 0.003769270154
-0.01884635077 0.005180385678 0.007538540308
-0.01884635077 0.005180385678 0.01507708062
-0.01884635077 0.005180385678 0.01884635077
-0.01884635077 0.005180385678 0.02261562092
-0.01884635077 0.005180385678 0.02638489108
-0.01884635077 0.005180385678 0.03392343138
-0.01884635077 0.005180385678 0.03769270154
-0.01884635077 0.005180385678 0.04146197169
-0.01507708062 0.005180385678 -0.04523124185
-0.01507708062 0.005180385678 -0.03769270154
-0.01507708062 0.005180385678 -0.03392343138
-0.01507708062 0.005180385678 -0.03015416123
-0.01507708062 0.005180385678 -0.02638489108
-0.01507708062 0.005180385678 -0.01884635077
-0.01507708062 0.005180385678 -0.01507708062
-0.01507708062 0.005180385678 -0.01130781046
-0.01507708062 0.005180385678 -0.007538540308
-0.01507708062 0.005180385678 4.33680869e-18
-0.01507708062 0.005180385678 0.003769270154
-0.01507708062 0.005180385678 0.007538540308
-0.01507708062 0.005180385678 0.01130781046
-0.01507708062 0.005180385678 0.01884635077
-0.01507708062 0.005180385678 0.02261562092
-0.01507708062 0.005180385678 0.02638489108
-0.01507708062 0.005180385678 0.03015416123
-0.01507708062 0.005180385678 0.03392343138
-0.01507708062 0.005180385678 0.04146197169
-0.01507708062 0.005180385678 0.04523124185
-0.01130781046 0.005180385678 -0.04523124185
-0.01130781046 0.005180385678 -0.04146197169
-0.01130781046 0.005180385678 -0.03392343138
-0.01130781046 0.005180385678 -0.03015416123
-0.01130781046 0.005180385678 -0.02638489108
-0.01130781046 0.005180385678 -0.02261562092
-0.01130781046 0.005180385678 -0.01507708062
-0.01130781046 0.005180385678 -0.01130781046
-0.01130781046 0.005180385678 -0.007538540308
-0.01130781046 0.005180385678 -0.003769270154
-0.01130781046 0.005180385678 0.003769270154
-0.01130781046 0.005180385678 0.007538540308
-0.01130781046 0.005180385678 0.01130781046
-0.01130781046 0.005180385678 0.01507708062
-0.01130781046 0.005180385678 0.02261562092
-0.01130781046 0.005180385678 0.02638489108
-0.01130781046 0.005180385678 0.03015416123
-0.01130781046 0.005180385678 0.03392343138
-0.01130781046 0.005180385678 0.04146197169
-0.01130781046 0.005180385678 0.04523124185
-0.007538540308 0.005180385678 -0.04523124185
-0.007538540308 0.005180385678 -0.04146197169
-0.007538540308 0.005180385678 -0.03392343138
-0.007538540308 0.005180385678 -0.03015416123
-0.007538540308 0.005180385678 -0.02638489108
-0.007538540308 0.005180385678 -0.02261562092
-0.007538540308 0.005180385678 -0.01507708062
-0.007538540308 0.005180385678 -0.01130781046
-0.007538540308 0.005180385678 -0.007538540308
-0.007538540308 0.005180385678 -0.003769270154
-0.007538540308 0.005180385678 0.003769270154
-0.007538540308 0.005180385678 0.007538540308
-0.007538540308 0.005180385678 0.01130781046
-0.007538540308 0.005180385678 0.01507708062
-0.007538540308 0.005180385678 0.02261562092
-0.007538540308 0.005180385678 0.02638489108
-0.007538540308 0.005180385678 0.03015416123
-0.007538540308 0.005180385678 0.03392343138
-0.007538540308 0.005180385678 0.04146197169
-0.007538540308 0.005180385678 0.04523124185
-0.003769270154 0.005180385678 -0.04523124185
-0.003769270154 0.005180385678 -0.04146197169
-0.003769270154 0.005180385678 -0.03392343138
-0.003769270154 0.005180385678 -0.03015416123
-0.003769270154 0.005180385678 -0.02638489108
-0.003769270154 0.005180385678 -0.02261562092
-0.003769270154 0.005180385678 -0.01507708062
-0.003769270154 0.005180385678 -0.01130781046
-0.003769270154 0.005180385678 -0.007538540308
-0.003769270154 0.005180385678 -0.003769270154
-0.003769270154 0.005180385678 0.003769270154
-0.003769270154 0.005180385678 0.007538540308
-0.003769270154 0.005180385678 0.01130781046
-0.003769270154 0.005180385678 0.01507708062
-0.003769270154 0.005180385678 0.02261562092
-0.003769270154 0.005180385678 0.02638489108
-0.003769270154 0.005180385678 0.03015416123
-0.003769270154 0.005180385678 0.03392343138
-0.003769270154 0.005180385678 0.04146197169
-0.003769270154 0.005180385678 0.04523124185
4.33680869e-18 0.005180385678 -0.04523124185
4.33680869e-18 0.005180385678 -0.04146197169
4.33680869e-18 0.005180385678 -0.03392343138
4.33680869e-18 0.005180385678 -0.03015416123
4.33680869e-18 0.005180385678 -0.02638489108
4.33680869e-18 0.005180385678 -0.02261562092
4.33680869e-18 0.005180385678 -0.01507708062
4.33680869e-18 0.005180385678 -0.01130781046
4.33680869e-18 0.005180385678 -0.007538540308
4.33680869e-18 0.005180385678 -0.003769270154
4.33680869e-18 0.005180385678 0.003769270154
4.33680869e-18 0.005180385678 0.007538540308
4.33680869e-18 0.005180385678 0.01130781046
4.33680869e-18 0.005180385678 0.01507708062
4.33680869e-18 0.005180385678 0.02261562092
4.33680869e-18 0.005180385678 0.02638489108
4.33680869e-18 0.005180385678 0.03015416123
4.33680869e-18 0.005180385678 0.03392343138
4.33680869e-18 0.005180385678 0.03769270154
4.33680869e-18 0.005180385678 0.04523124185
0.003769270154 0.005180385678 -0.04523124185
0.003769270154 0.005180385678 -0.04146197169
0.003769270154 0.005180385678 -0.03769270154
0.003769270154 0.005180385678 -0.03015416123
0.003769270154 0.005180385678 -0.02638489108
0.003769270154 0.005180385678 -0.02261562092
0.003769270154 0.005180385678 -0.01884635077
0.003769270154 0.005180385678 -0.01130781046
0.003769270154 0.005180385678 -0.007538540308
0.003769270154 0.005180385678 -0.003769270154
0.003769270154 0.005180385678 4.33680869e-18
0.003769270154 0.005180385678 0.007538540308
0.003769270154 0.005180385678 0.01130781046
0.003769270154 0.005180385678 0.01507708062
0.003769270154 0.005180385678 0.01884635077
0.003769270154 0.005180385678 0.02638489108
0.003769270154 0.005180385678 0.03015416123
0.003769270154 0.005180385678 0.03392343138
0.003769270154 0.005180385678 0.03769270154
0.003769270154 0.005180385678 0.04523124185
0.007538540308 0.005180385678 -0.04523124185
0.007538540308 0.005180385678 -0.04146197169
0.007538540308 0.005180385678 -0.03769270154
0.007538540308 0.005180385678 -0.03015416123
0.007538540308 0.005180385678 -0.02638489108
0.007538540308 0.005180385678 -0.02261562092
0.007538540308 0.005180385678 -0.01884635077
0.007538540308 0.005180385678 -0.01130781046
0.007538540308 0.005180385678 -0.007538540308
0.007538540308 0.005180385678 -0.003769270154
0.007538540308 0.005180385678 4.33680869e-18
0.007538540308 0.005180385678 0.007538540308
0.007538540308 0.005180385678 0.01130781046
0.007538540308 0.005180385678 0.01507708062
0.007538540308 0.005180385678 0.01884635077
0.007538540308 0.005180385678 0.02638489108
0.007538540308 0.005180385678 0.03015416123
0.007538540308 0.005180385678 0.03392343138
0.007538540308 0.005180385678 0.03769270154
0.007538540308 0.005180385678 0.04523124185
0.01130781046 0.005180385678 -0.04523124185
0.01130781046 0.005180385678 -0.04146197169
0.01130781046 0.005180385678 -0.03769270154
0.01130781046 0.005180385678 -0.03015416123
0.01130781046 0.005180385678 -0.02638489108
0.01130781046 0.005180385678 -0.02261562092
0.01130781046 0.005180385678 -0.01884635077
0.01130781046 0.005180385678 -0.01130781046
0.01130781046 0.005180385678 -0.007538540308
0.01130781046 0.005180385678 -0.003769270154
0.01130781046 0.005180385678 4.33680869e-18
0.01130781046 0.005180385678 0.007538540308
0.01130781046 0.005180385678 0.01130781046
0.01130781046 0.005180385678 0.01507708062
0.01130781046 0.005180385678 0.01884635077
0.01130781046 0.005180385678 0.02638489108
0.01130781046 0.005180385678 0.03015416123
0.01130781046 0.005180385678 0.03392343138
0.01130781046 0.005180385678 0.03769270154
0.01130781046 0.005180385678 0.04523124185
0.01507708062 0.005180385678 -0.04523124185
0.01507708062 0.005180385678 -0.04146197169
0.01507708062 0.005180385678 -0.03769270154
0.01507708062 0.005180385678 -0.03015416123
0.01507708062 0.005180385678 -0.02638489108
0.01507708062 0.005180385678 -0.02261562092
0.01507708062 0.005180385678 -0.01884635077
0.01507708062 0.005180385678 -0.01130781046
0.01507708062 0.005180385678 -0.007538540308
0.01507708062 0.005180385678 -0.003769270154
0.01507708062 0.005180385678 4.33680869e-18
0.01507708062 0.005180385678 0.007538540308
0.01507708062 0.005180385678 0.01130781046
0.01507708062 0.005180385678 0.01507708062
0.01507708062 0.005180385678 0.01884635077
0.01507708062 0.005180385678 0.02638489108
0.01507708062 0.005180385678 0.03015416123
0.01507708062 0.005180385678 0.03392343138
0.01507708062 0.005180385678 0.03769270154
0.01507708062 0.005180385678 0.04146197169
0.01884635077 0.005180385678 -0.04146197169
0.01884635077 0.005180385678 -0.03769270154
0.01884635077 0.005180385678 -0.03392343138
0.01884635077 0.005180385678 -0.03015416123
0.01884635077 0.005180385678 -0.02261562092
0.01884635077 0.005180385678 -0.01884635077
0.01884635077 0.005180385678 -0.01507708062
0.01884635077 0.005180385678 -0.01130781046
0.01884635077 0.005180385678 -0.003769270154
0.01884635077 0.005180385678 4.33680869e-18
0.01884635077 0.005180385678 0.003769270154
0.01884635077 0.005180385678 0.007538540308
0.01884635077 0.005180385678 0.01507708062
0.01884635077 0.005180385678 0.01884635077
0.01884635077 0.005180385678 0.02261562092
0.01884635077 0.005180385678 0.02638489108
0.01884635077 0.005180385678 0.03392343138
0.01884635077 0.005180385678 0.03769270154
0.01884635077 0.005180385678 0.04146197169
0.02261562092 0.005180385678 -0.04146197169
0.02261562092 0.005180385678 -0.03392343138
0.02261562092 0.005180385678 -0.03015416123
0.02261562092 0.005180385678 -0.02638489108
0.02261562092 0.005180385678 -0.02261562092
0.02261562092 0.005180385678 -0.01507708062
0.02261562092 0.005180385678 -0.01130781046
0.02261562092 0.005180385678 -0.007538540308
0.02261562092 0.005180385678 -0.003769270154
0.02261562092 0.005180385678 0.003769270154
0.02261562092 0.005180385678 0.007538540308
0.02261562092 0.005180385678 0.01130781046
0.02261562092 0.005180385678 0.01507708062
0.02261562092 0.005180385678 0.02261562092
0.02261562092 0.005180385678 0.02638489108
0.02261562092 0.005180385678 0.03015416123
0.02261562092 0.005180385678 0.03392343138
0.02261562092 0.005180385678 0.04146197169
0.02638489108 0.005180385678 -0.03769270154
0.02638489108 0.005180385678 -0.03392343138
0.02638489108 0.005180385678 -0.03015416123
0.02638489108 0.005180385678 -0.02261562092
0.02638489108 0.005180385678 -0.01884635077
0.02638489108 0.005180385678 -0.01507708062
0.02638489108 0.005180385678 -0.01130781046
0.02638489108 0.005180385678 -0.003769270154
0.02638489108 0.005180385678 4.33680869e-18
0.02638489108 0.005180385678 0.003769270154
0.02638489108 0.005180385678 0.007538540308
0.02638489108 0.005180385678 0.01507708062
0.02638489108 0.005180385678 0.01884635077
0.02638489108 0.005180385678 0.02261562092
0.02638489108 0.005180385678 0.02638489108
0.02638489108 0.005180385678 0.03392343138
0.02638489108 0.005180385678 0.03769270154
0.03015416123 0.005180385678 -0.03392343138
0.03015416123 0.005180385678 -0.03015416123
0.03015416123 0.005180385678 -0.02261562092
0.03015416123 0.005180385678 -0.01884635077
0.03015416123 0.005180385678 -0.01507708062
0.03015416123 0.005180385678 -0.01130781046
0.03015416123 0.005180385678 -0.003769270154
0.03015416123 0.005180385678 4.33680869e-18
0.03015416123 0.005180385678 0.003769270154
0.03015416123 0.005180385678 0.007538540308
0.03015416123 0.005180385678 0.01507708062
0.03015416123 0.005180385678 0.01884635077
0.03015416123 0.005180385678 0.02261562092
0.03015416123 0.005180385678 0.02638489108
0.03015416123 0.005180385678 0.03392343138
0.03392343138 0.005180385678 -0.03015416123
0.03392343138 0.005180385678 -0.02638489108
0.03392343138 0.005180385678 -0.02261562092
0.03392343138 0.005180385678 -0.01507708062
0.03392343138 0.005180385678 -0.01130781046
0.03392343138 0.005180385678 -0.007538540308
0.03392343138 0.005180385678 -0.003769270154
0.03392343138 0.005180385678 0.003769270154
0.03392343138 0.005180385678 0.007538540308
0.03392343138 0.005180385678 0.01130781046
0.03392343138 0.005180385678 0.01507708062
0.03392343138 0.005180385678 0.01884635077
0.03392343138 0.005180385678 0.02638489108
0.03392343138 0.005180385678 0.03015416123
0.03769270154 0.005180385678 -0.02638489108
0.03769270154 0.005180385678 -0.02261562092
0.03769270154 0.005180385678 -0.01507708062
0.03769270154 0.005180385678 -0.01130781046
0.03769270154 0.005180385678 -0.007538540308
0.03769270154 0.005180385678 -0.003769270154
0.03769270154 0.005180385678 0.003769270154
0.03769270154 0.005180385678 0.007538540308
0.03769270154 0.005180385678 0.01130781046
0.03769270154 0.005180385678 0.01507708062
0.03769270154 0.005180385678 0.02261562092
0.03769270154 0.005180385678 0.02638489108
0.04146197169 0.005180385678 -0.02261562092
0.04146197169 0.005180385678 -0.01884635077
0.04146197169 0.005180385678 -0.01130781046
0.04146197169 0.005180385678 -0.007538540308
0.04146197169 0.005180385678 -0.003769270154
0.04146197169 0.005180385678 4.33680869e-18
0.04146197169 0.005180385678 0.007538540308
0.04146197169 0.005180385678 0.01130781046
0.04146197169 0.005180385678 0.01507708062
0.04146197169 0.005180385678 0.01884635077
0.04523124185 0.005180385678 -0.01507708062
0.04523124185 0.005180385678 -0.01130781046
0.04523124185 0.005180385678 -0.007538540308
0.04523124185 0.005180385678 -0.003769270154
0.04523124185 0.005180385678 0.003769270154
0.04523124185 0.005180385678 0.007538540308
0.04523124185 0.005180385678 0.01130781046
0.04523124185 0.005180385678 0.01507708062
-0.04334660677 0.008257981871 -0.01319244554
-0.04334660677 0.008257981871 -0.009423175384
-0.04334660677 0.008257981871 -0.005653905231
-0.04334660677 0.008257981871 -0.001884635077
-0.04334660677 0.008257981871 0.005653905231
-0.04334660677 0.008257981871 0.009423175384
-0.04334660677 0.008257981871 0.01319244554
-0.04334660677 0.008257981871 0.01696171569
-0.03957733661 0.008257981871 -0.02073098585
-0.03957733661 0.008257981871 -0.01696171569
-0.03957733661 0.008257981871 -0.01319244554
-0.03957733661 0.008257981871 -0.009423175384
-0.03957733661 0.008257981871 -0.001884635077
-0.03957733661 0.008257981871 0.001884635077
-0.03957733661 0.008257981871 0.005653905231
-0.03957733661 0.008257981871 0.009423175384
-0.03957733661 0.008257981871 0.01696171569
-0.03957733661 0.008257981871 0.02073098585
-0.03957733661 0.008257981871 0.024500256
-0.03580806646 0.008257981871 -0.02826952615
-0.03580806646 0.008257981871 -0.02073098585
-0.03580806646 0.008257981871 -0.01696171569
-0.03580806646 0.008257981871 -0.01319244554
-0.03580806646 0.008257981871 -0.009423175384
-0.03580806646 0.008257981871 -0.001884635077
-0.03580806646 0.008257981871 0.001884635077
-0.03580806646 0.008257981871 0.005653905231
-0.03580806646 0.008257981871 0.009423175384
-0.03580806646 0.008257981871 0.01696171569
-0.03580806646 0.008257981871 0.02073098585
-0.03580806646 0.008257981871 0.024500256
-0.03580806646 0.008257981871 0.02826952615
-0.03203879631 0.008257981871 -0.02826952615
-0.03203879631 0.008257981871 -0.024500256
-0.03203879631 0.008257981871 -0.02073098585
-0.03203879631 0.008257981871 -0.01696171569
-0.03203879631 0.008257981871 -0.009423175384
-0.03203879631 0.008257981871 -0.005653905231
-0.03203879631 0.008257981871 -0.001884635077
-0.03203879631 0.008257981871 0.001884635077
-0.03203879631 0.008257981871 0.009423175384
-0.03203879631 0.008257981871 0.01319244554
-0.03203879631 0.008257981871 0.01696171569
-0.03203879631 0.008257981871 0.02073098585
-0.03203879631 0.008257981871 0.02826952615
-0.03203879631 0.008257981871 0.03203879631
-0.02826952615 0.008257981871 -0.03580806646
-0.02826952615 0.008257981871 -0.03203879631
-0.02826952615 0.008257981871 -0.02826952615
-0.02826952615 0.008257981871 -0.02073098585
-0.02826952615 0.008257981871 -0.01696171569
-0.02826952615 0.008257981871 -0.01319244554
-0.02826952615 0.008257981871 -0.009423175384
-0.02826952615 0.008257981871 -0.001884635077
-0.02826952615 0.008257981871 0.001884635077
-0.02826952615 0.008257981871 0.005653905231
-0.02826952615 0.008257981871 0.009423175384
-0.02826952615 0.008257981871 0.01696171569
-0.02826952615 0.008257981871 0.02073098585
-0.02826952615 0.008257981871 0.024500256
-0.02826952615 0.008257981871 0.02826952615
-0.02826952615 0.008257981871 0.03580806646
-0.024500256 0.008257981871 -0.03957733661
-0.024500256 0.008257981871 -0.03580806646
-0.024500256 0.008257981871 -0.03203879631
-0.024500256 0.008257981871 -0.024500256
-0.024500256 0.008257981871 -0.02073098585
-0.024500256 0.008257981871 -0.01696171569
-0.024500256 0.008257981871 -0.01319244554
-0.024500256 0.008257981871 -0.005653905231
-0.024500256 0.008257981871 -0.001884635077
-0.024500256 0.008257981871 0.001884635077
-0.024500256 0.008257981871 0.005653905231
-0.024500256 0.008257981871 0.01319244554
-0.024500256 0.008257981871 0.01696171569
-0.024500256 0.008257981871 0.02073098585
-0.024500256 0.008257981871 0.024500256
-0.024500256 0.008257981871 0.03203879631
-0.024500256 0.008257981871 0.03580806646
-0.024500256 0.008257981871 0.03957733661
-0.02073098585 0.008257981871 -0.03957733661
-0.02073098585 0.008257981871 -0.03203879631
-0.02073098585 0.008257981871 -0.02826952615
-0.02073098585 0.008257981871 -0.024500256
-0.02073098585 0.008257981871 -0.02073098585
-0.02073098585 0.008257981871 -0.01319244554
-0.02073098585 0.008257981871 -0.009423175384
-0.02073098585 0.008257981871 -0.005653905231
-0.02073098585 0.008257981871 -0.001884635077
-0.02073098585 0.008257981871 0.005653905231
-0.02073098585 0.008257981871 0.009423175384
-0.02073098585 0.008257981871 0.01319244554
-0.02073098585 0.008257981871 0.01696171569
-0.02073098585 0.008257981871 0.024500256
-0.02073098585 0.008257981871 0.02826952615
-0.02073098585 0.008257981871 0.03203879631
-0.02073098585 0.008257981871 0.03580806646
-0.01696171569 0.008257981871 -0.04334660677
-0.01696171569 0.008257981871 -0.03957733661
-0.01696171569 0.008257981871 -0.03580806646
-0.01696171569 0.008257981871 -0.03203879631
-0.01696171569 0.008257981871 -0.024500256
-0.01696171569 0.008257981871 -0.02073098585
-0.01696171569 0.008257981871 -0.01696171569
-0.01696171569 0.008257981871 -0.01319244554
-0.01696171569 0.008257981871 -0.005653905231
-0.01696171569 0.008257981871 -0.001884635077
-0.01696171569 0.008257981871 0.001884635077
-0.01696171569 0.008257981871 0.005653905231
-0.01696171569 0.008257981871 0.01319244554
-0.01696171569 0.008257981871 0.01696171569
-0.01696171569 0.008257981871 0.02073098585
-0.01696171569 0.008257981871 0.024500256
-0.01696171569 0.008257981871 0.03203879631
-0.01696171569 0.008257981871 0.03580806646
-0.01696171569 0.008257981871 0.03957733661
-0.01696171569 0.008257981871 0.04334660677
-0.01319244554 0.008257981871 -0.03957733661
-0.01319244554 0.008257981871 -0.03580806646
-0.01319244554 0.008257981871 -0.03203879631
-0.01319244554 0.008257981871 -0.02826952615
-0.01319244554 0.008257981871 -0.02073098585
-0.01319244554 0.008257981871 -0.01696171569
-0.01319244554 0.008257981871 -0.01319244554
-0.01319244554 0.008257981871 -0.009423175384
-0.01319244554 0.008257981871 -0.001884635077
-0.01319244554 0.008257981871 0.001884635077
-0.01319244554 0.008257981871 0.005653905231
-0.01319244554 0.008257981871 0.009423175384
-0.01319244554 0.008257981871 0.01319244554
-0.01319244554 0.008257981871 0.02073098585
-0.01319244554 0.008257981871 0.024500256
-0.01319244554 0.008257981871 0.02826952615
-0.01319244554 0.008257981871 0.03203879631
-0.01319244554 0.008257981871 0.03957733661
-0.01319244554 0.008257981871 0.04334660677
-0.009423175384 0.008257981871 -0.04334660677
-0.009423175384 0.008257981871 -0.03957733661
-0.009423175384 0.008257981871 -0.03203879631
-0.009423175384 0.008257981871 -0.02826952615
-0.009423175384 0.008257981871 -0.024500256
-0.009423175384 0.008257981871 -0.02073098585
-0.009423175384 0.008257981871 -0.01319244554
-0.009423175384 0.008257981871 -0.009423175384
-0.009423175384 0.008257981871 -0.005653905231
-0.009423175384 0.008257981871 -0.001884635077
-0.009423175384 0.008257981871 0.005653905231
-0.009423175384 0.008257981871 0.009423175384
-0.009423175384 0.008257981871 0.01319244554
-0.009423175384 0.008257981871 0.01696171569
-0.009423175384 0.008257981871 0.024500256
-0.009423175384 0.008257981871 0.02826952615
-0.009423175384 0.008257981871 0.03203879631
-0.009423175384 0.008257981871 0.03580806646
-0.009423175384 0.008257981871 0.04334660677
-0.005653905231 0.008257981871 -0.04334660677
-0.005653905231 0.008257981871 -0.03957733661
-0.005653905231 0.008257981871 -0.03580806646
-0.005653905231 0.008257981871 -0.02826952615
-0.005653905231 0.008257981871 -0.024500256
-0.005653905231 0.008257981871 -0.02073098585
-0.005653905231 0.008257981871 -0.01696171569
-0.005653905231 0.008257981871 -0.009423175384
-0.005653905231 0.008257981871 -0.005653905231
-0.005653905231 0.008257981871 -0.001884635077
-0.005653905231 0.008257981871 0.001884635077
-0.005653905231 0.008257981871 0.009423175384
-0.005653905231 0.008257981871 0.01319244554
-0.005653905231 0.008257981871 0.01696171569
-0.005653905231 0.008257981871 0.02073098585
-0.005653905231 0.008257981871 0.02826952615
-0.005653905231 0.008257981871 0.03203879631
-0.005653905231 0.008257981871 0.03580806646
-0.005653905231 0.008257981871 0.03957733661
-0.005653905231 0.008257981871 0.04711587692
-0.001884635077 0.008257981871 -0.04334660677
-0.001884635077 0.008257981871 -0.03957733661
-0.001884635077 0.008257981871 -0.03580806646
-0.001884635077 0.008257981871 -0.02826952615
-0.001884635077 0.008257981871 -0.024500256
-0.001884635077 0.008257981871 -0.02073098585
-0.001884635077 0.008257981871 -0.01696171569
-0.001884635077 0.008257981871 -0.009423175384
-0.001884635077 0.008257981871 -0.005653905231
-0.001884635077 0.008257981871 -0.001884635077
-0.001884635077 0.008257981871 0.001884635077
-0.001884635077 0.008257981871 0.009423175384
-0.001884635077 0.008257981871 0.01319244554
-0.001884635077 0.008257981871 0.01696171569
-0.001884635077 0.008257981871 0.02073098585
-0.001884635077 0.008257981871 0.02826952615
-0.001884635077 0.008257981871 0.03203879631
-0.001884635077 0.008257981871 0.03580806646
-0.001884635077 0.008257981871 0.03957733661
-0.001884635077 0.008257981871 0.04711587692
0.001884635077 0.008257981871 -0.04334660677
0.001884635077 0.008257981871 -0.03957733661
0.001884635077 0.008257981871 -0.03580806646
0.001884635077 0.008257981871 -0.02826952615
0.001884635077 0.008257981871 -0.024500256
0.001884635077 0.008257981871 -0.02073098585
0.001884635077 0.008257981871 -0.01696171569
0.001884635077 0.008257981871 -0.009423175384
0.001884635077 0.008257981871 -0.005653905231
0.001884635077 0.008257981871 -0.001884635077
0.001884635077 0.008257981871 0.001884635077
0.001884635077 0.008257981871 0.009423175384
0.001884635077 0.008257981871 0.01319244554
0.001884635077 0.008257981871 0.01696171569
0.001884635077 0.008257981871 0.02073098585
0.001884635077 0.008257981871 0.024500256
0.001884635077 0.008257981871 0.03203879631
0.001884635077 0.008257981871 0.03580806646
0.001884635077 0.008257981871 0.03957733661
0.001884635077 0.008257981871 0.04334660677
0.005653905231 0.008257981871 -0.04334660677
0.005653905231 0.008257981871 -0.03957733661
0.005653905231 0.008257981871 -0.03580806646
0.005653905231 0.008257981871 -0.03203879631
0.005653905231 0.008257981871 -0.024500256
0.005653905231 0.008257981871 -0.02073098585
0.005653905231 0.008257981871 -0.01696171569
0.005653905231 0.008257981871 -0.01319244554
0.005653905231 0.008257981871 -0.005653905231
0.005653905231 0.008257981871 -0.001884635077
0.005653905231 0.008257981871 0.001884635077
0.005653905231 0.008257981871 0.005653905231
0.005653905231 0.008257981871 0.01319244554
0.005653905231 0.008257981871 0.01696171569
0.005653905231 0.008257981871 0.02073098585
0.005653905231 0.008257981871 0.024500256
0.005653905231 0.008257981871 0.03203879631
0.005653905231 0.008257981871 0.03580806646
0.005653905231 0.008257981871 0.03957733661
0.005653905231 0.008257981871 0.04334660677
0.009423175384 0.008257981871 -0.04334660677
0.009423175384 0.008257981871 -0.03957733661
0.009423175384 0.008257981871 -0.03580806646
0.009423175384 0.008257981871 -0.03203879631
0.009423175384 0.008257981871 -0.024500256
0.009423175384 0.008257981871 -0.02073098585
0.009423175384 0.008257981871 -0.01696171569
0.009423175384 0.008257981871 -0.01319244554
0.009423175384 0.008257981871 -0.005653905231
0.009423175384 0.008257981871 -0.001884635077
0.009423175384 0.008257981871 0.001884635077
0.009423175384 0.008257981871 0.005653905231
0.009423175384 0.008257981871 0.01319244554
0.009423175384 0.008257981871 0.01696171569
0.009423175384 0.008257981871 0.02073098585
0.009423175384 0.008257981871 0.024500256
0.009423175384 0.008257981871 0.03203879631
0.009423175384 0.008257981871 0.03580806646
0.009423175384 0.008257981871 0.03957733661
0.009423175384 0.008257981871 0.04334660677
0.01319244554 0.008257981871 -0.03957733661
0.01319244554 0.008257981871 -0.03580806646
0.01319244554 0.008257981871 -0.03203879631
0.01319244554 0.008257981871 -0.02826952615
0.01319244554 0.008257981871 -0.02073098585
0.01319244554 0.008257981871 -0.01696171569
0.01319244554 0.008257981871 -0.01319244554
0.01319244554 0.008257981871 -0.009423175384
0.01319244554 0.008257981871 -0.001884635077
0.01319244554 0.008257981871 0.001884635077
0.01319244554 0.008257981871 0.005653905231
0.01319244554 0.008257981871 0.009423175384
0.01319244554 0.008257981871 0.01696171569
0.01319244554 0.008257981871 0.02073098585
0.01319244554 0.008257981871 0.024500256
0.01319244554 0.008257981871 0.02826952615
0.01319244554 0.008257981871 0.03580806646
0.01319244554 0.008257981871 0.03957733661
0.01319244554 0.008257981871 0.04334660677
0.01696171569 0.008257981871 -0.04334660677
0.01696171569 0.008257981871 -0.03580806646
0.01696171569 0.008257981871 -0.03203879631
0.01696171569 0.008257981871 -0.02826952615
0.01696171569 0.008257981871 -0.024500256
0.01696171569 0.008257981871 -0.01696171569
0.01696171569 0.008257981871 -0.01319244554
0.01696171569 0.008257981871 -0.009423175384
0.01696171569 0.008257981871 -0.005653905231
0.01696171569 0.008257981871 0.001884635077
0.01696171569 0.008257981871 0.005653905231
0.01696171569 0.008257981871 0.009423175384
0.01696171569 0.008257981871 0.01319244554
0.01696171569 0.008257981871 0.02073098585
0.01696171569 0.008257981871 0.024500256
0.01696171569 0.008257981871 0.02826952615
0.01696171569 0.008257981871 0.03203879631
0.01696171569 0.008257981871 0.03580806646
0.01696171569 0.008257981871 0.04334660677
0.02073098585 0.008257981871 -0.03957733661
0.02073098585 0.008257981871 -0.03580806646
0.02073098585 0.008257981871 -0.03203879631
0.02073098585 0.008257981871 -0.024500256
0.02073098585 0.008257981871 -0.02073098585
0.02073098585 0.008257981871 -0.01696171569
0.02073098585 0.008257981871 -0.01319244554
0.02073098585 0.008257981871 -0.005653905231
0.02073098585 0.008257981871 -0.001884635077
0.02073098585 0.008257981871 0.001884635077
0.02073098585 0.008257981871 0.005653905231
0.02073098585 0.008257981871 0.01319244554
0.02073098585 0.008257981871 0.01696171569
0.02073098585 0.008257981871 0.02073098585
0.02073098585 0.008257981871 0.024500256
0.02073098585 0.008257981871 0.03203879631
0.02073098585 0.008257981871 0.03580806646
0.02073098585 0.008257981871 0.03957733661
0.024500256 0.008257981871 -0.03957733661
0.024500256 0.008257981871 -0.03203879631
0.024500256 0.008257981871 -0.02826952615
0.024500256 0.008257981871 -0.024500256
0.024500256 0.008257981871 -0.02073098585
0.024500256 0.008257981871 -0.01319244554
0.024500256 0.008257981871 -0.009423175384
0.024500256 0.008257981871 -0.005653905231
0.024500256 0.008257981871 -0.001884635077
0.024500256 0.008257981871 0.005653905231
0.024500256 0.008257981871 0.009423175384
0.024500256 0.008257981871 0.01319244554
0.024500256 0.008257981871 0.01696171569
0.024500256 0.008257981871 0.024500256
0.024500256 0.008257981871 0.02826952615
0.024500256 0.008257981871 0.03203879631
0.024500256 0.008257981871 0.03580806646
0.02826952615 0.008257981871 -0.03580806646
0.02826952615 0.008257981871 -0.03203879631
0.02826952615 0.008257981871 -0.02826952615
0.02826952615 0.008257981871 -0.024500256
0.02826952615 0.008257981871 -0.01696171569
0.02826952615 0.008257981871 -0.01319244554
0.02826952615 0.008257981871 -0.009423175384
0.02826952615 0.008257981871 -0.005653905231
0.02826952615 0.008257981871 0.001884635077
0.02826952615 0.008257981871 0.005653905231
0.02826952615 0.008257981871 0.009423175384
0.02826952615 0.008257981871 0.01319244554
0.02826952615 0.008257981871 0.02073098585
0.02826952615 0.008257981871 0.024500256
0.02826952615 0.008257981871 0.02826952615
0.02826952615 0.008257981871 0.03203879631
0.03203879631 0.008257981871 -0.03203879631
0.03203879631 0.008257981871 -0.02826952615
0.03203879631 0.008257981871 -0.024500256
0.03203879631 0.008257981871 -0.02073098585
0.03203879631 0.008257981871 -0.01319244554
0.03203879631 0.008257981871 -0.009423175384
0.03203879631 0.008257981871 -0.005653905231
0.03203879631 0.008257981871 -0.001884635077
0.03203879631 0.008257981871 0.005653905231
0.03203879631 0.008257981871 0.009423175384
0.03203879631 0.008257981871 0.01319244554
0.03203879631 0.008257981871 0.01696171569
0.03203879631 0.008257981871 0.024500256
0.03203879631 0.008257981871 0.02826952615
0.03203879631 0.008257981871 0.03203879631
0.03580806646 0.008257981871 -0.02826952615
0.03580806646 0.008257981871 -0.02073098585
0.03580806646 0.008257981871 -0.01696171569
0.03580806646 0.008257981871 -0.01319244554
0.03580806646 0.008257981871 -0.009423175384
0.03580806646 0.008257981871 -0.001884635077
0.03580806646 0.008257981871 0.001884635077
0.03580806646 0.008257981871 0.005653905231
0.03580806646 0.008257981871 0.009423175384
0.03580806646 0.008257981871 0.01319244554
0.03580806646 0.008257981871 0.02073098585
0.03580806646 0.008257981871 0.024500256
0.03580806646 0.008257981871 0.02826952615
0.03957733661 0.008257981871 -0.024500256
0.03957733661 0.008257981871 -0.01696171569
0.03957733661 0.008257981871 -0.01319244554
0.03957733661 0.008257981871 -0.009423175384
0.03957733661 0.008257981871 -0.005653905231
0.03957733661 0.008257981871 0.001884635077
0.03957733661 0.008257981871 0.005653905231
0.03957733661 0.008257981871 0.009423175384
0.03957733661 0.008257981871 0.01319244554
0.03957733661 0.008257981871 0.02073098585
0.03957733661 0.008257981871 0.024500256
0.04334660677 0.008257981871 -0.01696171569
0.04334660677 0.008257981871 -0.01319244554
0.04334660677 0.008257981871 -0.005653905231
0.04334660677 0.008257981871 -0.001884635077
0.04334660677 0.008257981871 0.001884635077
0.04334660677 0.008257981871 0.005653905231
0.04334660677 0.008257981871 0.01319244554
0.04334660677 0.008257981871 0.01696171569
0.04711587692 0.008257981871 -0.005653905231
0.04711587692 0.008257981871 -0.001884635077
0.04711587692 0.008257981871 0.005653905231
-0.04523124185 0.01133557806 -0.01507708062
-0.04523124185 0.01133557806 -0.01130781046
-0.04523124185 0.01133557806 -0.007538540308
-0.04523124185 0.01133557806 4.33680869e-18
-0.04523124185 0.01133557806 0.003769270154
-0.04523124185 0.01133557806 0.007538540308
-0.04523124185 0.01133557806 0.01130781046
-0.04146197169 0.01133557806 -0.02261562092
-0.04146197169 0.01133557806 -0.01884635077
-0.04146197169 0.01133557806 -0.01507708062
-0.04146197169 0.01133557806 -0.01130781046
-0.04146197169 0.01133557806 -0.003769270154
-0.04146197169 0.01133557806 4.33680869e-18
-0.04146197169 0.01133557806 0.003769270154
-0.04146197169 0.01133557806 0.007538540308
-0.04146197169 0.01133557806 0.01507708062
-0.04146197169 0.01133557806 0.01884635077
-0.04146197169 0.01133557806 0.02261562092
-0.03769270154 0.01133557806 -0.02638489108
-0.03769270154 0.01133557806 -0.01884635077
-0.03769270154 0.01133557806 -0.01507708062
-0.03769270154 0.01133557806 -0.01130781046
-0.03769270154 0.01133557806 -0.007538540308
-0.03769270154 0.01133557806 4.33680869e-18
-0.03769270154 0.01133557806 0.003769270154
-0.03769270154 0.01133557806 0.007538540308
-0.03769270154 0.01133557806 0.01130781046
-0.03769270154 0.01133557806 0.01884635077
-0.03769270154 0.01133557806 0.02261562092
-0.03769270154 0.01133557806 0.02638489108
-0.03392343138 0.01133557806 -0.03015416123
-0.03392343138 0.01133557806 -0.02261562092
-0.03392343138 0.01133557806 -0.01884635077
-0.03392343138 0.01133557806 -0.01507708062
-0.03392343138 0.01133557806 -0.01130781046
-0.03392343138 0.01133557806 -0.003769270154
-0.03392343138 0.01133557806 4.33680869e-18
-0.03392343138 0.01133557806 0.003769270154
-0.03392343138 0.01133557806 0.007538540308
-0.03392343138 0.01133557806 0.01507708062
-0.03392343138 0.01133557806 0.01884635077
-0.03392343138 0.01133557806 0.02261562092
-0.03392343138 0.01133557806 0.02638489108
-0.03015416123 0.01133557806 -0.03392343138
-0.03015416123 0.01133557806 -0.03015416123
-0.03015416123 0.01133557806 -0.02638489108
-0.03015416123 0.01133557806 -0.02261562092
-0.03015416123 0.01133557806 -0.01507708062
-0.03015416123 0.01133557806 -0.01130781046
-0.03015416123 0.01133557806 -0.007538540308
-0.03015416123 0.01133557806 -0.003769270154
-0.03015416123 0.01133557806 0.003769270154
-0.03015416123 0.01133557806 0.007538540308
-0.03015416123 0.01133557806 0.01130781046
-0.03015416123 0.01133557806 0.01507708062
-0.03015416123 0.01133557806 0.01884635077
-0.03015416123 0.01133557806 0.02638489108
-0.03015416123 0.01133557806 0.03015416123
-0.03015416123 0.01133557806 0.03392343138
-0.02638489108 0.01133557806 -0.03769270154
-0.02638489108 0.01133557806 -0.03015416123
-0.02638489108 0.01133557806 -0.02638489108
-0.02638489108 0.01133557806 -0.02261562092
-0.02638489108 0.01133557806 -0.01884635077
-0.02638489108 0.01133557806 -0.01130781046
-0.02638489108 0.01133557806 -0.007538540308
-0.02638489108 0.01133557806 -0.003769270154
-0.02638489108 0.01133557806 4.33680869e-18
-0.02638489108 0.01133557806 0.007538540308
-0.02638489108 0.01133557806 0.01130781046
-0.02638489108 0.01133557806 0.01507708062
-0.02638489108 0.01133557806 0.01884635077
-0.02638489108 0.01133557806 0.02638489108
-0.02638489108 0.01133557806 0.03015416123
-0.02638489108 0.01133557806 0.03392343138
-0.02638489108 0.01133557806 0.03769270154
-0.02261562092 0.01133557806 -0.03769270154
-0.02261562092 0.01133557806 -0.03392343138
-0.02261562092 0.01133557806 -0.03015416123
-0.02261562092 0.01133557806 -0.02638489108
-0.02261562092 0.01133557806 -0.01884635077
-0.02261562092 0.01133557806 -0.01507708062
-0.02261562092 0.01133557806 -0.01130781046
-0.02261562092 0.01133557806 -0.007538540308
-0.02261562092 0.01133557806 4.33680869e-18
-0.02261562092 0.01133557806 0.003769270154
-0.02261562092 0.01133557806 0.007538540308
-0.02261562092 0.01133557806 0.01130781046
-0.02261562092 0.01133557806 0.01884635077
-0.02261562092 0.01133557806 0.02261562092
-0.02261562092 0.01133557806 0.02638489108
-0.02261562092 0.01133557806 0.03015416123
-0.02261562092 0.01133557806 0.03769270154
-0.02261562092 0.01133557806 0.04146197169
-0.01884635077 0.01133557806 -0.04146197169
-0.01884635077 0.01133557806 -0.03769270154
-0.01884635077 0.01133557806 -0.03015416123
-0.01884635077 0.01133557806 -0.02638489108
-0.01884635077 0.01133557806 -0.02261562092
-0.01884635077 0.01133557806 -0.01884635077
-0.01884635077 0.01133557806 -0.01130781046
-0.01884635077 0.01133557806 -0.007538540308
-0.01884635077 0.01133557806 -0.003769270154
-0.01884635077 0.01133557806 4.33680869e-18
-0.01884635077 0.01133557806 0.007538540308
-0.01884635077 0.01133557806 0.01130781046
-0.01884635077 0.01133557806 0.01507708062
-0.01884635077 0.01133557806 0.01884635077
-0.01884635077 0.01133557806 0.02638489108
-0.01884635077 0.01133557806 0.03015416123
-0.01884635077 0.01133557806 0.03392343138
-0.01884635077 0.01133557806 0.03769270154
-0.01507708062 0.01133557806 -0.04523124185
-0.01507708062 0.01133557806 -0.04146197169
-0.01507708062 0.01133557806 -0.03769270154
-0.01507708062 0.01133557806 -0.03392343138
-0.01507708062 0.01133557806 -0.02638489108
-0.01507708062 0.01133557806 -0.02261562092
-0.01507708062 0.01133557806 -0.01884635077
-0.01507708062 0.01133557806 -0.01507708062
-0.01507708062 0.01133557806 -0.007538540308
-0.01507708062 0.01133557806 -0.003769270154
-0.01507708062 0.01133557806 4.33680869e-18
-0.01507708062 0.01133557806 0.003769270154
-0.01507708062 0.01133557806 0.01130781046
-0.01507708062 0.01133557806 0.01507708062
-0.01507708062 0.01133557806 0.01884635077
-0.01507708062 0.01133557806 0.02261562092
-0.01507708062 0.01133557806 0.03015416123
-0.01507708062 0.01133557806 0.03392343138
-0.01507708062 0.01133557806 0.03769270154
-0.01507708062 0.01133557806 0.04146197169
-0.01130781046 0.01133557806 -0.04523124185
-0.01130781046 0.01133557806 -0.04146197169
-0.01130781046 0.01133557806 -0.03769270154
-0.01130781046 0.01133557806 -0.03392343138
-0.01130781046 0.01133557806 -0.03015416123
-0.01130781046 0.01133557806 -0.02261562092
-0.01130781046 0.01133557806 -0.01884635077
-0.01130781046 0.01133557806 -0.01507708062
-0.01130781046 0.01133557806 -0.01130781046
-0.01130781046 0.01133557806 -0.003769270154
-0.01130781046 0.01133557806 4.33680869e-18
-0.01130781046 0.01133557806 0.003769270154
-0.01130781046 0.01133557806 0.007538540308
-0.01130781046 0.01133557806 0.01507708062
-0.01130781046 0.01133557806 0.01884635077
-0.01130781046 0.01133557806 0.02261562092
-0.01130781046 0.01133557806 0.02638489108
-0.01130781046 0.01133557806 0.03392343138
-0.01130781046 0.01133557806 0.03769270154
-0.01130781046 0.01133557806 0.04146197169
-0.01130781046 0.01133557806 0.04523124185
-0.007538540308 0.01133557806 -0.04146197169
-0.007538540308 0.01133557806 -0.03769270154
-0.007538540308 0.01133557806 -0.03392343138
-0.007538540308 0.01133557806 -0.03015416123
-0.007538540308 0.01133557806 -0.02261562092
-0.007538540308 0.01133557806 -0.01884635077
-0.007538540308 0.01133557806 -0.01507708062
-0.007538540308 0.01133557806 -0.01130781046
-0.007538540308 0.01133557806 -0.003769270154
-0.007538540308 0.01133557806 4.33680869e-18
-0.007538540308 0.01133557806 0.003769270154
-0.007538540308 0.01133557806 0.007538540308
-0.007538540308 0.01133557806 0.01507708062
-0.007538540308 0.01133557806 0.01884635077
-0.007538540308 0.01133557806 0.02261562092
-0.007538540308 0.01133557806 0.02638489108
-0.007538540308 0.01133557806 0.03392343138
-0.007538540308 0.01133557806 0.03769270154
-0.007538540308 0.01133557806 0.04146197169
-0.007538540308 0.01133557806 0.04523124185
-0.003769270154 0.01133557806 -0.04146197169
-0.003769270154 0.01133557806 -0.03769270154
-0.003769270154 0.01133557806 -0.03392343138
-0.003769270154 0.01133557806 -0.03015416123
-0.003769270154 0.01133557806 -0.02261562092
-0.003769270154 0.01133557806 -0.01884635077
-0.003769270154 0.01133557806 -0.01507708062
-0.003769270154 0.01133557806 -0.01130781046
-0.003769270154 0.01133557806 -0.003769270154
-0.003769270154 0.01133557806 4.33680869e-18
-0.003769270154 0.01133557806 0.003769270154
-0.003769270154 0.01133557806 0.007538540308
-0.003769270154 0.01133557806 0.01507708062
-0.003769270154 0.01133557806 0.01884635077
-0.003769270154 0.01133557806 0.02261562092
-0.003769270154 0.01133557806 0.02638489108
-0.003769270154 0.01133557806 0.03392343138
-0.003769270154 0.01133557806 0.03769270154
-0.003769270154 0.01133557806 0.04146197169
-0.003769270154 0.01133557806 0.04523124185
4.33680869e-18 0.01133557806 -0.04146197169
4.33680869e-18 0.01133557806 -0.03769270154
4.33680869e-18 0.01133557806 -0.03392343138
4.33680869e-18 0.01133557806 -0.03015416123
4.33680869e-18 0.01133557806 -0.02261562092
4.33680869e-18 0.01133557806 -0.01884635077
4.33680869e-18 0.01133557806 -0.01507708062
4.33680869e-18 0.01133557806 -0.01130781046
4.33680869e-18 0.01133557806 -0.003769270154
4.33680869e-18 0.01133557806 4.33680869e-18
4.33680869e-18 0.01133557806 0.003769270154
4.33680869e-18 0.01133557806 0.007538540308
4.33680869e-18 0.01133557806 0.01507708062
4.33680869e-18 0.01133557806 0.01884635077
4.33680869e-18 0.01133557806 0.02261562092
4.33680869e-18 0.01133557806 0.02638489108
4.33680869e-18 0.01133557806 0.03392343138
4.33680869e-18 0.01133557806 0.03769270154
4.33680869e-18 0.01133557806 0.04146197169
4.33680869e-18 0.01133557806 0.04523124185
0.003769270154 0.01133557806 -0.04146197169
0.003769270154 0.01133557806 -0.03769270154
0.003769270154 0.01133557806 -0.03392343138
0.003769270154 0.01133557806 -0.03015416123
0.003769270154 0.01133557806 -0.02638489108
0.003769270154 0.01133557806 -0.01884635077
0.003769270154 0.01133557806 -0.01507708062
0.003769270154 0.01133557806 -0.01130781046
0.003769270154 0.01133557806 -0.007538540308
0.003769270154 0.01133557806 4.33680869e-18
0.003769270154 0.01133557806 0.003769270154
0.003769270154 0.01133557806 0.007538540308
0.003769270154 0.01133557806 0.01130781046
0.003769270154 0.01133557806 0.01884635077
0.003769270154 0.01133557806 0.02261562092
0.003769270154 0.01133557806 0.02638489108
0.003769270154 0.01133557806 0.03015416123
0.003769270154 0.01133557806 0.03769270154
0.003769270154 0.01133557806 0.04146197169
0.003769270154 0.01133557806 0.04523124185
0.007538540308 0.01133557806 -0.04523124185
0.007538540308 0.01133557806 -0.03769270154
0.007538540308 0.01133557806 -0.03392343138
0.007538540308 0.01133557806 -0.03015416123
0.007538540308 0.01133557806 -0.02638489108
0.007538540308 0.01133557806 -0.01884635077
0.007538540308 0.01133557806 -0.01507708062
0.007538540308 0.01133557806 -0.01130781046
0.007538540308 0.01133557806 -0.007538540308
0.007538540308 0.01133557806 4.33680869e-18
0.007538540308 0.01133557806 0.003769270154
0.007538540308 0.01133557806 0.007538540308
0.007538540308 0.01133557806 0.01130781046
0.007538540308 0.01133557806 0.01884635077
0.007538540308 0.01133557806 0.02261562092
0.007538540308 0.01133557806 0.02638489108
0.007538540308 0.01133557806 0.03015416123
0.007538540308 0.01133557806 0.03769270154
0.007538540308 0.01133557806 0.04146197169
0.007538540308 0.01133557806 0.04523124185
0.01130781046 0.01133557806 -0.04523124185
0.01130781046 0.01133557806 -0.03769270154
0.01130781046 0.01133557806 -0.03392343138
0.01130781046 0.01133557806 -0.03015416123
0.01130781046 0.01133557806 -0.02638489108
0.01130781046 0.01133557806 -0.01884635077
0.01130781046 0.01133557806 -0.01507708062
0.01130781046 0.01133557806 -0.01130781046
0.01130781046 0.01133557806 -0.007538540308
0.01130781046 0.01133557806 4.33680869e-18
0.01130781046 0.01133557806 0.003769270154
0.01130781046 0.01133557806 0.007538540308
0.01130781046 0.01133557806 0.01130781046
0.01130781046 0.01133557806 0.01884635077
0.01130781046 0.01133557806 0.02261562092
0.01130781046 0.01133557806 0.02638489108
0.01130781046 0.01133557806 0.03015416123
0.01130781046 0.01133557806 0.03769270154
0.01130781046 0.01133557806 0.04146197169
0.01130781046 0.01133557806 0.04523124185
0.01507708062 0.01133557806 -0.04523124185
0.01507708062 0.01133557806 -0.03769270154
0.01507708062 0.01133557806 -0.03392343138
0.01507708062 0.01133557806 -0.03015416123
0.01507708062 0.01133557806 -0.02638489108
0.01507708062 0.01133557806 -0.01884635077
0.01507708062 0.01133557806 -0.01507708062
0.01507708062 0.01133557806 -0.01130781046
0.01507708062 0.01133557806 -0.007538540308
0.01507708062 0.01133557806 4.33680869e-18
0.01507708062 0.01133557806 0.003769270154
0.01507708062 0.01133557806 0.007538540308
0.01507708062 0.01133557806 0.01130781046
0.01507708062 0.01133557806 0.01884635077
0.01507708062 0.01133557806 0.02261562092
0.01507708062 0.01133557806 0.02638489108
0.01507708062 0.01133557806 0.03015416123
0.01507708062 0.01133557806 0.03769270154
0.01507708062 0.01133557806 0.04146197169
0.01507708062 0.01133557806 0.04523124185
0.01884635077 0.01133557806 -0.04146197169
0.01884635077 0.01133557806 -0.03392343138
0.01884635077 0.01133557806 -0.03015416123
0.01884635077 0.01133557806 -0.02638489108
0.01884635077 0.01133557806 -0.02261562092
0.01884635077 0.01133557806 -0.01884635077
0.01884635077 0.01133557806 -0.01130781046
0.01884635077 0.01133557806 -0.007538540308
0.01884635077 0.01133557806 -0.003769270154
0.01884635077 0.01133557806 4.33680869e-18
0.01884635077 0.01133557806 0.007538540308
0.01884635077 0.01133557806 0.01130781046
0.01884635077 0.01133557806 0.01507708062
0.01884635077 0.01133557806 0.01884635077
0.01884635077 0.01133557806 0.02638489108
0.01884635077 0.01133557806 0.03015416123
0.01884635077 0.01133557806 0.03392343138
0.01884635077 0.01133557806 0.03769270154
0.02261562092 0.01133557806 -0.04146197169
0.02261562092 0.01133557806 -0.03769270154
0.02261562092 0.01133557806 -0.03392343138
0.02261562092 0.01133557806 -0.03015416123
0.02261562092 0.01133557806 -0.02261562092
0.02261562092 0.01133557806 -0.01884635077
0.02261562092 0.01133557806 -0.01507708062
0.02261562092 0.01133557806 -0.01130781046
0.02261562092 0.01133557806 -0.003769270154
0.02261562092 0.01133557806 4.33680869e-18
0.02261562092 0.01133557806 0.003769270154
0.02261562092 0.01133557806 0.007538540308
0.02261562092 0.01133557806 0.01507708062
0.02261562092 0.01133557806 0.01884635077
0.02261562092 0.01133557806 0.02261562092
0.02261562092 0.01133557806 0.02638489108
0.02261562092 0.01133557806 0.03392343138
0.02261562092 0.01133557806 0.03769270154
0.02261562092 0.01133557806 0.04146197169
0.02638489108 0.01133557806 -0.03769270154
0.02638489108 0.01133557806 -0.03015416123
0.02638489108 0.01133557806 -0.02638489108
0.02638489108 0.01133557806 -0.02261562092
0.02638489108 0.01133557806 -0.01884635077
0.02638489108 0.01133557806 -0.01130781046
0.02638489108 0.01133557806 -0.007538540308
0.02638489108 0.01133557806 -0.003769270154
0.02638489108 0.01133557806 4.33680869e-18
0.02638489108 0.01133557806 0.007538540308
0.02638489108 0.01133557806 0.01130781046
0.02638489108 0.01133557806 0.01507708062
0.02638489108 0.01133557806 0.01884635077
0.02638489108 0.01133557806 0.02638489108
0.02638489108 0.01133557806 0.03015416123
0.02638489108 0.01133557806 0.03392343138
0.02638489108 0.01133557806 0.03769270154
0.03015416123 0.01133557806 -0.03015416123
0.03015416123 0.01133557806 -0.02638489108
0.03015416123 0.01133557806 -0.02261562092
0.03015416123 0.01133557806 -0.01884635077
0.03015416123 0.01133557806 -0.01130781046
0.03015416123 0.01133557806 -0.007538540308
0.03015416123 0.01133557806 -0.003769270154
0.03015416123 0.01133557806 4.33680869e-18
0.03015416123 0.01133557806 0.007538540308
0.03015416123 0.01133557806 0.01130781046
0.03015416123 0.01133557806 0.01507708062
0.03015416123 0.01133557806 0.01884635077
0.03015416123 0.01133557806 0.02638489108
0.03015416123 0.01133557806 0.03015416123
0.03015416123 0.01133557806 0.03392343138
0.03392343138 0.01133557806 -0.03015416123
0.03392343138 0.01133557806 -0.02261562092
0.03392343138 0.01133557806 -0.01884635077
0.03392343138 0.01133557806 -0.01507708062
0.03392343138 0.01133557806 -0.01130781046
0.03392343138 0.01133557806 -0.003769270154
0.03392343138 0.01133557806 4.33680869e-18
0.03392343138 0.01133557806 0.003769270154
0.03392343138 0.01133557806 0.007538540308
0.03392343138 0.01133557806 0.01507708062
0.03392343138 0.01133557806 0.01884635077
0.03392343138 0.01133557806 0.02261562092
0.03392343138 0.01133557806 0.02638489108
0.03769270154 0.01133557806 -0.02638489108
0.03769270154 0.01133557806 -0.02261562092
0.03769270154 0.01133557806 -0.01884635077
0.03769270154 0.01133557806 -0.01507708062
0.03769270154 0.01133557806 -0.01130781046
0.03769270154 0.01133557806 -0.003769270154
0.03769270154 0.01133557806 4.33680869e-18
0.03769270154 0.01133557806 0.003769270154
0.03769270154 0.01133557806 0.007538540308
0.03769270154 0.01133557806 0.01507708062
0.03769270154 0.01133557806 0.01884635077
0.03769270154 0.01133557806 0.02261562092
0.03769270154 0.01133557806 0.02638489108
0.04146197169 0.01133557806 -0.01884635077
0.04146197169 0.01133557806 -0.01507708062
0.04146197169 0.01133557806 -0.01130781046
0.04146197169 0.01133557806 -0.007538540308
0.04146197169 0.01133557806 4.33680869e-18
0.04146197169 0.01133557806 0.003769270154
0.04146197169 0.01133557806 0.007538540308
0.04146197169 0.01133557806 0.01130781046
0.04146197169 0.01133557806 0.01884635077
0.04146197169 0.01133557806 0.02261562092
0.04523124185 0.01133557806 -0.01507708062
0.04523124185 0.01133557806 -0.01130781046
0.04523124185 0.01133557806 -0.003769270154
0.04523124185 0.01133557806 4.33680869e-18
0.04523124185 0.01133557806 0.003769270154
0.04523124185 0.01133557806 0.007538540308
0.04523124185 0.01133557806 0.01507708062
-0.04334660677 0.01441317426 -0.01696171569
-0.04334660677 0.01441317426 -0.01319244554
-0.04334660677 0.01441317426 -0.009423175384
-0.04334660677 0.01441317426 -0.001884635077
-0.04334660677 0.01441317426 0.001884635077
-0.04334660677 0.01441317426 0.005653905231
-0.04334660677 0.01441317426 0.009423175384
-0.04334660677 0.01441317426 0.01696171569
-0.03957733661 0.01441317426 -0.024500256
-0.03957733661 0.01441317426 -0.02073098585
-0.03957733661 0.01441317426 -0.01696171569
-0.03957733661 0.01441317426 -0.009423175384
-0.03957733661 0.01441317426 -0.005653905231
-0.03957733661 0.01441317426 -0.001884635077
-0.03957733661 0.01441317426 0.001884635077
-0.03957733661 0.01441317426 0.009423175384
-0.03957733661 0.01441317426 0.01319244554
-0.03957733661 0.01441317426 0.01696171569
-0.03957733661 0.01441317426 0.02073098585
-0.03580806646 0.01441317426 -0.02826952615
-0.03580806646 0.01441317426 -0.024500256
-0.03580806646 0.01441317426 -0.02073098585
-0.03580806646 0.01441317426 -0.01696171569
-0.03580806646 0.01441317426 -0.009423175384
-0.03580806646 0.01441317426 -0.005653905231
-0.03580806646 0.01441317426 -0.001884635077
-0.03580806646 0.01441317426 0.001884635077
-0.03580806646 0.01441317426 0.009423175384
-0.03580806646 0.01441317426 0.01319244554
-0.03580806646 0.01441317426 0.01696171569
-0.03580806646 0.01441317426 0.02073098585
-0.03580806646 0.01441317426 0.02826952615
-0.03203879631 0.01441317426 -0.03203879631
-0.03203879631 0.01441317426 -0.02826952615
-0.03203879631 0.01441317426 -0.024500256
-0.03203879631 0.01441317426 -0.01696171569
-0.03203879631 0.01441317426 -0.01319244554
-0.03203879631 0.01441317426 -0.009423175384
-0.03203879631 0.01441317426 -0.005653905231
-0.03203879631 0.01441317426 0.001884635077
-0.03203879631 0.01441317426 0.005653905231
-0.03203879631 0.01441317426 0.009423175384
-0.03203879631 0.01441317426 0.01319244554
-0.03203879631 0.01441317426 0.02073098585
-0.03203879631 0.01441317426 0.024500256
-0.03203879631 0.01441317426 0.02826952615
-0.03203879631 0.01441317426 0.03203879631
-0.02826952615 0.01441317426 -0.03203879631
-0.02826952615 0.01441317426 -0.02826952615
-0.02826952615 0.01441317426 -0.024500256
-0.02826952615 0.01441317426 -0.02073098585
-0.02826952615 0.01441317426 -0.01319244554
-0.02826952615 0.01441317426 -0.009423175384
-0.02826952615 0.01441317426 -0.005653905231
-0.02826952615 0.01441317426 -0.001884635077
-0.02826952615 0.01441317426 0.001884635077
-0.02826952615 0.01441317426 0.009423175384
-0.02826952615 0.01441317426 0.01319244554
-0.02826952615 0.01441317426 0.01696171569
-0.02826952615 0.01441317426 0.02073098585
-0.02826952615 0.01441317426 0.02826952615
-0.02826952615 0.01441317426 0.03203879631
-0.02826952615 0.01441317426 0.03580806646
-0.024500256 0.01441317426 -0.03957733661
-0.024500256 0.01441317426 -0.03203879631
-0.024500256 0.01441317426 -0.02826952615
-0.024500256 0.01441317426 -0.024500256
-0.024500256 0.01441317426 -0.02073098585
-0.024500256 0.01441317426 -0.01319244554
-0.024500256 0.01441317426 -0.009423175384
-0.024500256 0.01441317426 -0.005653905231
-0.024500256 0.01441317426 -0.001884635077
-0.024500256 0.01441317426 0.005653905231
-0.024500256 0.01441317426 0.009423175384
-0.024500256 0.01441317426 0.01319244554
-0.024500256 0.01441317426 0.01696171569
-0.024500256 0.01441317426 0.024500256
-0.024500256 0.01441317426 0.02826952615
-0.024500256 0.01441317426 0.03203879631
-0.024500256 0.01441317426 0.03580806646
-0.02073098585 0.01441317426 -0.03957733661
-0.02073098585 0.01441317426 -0.03580806646
-0.02073098585 0.01441317426 -0.03203879631
-0.02073098585 0.01441317426 -0.02826952615
-0.02073098585 0.01441317426 -0.02073098585
-0.02073098585 0.01441317426 -0.01696171569
-0.02073098585 0.01441317426 -0.01319244554
-0.02073098585 0.01441317426 -0.009423175384
-0.02073098585 0.01441317426 -0.001884635077
-0.02073098585 0.01441317426 0.001884635077
-0.02073098585 0.01441317426 0.005653905231
-0.02073098585 0.01441317426 0.009423175384
-0.02073098585 0.01441317426 0.01696171569
-0.02073098585 0.01441317426 0.02073098585
-0.02073098585 0.01441317426 0.024500256
-0.02073098585 0.01441317426 0.02826952615
-0.02073098585 0.01441317426 0.03580806646
-0.02073098585 0.01441317426 0.03957733661
-0.01696171569 0.01441317426 -0.04334660677
-0.01696171569 0.01441317426 -0.03957733661
-0.01696171569 0.01441317426 -0.03203879631
-0.01696171569 0.01441317426 -0.02826952615
-0.01696171569 0.01441317426 -0.024500256
-0.01696171569 0.01441317426 -0.02073098585
-0.01696171569 0.01441317426 -0.01319244554
-0.01696171569 0.01441317426 -0.009423175384
-0.01696171569 0.01441317426 -0.005653905231
-0.01696171569 0.01441317426 -0.001884635077
-0.01696171569 0.01441317426 0.005653905231
-0.01696171569 0.01441317426 0.009423175384
-0.01696171569 0.01441317426 0.01319244554
-0.01696171569 0.01441317426 0.01696171569
-0.01696171569 0.01441317426 0.024500256
-0.01696171569 0.01441317426 0.02826952615
-0.01696171569 0.01441317426 0.03203879631
-0.01696171569 0.01441317426 0.03580806646
-0.01696171569 0.01441317426 0.04334660677
-0.01319244554 0.01441317426 -0.04334660677
-0.01319244554 0.01441317426 -0.03957733661
-0.01319244554 0.01441317426 -0.03580806646
-0.01319244554 0.01441317426 -0.02826952615
-0.01319244554 0.01441317426 -0.024500256
-0.01319244554 0.01441317426 -0.02073098585
-0.01319244554 0.01441317426 -0.01696171569
-0.01319244554 0.01441317426 -0.009423175384
-0.01319244554 0.01441317426 -0.005653905231
-0.01319244554 0.01441317426 -0.001884635077
-0.01319244554 0.01441317426 0.001884635077
-0.01319244554 0.01441317426 0.009423175384
-0.01319244554 0.01441317426 0.01319244554
-0.01319244554 0.01441317426 0.01696171569
-0.01319244554 0.01441317426 0.02073098585
-0.01319244554 0.01441317426 0.02826952615
-0.01319244554 0.01441317426 0.03203879631
-0.01319244554 0.01441317426 0.03580806646
-0.01319244554 0.01441317426 0.03957733661
-0.01319244554 0.01441317426 0.04334660677
-0.009423175384 0.01441317426 -0.03957733661
-0.009423175384 0.01441317426 -0.03580806646
-0.009423175384 0.01441317426 -0.03203879631
-0.009423175384 0.01441317426 -0.02826952615
-0.009423175384 0.01441317426 -0.02073098585
-0.009423175384 0.01441317426 -0.01696171569
-0.009423175384 0.01441317426 -0.01319244554
-0.009423175384 0.01441317426 -0.009423175384
-0.009423175384 0.01441317426 -0.001884635077
-0.009423175384 0.01441317426 0.001884635077
-0.009423175384 0.01441317426 0.005653905231
-0.009423175384 0.01441317426 0.009423175384
-0.009423175384 0.01441317426 0.01696171569
-0.009423175384 0.01441317426 0.02073098585
-0.009423175384 0.01441317426 0.024500256
-0.009423175384 0.01441317426 0.02826952615
-0.009423175384 0.01441317426 0.03580806646
-0.009423175384 0.01441317426 0.03957733661
-0.009423175384 0.01441317426 0.04334660677
-0.005653905231 0.01441317426 -0.04334660677
-0.005653905231 0.01441317426 -0.03580806646
-0.005653905231 0.01441317426 -0.03203879631
-0.005653905231 0.01441317426 -0.02826952615
-0.005653905231 0.01441317426 -0.024500256
-0.005653905231 0.01441317426 -0.01696171569
-0.005653905231 0.01441317426 -0.01319244554
-0.005653905231 0.01441317426 -0.009423175384
-0.005653905231 0.01441317426 -0.005653905231
-0.005653905231 0.01441317426 0.001884635077
-0.005653905231 0.01441317426 0.005653905231
-0.005653905231 0.01441317426 0.009423175384
-0.005653905231 0.01441317426 0.01319244554
-0.005653905231 0.01441317426 0.02073098585
-0.005653905231 0.01441317426 0.024500256
-0.005653905231 0.01441317426 0.02826952615
-0.005653905231 0.01441317426 0.03203879631
-0.005653905231 0.01441317426 0.03957733661
-0.005653905231 0.01441317426 0.04334660677
-0.005653905231 0.01441317426 0.04711587692
-0.001884635077 0.01441317426 -0.04334660677
-0.001884635077 0.01441317426 -0.03580806646
-0.001884635077 0.01441317426 -0.03203879631
-0.001884635077 0.01441317426 -0.02826952615
-0.001884635077 0.01441317426 -0.024500256
-0.001884635077 0.01441317426 -0.01696171569
-0.001884635077 0.01441317426 -0.01319244554
-0.001884635077 0.01441317426 -0.009423175384
-0.001884635077 0.01441317426 -0.005653905231
-0.001884635077 0.01441317426 0.001884635077
-0.001884635077 0.01441317426 0.005653905231
-0.001884635077 0.01441317426 0.009423175384
-0.001884635077 0.01441317426 0.01319244554
-0.001884635077 0.01441317426 0.02073098585
-0.001884635077 0.01441317426 0.024500256
-0.001884635077 0.01441317426 0.02826952615
-0.001884635077 0.01441317426 0.03203879631
-0.001884635077 0.01441317426 0.03957733661
-0.001884635077 0.01441317426 0.04334660677
-0.001884635077 0.01441317426 0.04711587692
0.001884635077 0.01441317426 -0.04334660677
0.001884635077 0.01441317426 -0.03580806646
0.001884635077 0.01441317426 -0.03203879631
0.001884635077 0.01441317426 -0.02826952615
0.001884635077 0.01441317426 -0.024500256
0.001884635077 0.01441317426 -0.01696171569
0.001884635077 0.01441317426 -0.01319244554
0.001884635077 0.01441317426 -0.009423175384
0.001884635077 0.01441317426 -0.005653905231
0.001884635077 0.01441317426 0.001884635077
0.001884635077 0.01441317426 0.005653905231
0.001884635077 0.01441317426 0.009423175384
0.001884635077 0.01441317426 0.01319244554
0.001884635077 0.01441317426 0.02073098585
0.001884635077 0.01441317426 0.024500256
0.001884635077 0.01441317426 0.02826952615
0.001884635077 0.01441317426 0.03203879631
0.001884635077 0.01441317426 0.03957733661
0.001884635077 0.01441317426 0.04334660677
0.001884635077 0.01441317426 0.04711587692
0.005653905231 0.01441317426 -0.04334660677
0.005653905231 0.01441317426 -0.03957733661
0.005653905231 0.01441317426 -0.03203879631
0.005653905231 0.01441317426 -0.02826952615
0.005653905231 0.01441317426 -0.024500256
0.005653905231 0.01441317426 -0.02073098585
0.005653905231 0.01441317426 -0.01319244554
0.005653905231 0.01441317426 -0.009423175384
0.005653905231 0.01441317426 -0.005653905231
0.005653905231 0.01441317426 -0.001884635077
0.005653905231 0.01441317426 0.005653905231
0.005653905231 0.01441317426 0.009423175384
0.005653905231 0.01441317426 0.01319244554
0.005653905231 0.01441317426 0.01696171569
0.005653905231 0.01441317426 0.024500256
0.005653905231 0.01441317426 0.02826952615
0.005653905231 0.01441317426 0.03203879631
0.005653905231 0.01441317426 0.03580806646
0.005653905231 0.01441317426 0.04334660677
0.005653905231 0.01441317426 0.04711587692
0.009423175384 0.01441317426 -0.04334660677
0.009423175384 0.01441317426 -0.03957733661
0.009423175384 0.01441317426 -0.03203879631
0.009423175384 0.01441317426 -0.02826952615
0.009423175384 0.01441317426 -0.024500256
0.009423175384 0.01441317426 -0.02073098585
0.009423175384 0.01441317426 -0.01319244554
0.009423175384 0.01441317426 -0.009423175384
0.009423175384 0.01441317426 -0.005653905231
0.009423175384 0.01441317426 -0.001884635077
0.009423175384 0.01441317426 0.005653905231
0.009423175384 0.01441317426 0.009423175384
0.009423175384 0.01441317426 0.01319244554
0.009423175384 0.01441317426 0.01696171569
0.009423175384 0.01441317426 0.024500256
0.009423175384 0.01441317426 0.02826952615
0.009423175384 0.01441317426 0.03203879631
0.009423175384 0.01441317426 0.03580806646
0.009423175384 0.01441317426 0.04334660677
0.01319244554 0.01441317426 -0.04334660677
0.01319244554 0.01441317426 -0.03957733661
0.01319244554 0.01441317426 -0.03580806646
0.01319244554 0.01441317426 -0.02826952615
0.01319244554 0.01441317426 -0.024500256
0.01319244554 0.01441317426 -0.02073098585
0.01319244554 0.01441317426 -0.01696171569
0.01319244554 0.01441317426 -0.009423175384
0.01319244554 0.01441317426 -0.005653905231
0.01319244554 0.01441317426 -0.001884635077
0.01319244554 0.01441317426 0.001884635077
0.01319244554 0.01441317426 0.009423175384
0.01319244554 0.01441317426 0.01319244554
0.01319244554 0.01441317426 0.01696171569
0.01319244554 0.01441317426 0.02073098585
0.01319244554 0.01441317426 0.02826952615
0.01319244554 0.01441317426 0.03203879631
0.01319244554 0.01441317426 0.03580806646
0.01319244554 0.01441317426 0.03957733661
0.01696171569 0.01441317426 -0.04334660677
0.01696171569 0.01441317426 -0.03957733661
0.01696171569 0.01441317426 -0.03580806646
0.01696171569 0.01441317426 -0.03203879631
0.01696171569 0.01441317426 -0.024500256
0.01696171569 0.01441317426 -0.02073098585
0.01696171569 0.01441317426 -0.01696171569
0.01696171569 0.01441317426 -0.01319244554
0.01696171569 0.01441317426 -0.005653905231
0.01696171569 0.01441317426 -0.001884635077
0.01696171569 0.01441317426 0.001884635077
0.01696171569 0.01441317426 0.005653905231
0.01696171569 0.01441317426 0.01319244554
0.01696171569 0.01441317426 0.01696171569
0.01696171569 0.01441317426 0.02073098585
0.01696171569 0.01441317426 0.024500256
0.01696171569 0.01441317426 0.03203879631
0.01696171569 0.01441317426 0.03580806646
0.01696171569 0.01441317426 0.03957733661
0.01696171569 0.01441317426 0.04334660677
0.02073098585 0.01441317426 -0.03580806646
0.02073098585 0.01441317426 -0.03203879631
0.02073098585 0.01441317426 -0.02826952615
0.02073098585 0.01441317426 -0.024500256
0.02073098585 0.01441317426 -0.02073098585
0.02073098585 0.01441317426 -0.01319244554
0.02073098585 0.01441317426 -0.009423175384
0.02073098585 0.01441317426 -0.005653905231
0.02073098585 0.01441317426 -0.001884635077
0.02073098585 0.01441317426 0.005653905231
0.02073098585 0.01441317426 0.009423175384
0.02073098585 0.01441317426 0.01319244554
0.02073098585 0.01441317426 0.01696171569
0.02073098585 0.01441317426 0.024500256
0.02073098585 0.01441317426 0.02826952615
0.02073098585 0.01441317426 0.03203879631
0.02073098585 0.01441317426 0.03580806646
0.024500256 0.01441317426 -0.03957733661
0.024500256 0.01441317426 -0.03580806646
0.024500256 0.01441317426 -0.03203879631
0.024500256 0.01441317426 -0.02826952615
0.024500256 0.01441317426 -0.02073098585
0.024500256 0.01441317426 -0.01696171569
0.024500256 0.01441317426 -0.01319244554
0.024500256 0.01441317426 -0.009423175384
0.024500256 0.01441317426 -0.001884635077
0.024500256 0.01441317426 0.001884635077
0.024500256 0.01441317426 0.005653905231
0.024500256 0.01441317426 0.009423175384
0.024500256 0.01441317426 0.01696171569
0.024500256 0.01441317426 0.02073098585
0.024500256 0.01441317426 0.024500256
0.024500256 0.01441317426 0.02826952615
0.024500256 0.01441317426 0.03580806646
0.024500256 0.01441317426 0.03957733661
0.02826952615 0.01441317426 -0.03580806646
0.02826952615 0.01441317426 -0.03203879631
0.02826952615 0.01441317426 -0.024500256
0.02826952615 0.01441317426 -0.02073098585
0.02826952615 0.01441317426 -0.01696171569
0.02826952615 0.01441317426 -0.01319244554
0.02826952615 0.01441317426 -0.005653905231
0.02826952615 0.01441317426 -0.001884635077
0.02826952615 0.01441317426 0.001884635077
0.02826952615 0.01441317426 0.005653905231
0.02826952615 0.01441317426 0.01319244554
0.02826952615 0.01441317426 0.01696171569
0.02826952615 0.01441317426 0.02073098585
0.02826952615 0.01441317426 0.024500256
0.02826952615 0.01441317426 0.03203879631
0.02826952615 0.01441317426 0.03580806646
0.03203879631 0.01441317426 -0.03203879631
0.03203879631 0.01441317426 -0.02826952615
0.03203879631 0.01441317426 -0.02073098585
0.03203879631 0.01441317426 -0.01696171569
0.03203879631 0.01441317426 -0.01319244554
0.03203879631 0.01441317426 -0.009423175384
0.03203879631 0.01441317426 -0.001884635077
0.03203879631 0.01441317426 0.001884635077
0.03203879631 0.01441317426 0.005653905231
0.03203879631 0.01441317426 0.009423175384
0.03203879631 0.01441317426 0.01696171569
0.03203879631 0.01441317426 0.02073098585
0.03203879631 0.01441317426 0.024500256
0.03203879631 0.01441317426 0.02826952615
0.03580806646 0.01441317426 -0.02826952615
0.03580806646 0.01441317426 -0.024500256
0.03580806646 0.01441317426 -0.02073098585
0.03580806646 0.01441317426 -0.01696171569
0.03580806646 0.01441317426 -0.009423175384
0.03580806646 0.01441317426 -0.005653905231
0.03580806646 0.01441317426 -0.001884635077
0.03580806646 0.01441317426 0.001884635077
0.03580806646 0.01441317426 0.009423175384
0.03580806646 0.01441317426 0.01319244554
0.03580806646 0.01441317426 0.01696171569
0.03580806646 0.01441317426 0.02073098585
0.03580806646 0.01441317426 0.02826952615
0.03957733661 0.01441317426 -0.024500256
0.03957733661 0.01441317426 -0.02073098585
0.03957733661 0.01441317426 -0.01696171569
0.03957733661 0.01441317426 -0.009423175384
0.03957733661 0.01441317426 -0.005653905231
0.03957733661 0.01441317426 -0.001884635077
0.03957733661 0.01441317426 0.001884635077
0.03957733661 0.01441317426 0.005653905231
0.03957733661 0.01441317426 0.01319244554
0.03957733661 0.01441317426 0.01696171569
0.03957733661 0.01441317426 0.02073098585
0.03957733661 0.01441317426 0.024500256
0.04334660677 0.01441317426 -0.01319244554
0.04334660677 0.01441317426 -0.009423175384
0.04334660677 0.01441317426 -0.005653905231
0.04334660677 0.01441317426 -0.001884635077
0.04334660677 0.01441317426 0.005653905231
0.04334660677 0.01441317426 0.009423175384
0.04334660677 0.01441317426 0.01319244554
0.04334660677 0.01441317426 0.01696171569
0.04711587692 0.01441317426 -0.001884635077
0.04711587692 0.01441317426 0.001884635077
0.04711587692 0.01441317426 0.005653905231
-0.04523124185 0.01749077045 -0.01507708062
-0.04523124185 0.01749077045 -0.007538540308
-0.04523124185 0.01749077045 -0.003769270154
-0.04523124185 0.01749077045 4.33680869e-18
-0.04523124185 0.01749077045 0.003769270154
-0.04523124185 0.01749077045 0.01130781046
-0.04523124185 0.01749077045 0.01507708062
-0.04146197169 0.01749077045 -0.02261562092
-0.04146197169 0.01749077045 -0.01884635077
-0.04146197169 0.01749077045 -0.01130781046
-0.04146197169 0.01749077045 -0.007538540308
-0.04146197169 0.01749077045 -0.003769270154
-0.04146197169 0.01749077045 4.33680869e-18
-0.04146197169 0.01749077045 0.007538540308
-0.04146197169 0.01749077045 0.01130781046
-0.04146197169 0.01749077045 0.01507708062
-0.04146197169 0.01749077045 0.01884635077
-0.03769270154 0.01749077045 -0.02638489108
-0.03769270154 0.01749077045 -0.02261562092
-0.03769270154 0.01749077045 -0.01884635077
-0.03769270154 0.01749077045 -0.01507708062
-0.03769270154 0.01749077045 -0.007538540308
-0.03769270154 0.01749077045 -0.003769270154
-0.03769270154 0.01749077045 4.33680869e-18
-0.03769270154 0.01749077045 0.003769270154
-0.03769270154 0.01749077045 0.01130781046
-0.03769270154 0.01749077045 0.01507708062
-0.03769270154 0.01749077045 0.01884635077
-0.03769270154 0.01749077045 0.02261562092
-0.03392343138 0.01749077045 -0.03015416123
-0.03392343138 0.01749077045 -0.02638489108
-0.03392343138 0.01749077045 -0.02261562092
-0.03392343138 0.01749077045 -0.01884635077
-0.03392343138 0.01749077045 -0.01130781046
-0.03392343138 0.01749077045 -0.007538540308
-0.03392343138 0.01749077045 -0.003769270154
-0.03392343138 0.01749077045 4.33680869e-18
-0.03392343138 0.01749077045 0.007538540308
-0.03392343138 0.01749077045 0.01130781046
-0.03392343138 0.01749077045 0.01507708062
-0.03392343138 0.01749077045 0.01884635077
-0.03392343138 0.01749077045 0.02638489108
-0.03392343138 0.01749077045 0.03015416123
-0.03015416123 0.01749077045 -0.03392343138
-0.03015416123 0.01749077045 -0.03015416123
-0.03015416123 0.01749077045 -0.02261562092
-0.03015416123 0.01749077045 -0.01884635077
-0.03015416123 0.01749077045 -0.01507708062
-0.03015416123 0.01749077045 -0.01130781046
-0.03015416123 0.01749077045 -0.003769270154
-0.03015416123 0.01749077045 4.33680869e-18
-0.03015416123 0.01749077045 0.003769270154
-0.03015416123 0.01749077045 0.007538540308
-0.03015416123 0.01749077045 0.01507708062
-0.03015416123 0.01749077045 0.01884635077
-0.03015416123 0.01749077045 0.02261562092
-0.03015416123 0.01749077045 0.02638489108
-0.03015416123 0.01749077045 0.03392343138
-0.02638489108 0.01749077045 -0.03769270154
-0.02638489108 0.01749077045 -0.03392343138
-0.02638489108 0.01749077045 -0.03015416123
-0.02638489108 0.01749077045 -0.02261562092
-0.02638489108 0.01749077045 -0.01884635077
-0.02638489108 0.01749077045 -0.01507708062
-0.02638489108 0.01749077045 -0.01130781046
-0.02638489108 0.01749077045 -0.007538540308
-0.02638489108 0.01749077045 4.33680869e-18
-0.02638489108 0.01749077045 0.003769270154
-0.02638489108 0.01749077045 0.007538540308
-0.02638489108 0.01749077045 0.01130781046
-0.02638489108 0.01749077045 0.01884635077
-0.02638489108 0.01749077045 0.02261562092
-0.02638489108 0.01749077045 0.02638489108
-0.02638489108 0.01749077045 0.03015416123
-0.02638489108 0.01749077045 0.03769270154
-0.02261562092 0.01749077045 -0.04146197169
-0.02261562092 0.01749077045 -0.03769270154
-0.02261562092 0.01749077045 -0.03392343138
-0.02261562092 0.01749077045 -0.02638489108
-0.02261562092 0.01749077045 -0.02261562092
-0.02261562092 0.01749077045 -0.01884635077
-0.02261562092 0.01749077045 -0.01507708062
-0.02261562092 0.01749077045 -0.007538540308
-0.02261562092 0.01749077045 -0.003769270154
-0.02261562092 0.01749077045 4.33680869e-18
-0.02261562092 0.01749077045 0.003769270154
-0.02261562092 0.01749077045 0.01130781046
-0.02261562092 0.01749077045 0.01507708062
-0.02261562092 0.01749077045 0.01884635077
-0.02261562092 0.01749077045 0.02261562092
-0.02261562092 0.01749077045 0.03015416123
-0.02261562092 0.01749077045 0.03392343138
-0.02261562092 0.01749077045 0.03769270154
-0.02261562092 0.01749077045 0.04146197169
-0.01884635077 0.01749077045 -0.03769270154
-0.01884635077 0.01749077045 -0.03392343138
-0.01884635077 0.01749077045 -0.03015416123
-0.01884635077 0.01749077045 -0.02638489108
-0.01884635077 0.01749077045 -0.01884635077
-0.01884635077 0.01749077045 -0.01507708062
-0.01884635077 0.01749077045 -0.01130781046
-0.01884635077 0.01749077045 -0.007538540308
-0.01884635077 0.01749077045 4.33680869e-18
-0.01884635077 0.01749077045 0.003769270154
-0.01884635077 0.01749077045 0.007538540308
-0.01884635077 0.01749077045 0.01130781046
-0.01884635077 0.01749077045 0.01884635077
-0.01884635077 0.01749077045 0.02261562092
-0.01884635077 0.01749077045 0.02638489108
-0.01884635077 0.01749077045 0.03015416123
-0.01884635077 0.01749077045 0.03769270154
-0.01884635077 0.01749077045 0.04146197169
-0.01507708062 0.01749077045 -0.04523124185
-0.01507708062 0.01749077045 -0.04146197169
-0.01507708062 0.01749077045 -0.03392343138
-0.01507708062 0.01749077045 -0.03015416123
-0.01507708062 0.01749077045 -0.02638489108
-0.01507708062 0.01749077045 -0.02261562092
-0.01507708062 0.01749077045 -0.01507708062
-0.01507708062 0.01749077045 -0.01130781046
-0.01507708062 0.01749077045 -0.007538540308
-0.01507708062 0.01749077045 -0.003769270154
-0.01507708062 0.01749077045 0.003769270154
-0.01507708062 0.01749077045 0.007538540308
-0.01507708062 0.01749077045 0.01130781046
-0.01507708062 0.01749077045 0.01507708062
-0.01507708062 0.01749077045 0.02261562092
-0.01507708062 0.01749077045 0.02638489108
-0.01507708062 0.01749077045 0.03015416123
-0.01507708062 0.01749077045 0.03392343138
-0.01507708062 0.01749077045 0.04146197169
-0.01507708062 0.01749077045 0.04523124185
-0.01130781046 0.01749077045 -0.04523124185
-0.01130781046 0.01749077045 -0.04146197169
-0.01130781046 0.01749077045 -0.03392343138
-0.01130781046 0.01749077045 -0.03015416123
-0.01130781046 0.01749077045 -0.02638489108
-0.01130781046 0.01749077045 -0.02261562092
-0.01130781046 0.01749077045 -0.01507708062
-0.01130781046 0.01749077045 -0.01130781046
-0.01130781046 0.01749077045 -0.007538540308
-0.01130781046 0.01749077045 -0.003769270154
-0.01130781046 0.01749077045 4.33680869e-18
-0.01130781046 0.01749077045 0.007538540308
-0.01130781046 0.01749077045 0.01130781046
-0.01130781046 0.01749077045 0.01507708062
-0.01130781046 0.01749077045 0.01884635077
-0.01130781046 0.01749077045 0.02638489108
-0.01130781046 0.01749077045 0.03015416123
-0.01130781046 0.01749077045 0.03392343138
-0.01130781046 0.01749077045 0.03769270154
-0.01130781046 0.01749077045 0.04523124185
-0.007538540308 0.01749077045 -0.04523124185
-0.007538540308 0.01749077045 -0.04146197169
-0.007538540308 0.01749077045 -0.03769270154
-0.007538540308 0.01749077045 -0.03015416123
-0.007538540308 0.01749077045 -0.02638489108
-0.007538540308 0.01749077045 -0.02261562092
-0.007538540308 0.01749077045 -0.01884635077
-0.007538540308 0.01749077045 -0.01130781046
-0.007538540308 0.01749077045 -0.007538540308
-0.007538540308 0.01749077045 -0.003769270154
-0.007538540308 0.01749077045 4.33680869e-18
-0.007538540308 0.01749077045 0.007538540308
-0.007538540308 0.01749077045 0.01130781046
-0.007538540308 0.01749077045 0.01507708062
-0.007538540308 0.01749077045 0.01884635077
-0.007538540308 0.01749077045 0.02638489108
-0.007538540308 0.01749077045 0.03015416123
-0.007538540308 0.01749077045 0.03392343138
-0.007538540308 0.01749077045 0.03769270154
-0.007538540308 0.01749077045 0.04523124185
-0.003769270154 0.01749077045 -0.04523124185
-0.003769270154 0.01749077045 -0.04146197169
-0.003769270154 0.01749077045 -0.03769270154
-0.003769270154 0.01749077045 -0.03015416123
-0.003769270154 0.01749077045 -0.02638489108
-0.003769270154 0.01749077045 -0.02261562092
-0.003769270154 0.01749077045 -0.01884635077
-0.003769270154 0.01749077045 -0.01130781046
-0.003769270154 0.01749077045 -0.007538540308
-0.003769270154 0.01749077045 -0.003769270154
-0.003769270154 0.01749077045 4.33680869e-18
-0.003769270154 0.01749077045 0.007538540308
-0.003769270154 0.01749077045 0.01130781046
-0.003769270154 0.01749077045 0.01507708062
-0.003769270154 0.01749077045 0.01884635077
-0.003769270154 0.01749077045 0.02638489108
-0.003769270154 0.01749077045 0.03015416123
-0.003769270154 0.01749077045 0.03392343138
-0.003769270154 0.01749077045 0.03769270154
-0.003769270154 0.01749077045 0.04523124185
4.33680869e-18 0.01749077045 -0.04523124185
4.33680869e-18 0.01749077045 -0.04146197169
4.33680869e-18 0.01749077045 -0.03769270154
4.33680869e-18 0.01749077045 -0.03015416123
4.33680869e-18 0.01749077045 -0.02638489108
4.33680869e-18 0.01749077045 -0.02261562092
4.33680869e-18 0.01749077045 -0.01884635077
4.33680869e-18 0.01749077045 -0.01130781046
4.33680869e-18 0.01749077045 -0.007538540308
4.33680869e-18 0.01749077045 -0.003769270154
4.33680869e-18 0.01749077045 4.33680869e-18
4.33680869e-18 0.01749077045 0.007538540308
4.33680869e-18 0.01749077045 0.01130781046
4.33680869e-18 0.01749077045 0.01507708062
4.33680869e-18 0.01749077045 0.01884635077
4.33680869e-18 0.01749077045 0.02638489108
4.33680869e-18 0.01749077045 0.03015416123
4.33680869e-18 0.01749077045 0.03392343138
4.33680869e-18 0.01749077045 0.03769270154
4.33680869e-18 0.01749077045 0.04523124185
0.003769270154 0.01749077045 -0.04523124185
0.003769270154 0.01749077045 -0.04146197169
0.003769270154 0.01749077045 -0.03769270154
0.003769270154 0.01749077045 -0.03015416123
0.003769270154 0.01749077045 -0.02638489108
0.003769270154 0.01749077045 -0.02261562092
0.003769270154 0.01749077045 -0.01884635077
0.003769270154 0.01749077045 -0.01130781046
0.003769270154 0.01749077045 -0.007538540308
0.003769270154 0.01749077045 -0.003769270154
0.003769270154 0.01749077045 4.33680869e-18
0.003769270154 0.01749077045 0.003769270154
0.003769270154 0.01749077045 0.01130781046
0.003769270154 0.01749077045 0.01507708062
0.003769270154 0.01749077045 0.01884635077
0.003769270154 0.01749077045 0.02261562092
0.003769270154 0.01749077045 0.03015416123
0.003769270154 0.01749077045 0.03392343138
0.003769270154 0.01749077045 0.03769270154
0.003769270154 0.01749077045 0.04146197169
0.007538540308 0.01749077045 -0.04523124185
0.007538540308 0.01749077045 -0.04146197169
0.007538540308 0.01749077045 -0.03769270154
0.007538540308 0.01749077045 -0.03392343138
0.007538540308 0.01749077045 -0.02638489108
0.007538540308 0.01749077045 -0.02261562092
0.007538540308 0.01749077045 -0.01884635077
0.007538540308 0.01749077045 -0.01507708062
0.007538540308 0.01749077045 -0.007538540308
0.007538540308 0.01749077045 -0.003769270154
0.007538540308 0.01749077045 4.33680869e-18
0.007538540308 0.01749077045 0.003769270154
0.007538540308 0.01749077045 0.01130781046
0.007538540308 0.01749077045 0.01507708062
0.007538540308 0.01749077045 0.01884635077
0.007538540308 0.01749077045 0.02261562092
0.007538540308 0.01749077045 0.03015416123
0.007538540308 0.01749077045 0.03392343138
0.007538540308 0.01749077045 0.03769270154
0.007538540308 0.01749077045 0.04146197169
0.01130781046 0.01749077045 -0.04523124185
0.01130781046 0.01749077045 -0.04146197169
0.01130781046 0.01749077045 -0.03769270154
0.01130781046 0.01749077045 -0.03392343138
0.01130781046 0.01749077045 -0.02638489108
0.01130781046 0.01749077045 -0.02261562092
0.01130781046 0.01749077045 -0.01884635077
0.01130781046 0.01749077045 -0.01507708062
0.01130781046 0.01749077045 -0.007538540308
0.01130781046 0.01749077045 -0.003769270154
0.01130781046 0.01749077045 4.33680869e-18
0.01130781046 0.01749077045 0.003769270154
0.01130781046 0.01749077045 0.01130781046
0.01130781046 0.01749077045 0.01507708062
0.01130781046 0.01749077045 0.01884635077
0.01130781046 0.01749077045 0.02261562092
0.01130781046 0.01749077045 0.03015416123
0.01130781046 0.01749077045 0.03392343138
0.01130781046 0.01749077045 0.03769270154
0.01130781046 0.01749077045 0.04146197169
0.01507708062 0.01749077045 -0.04523124185
0.01507708062 0.01749077045 -0.04146197169
0.01507708062 0.01749077045 -0.03769270154
0.01507708062 0.01749077045 -0.03392343138
0.01507708062 0.01749077045 -0.02638489108
0.01507708062 0.01749077045 -0.02261562092
0.01507708062 0.01749077045 -0.01884635077
0.01507708062 0.01749077045 -0.01507708062
0.01507708062 0.01749077045 -0.007538540308
0.01507708062 0.01749077045 -0.003769270154
0.01507708062 0.01749077045 4.33680869e-18
0.01507708062 0.01749077045 0.003769270154
0.01507708062 0.01749077045 0.01130781046
0.01507708062 0.01749077045 0.01507708062
0.01507708062 0.01749077045 0.01884635077
0.01507708062 0.01749077045 0.02261562092
0.01507708062 0.01749077045 0.03015416123
0.01507708062 0.01749077045 0.03392343138
0.01507708062 0.01749077045 0.03769270154
0.01507708062 0.01749077045 0.04146197169
0.01884635077 0.01749077045 -0.04146197169
0.01884635077 0.01749077045 -0.03769270154
0.01884635077 0.01749077045 -0.03392343138
0.01884635077 0.01749077045 -0.03015416123
0.01884635077 0.01749077045 -0.02261562092
0.01884635077 0.01749077045 -0.01884635077
0.01884635077 0.01749077045 -0.01507708062
0.01884635077 0.01749077045 -0.01130781046
0.01884635077 0.01749077045 -0.003769270154
0.01884635077 0.01749077045 4.33680869e-18
0.01884635077 0.01749077045 0.003769270154
0.01884635077 0.01749077045 0.007538540308
0.01884635077 0.01749077045 0.01130781046
0.01884635077 0.01749077045 0.01884635077
0.01884635077 0.01749077045 0.02261562092
0.01884635077 0.01749077045 0.02638489108
0.01884635077 0.01749077045 0.03015416123
0.01884635077 0.01749077045 0.03769270154
0.01884635077 0.01749077045 0.04146197169
0.02261562092 0.01749077045 -0.04146197169
0.02261562092 0.01749077045 -0.03769270154
0.02261562092 0.01749077045 -0.03015416123
0.02261562092 0.01749077045 -0.02638489108
0.02261562092 0.01749077045 -0.02261562092
0.02261562092 0.01749077045 -0.01884635077
0.02261562092 0.01749077045 -0.01130781046
0.02261562092 0.01749077045 -0.007538540308
0.02261562092 0.01749077045 -0.003769270154
0.02261562092 0.01749077045 4.33680869e-18
0.02261562092 0.01749077045 0.007538540308
0.02261562092 0.01749077045 0.01130781046
0.02261562092 0.01749077045 0.01507708062
0.02261562092 0.01749077045 0.01884635077
0.02261562092 0.01749077045 0.02638489108
0.02261562092 0.01749077045 0.03015416123
0.02261562092 0.01749077045 0.03392343138
0.02261562092 0.01749077045 0.03769270154
0.02638489108 0.01749077045 -0.03769270154
0.02638489108 0.01749077045 -0.03392343138
0.02638489108 0.01749077045 -0.03015416123
0.02638489108 0.01749077045 -0.02638489108
0.02638489108 0.01749077045 -0.01884635077
0.02638489108 0.01749077045 -0.01507708062
0.02638489108 0.01749077045 -0.01130781046
0.02638489108 0.01749077045 -0.007538540308
0.02638489108 0.01749077045 4.33680869e-18
0.02638489108 0.01749077045 0.003769270154
0.02638489108 0.01749077045 0.007538540308
0.02638489108 0.01749077045 0.01130781046
0.02638489108 0.01749077045 0.01884635077
0.02638489108 0.01749077045 0.02261562092
0.02638489108 0.01749077045 0.02638489108
0.02638489108 0.01749077045 0.03015416123
0.02638489108 0.01749077045 0.03769270154
0.03015416123 0.01749077045 -0.03392343138
0.03015416123 0.01749077045 -0.03015416123
0.03015416123 0.01749077045 -0.02638489108
0.03015416123 0.01749077045 -0.01884635077
0.03015416123 0.01749077045 -0.01507708062
0.03015416123 0.01749077045 -0.01130781046
0.03015416123 0.01749077045 -0.007538540308
0.03015416123 0.01749077045 4.33680869e-18
0.03015416123 0.01749077045 0.003769270154
0.03015416123 0.01749077045 0.007538540308
0.03015416123 0.01749077045 0.01130781046
0.03015416123 0.01749077045 0.01884635077
0.03015416123 0.01749077045 0.02261562092
0.03015416123 0.01749077045 0.02638489108
0.03015416123 0.01749077045 0.03015416123
0.03392343138 0.01749077045 -0.03015416123
0.03392343138 0.01749077045 -0.02638489108
0.03392343138 0.01749077045 -0.02261562092
0.03392343138 0.01749077045 -0.01884635077
0.03392343138 0.01749077045 -0.01130781046
0.03392343138 0.01749077045 -0.007538540308
0.03392343138 0.01749077045 -0.003769270154
0.03392343138 0.01749077045 4.33680869e-18
0.03392343138 0.01749077045 0.007538540308
0.03392343138 0.01749077045 0.01130781046
0.03392343138 0.01749077045 0.01507708062
0.03392343138 0.01749077045 0.01884635077
0.03392343138 0.01749077045 0.02638489108
0.03392343138 0.01749077045 0.03015416123
0.03769270154 0.01749077045 -0.02638489108
0.03769270154 0.01749077045 -0.02261562092
0.03769270154 0.01749077045 -0.01507708062
0.03769270154 0.01749077045 -0.01130781046
0.03769270154 0.01749077045 -0.007538540308
0.03769270154 0.01749077045 -0.003769270154
0.03769270154 0.01749077045 0.003769270154
0.03769270154 0.01749077045 0.007538540308
0.03769270154 0.01749077045 0.01130781046
0.03769270154 0.01749077045 0.01507708062
0.03769270154 0.01749077045 0.01884635077
0.03769270154 0.01749077045 0.02638489108
0.04146197169 0.01749077045 -0.02261562092
0.04146197169 0.01749077045 -0.01884635077
0.04146197169 0.01749077045 -0.01507708062
0.04146197169 0.01749077045 -0.007538540308
0.04146197169 0.01749077045 -0.003769270154
0.04146197169 0.01749077045 4.33680869e-18
0.04146197169 0.01749077045 0.003769270154
0.04146197169 0.01749077045 0.01130781046
0.04146197169 0.01749077045 0.01507708062
0.04146197169 0.01749077045 0.01884635077
0.04146197169 0.01749077045 0.02261562092
0.04523124185 0.01749077045 -0.01130781046
0.04523124185 0.01749077045 -0.007538540308
0.04523124185 0.01749077045 -0.003769270154
0.04523124185 0.01749077045 4.33680869e-18
0.04523124185 0.01749077045 0.007538540308
0.04523124185 0.01749077045 0.01130781046
0.04523124185 0.01749077045 0.01507708062
-0.04334660677 0.02056836664 -0.01696171569
-0.04334660677 0.02056836664 -0.009423175384
-0.04334660677 0.02056836664 -0.005653905231
-0.04334660677 0.02056836664 -0.001884635077
-0.04334660677 0.02056836664 0.001884635077
-0.04334660677 0.02056836664 0.009423175384
-0.04334660677 0.02056836664 0.01319244554
-0.04334660677 0.02056836664 0.01696171569
-0.03957733661 0.02056836664 -0.024500256
-0.03957733661 0.02056836664 -0.01696171569
-0.03957733661 0.02056836664 -0.01319244554
-0.03957733661 0.02056836664 -0.009423175384
-0.03957733661 0.02056836664 -0.005653905231
-0.03957733661 0.02056836664 0.001884635077
-0.03957733661 0.02056836664 0.005653905231
-0.03957733661 0.02056836664 0.009423175384
-0.03957733661 0.02056836664 0.01319244554
-0.03957733661 0.02056836664 0.02073098585
-0.03957733661 0.02056836664 0.024500256
-0.03580806646 0.02056836664 -0.02826952615
-0.03580806646 0.02056836664 -0.024500256
-0.03580806646 0.02056836664 -0.01696171569
-0.03580806646 0.02056836664 -0.01319244554
-0.03580806646 0.02056836664 -0.009423175384
-0.03580806646 0.02056836664 -0.005653905231
-0.03580806646 0.02056836664 0.001884635077
-0.03580806646 0.02056836664 0.005653905231
-0.03580806646 0.02056836664 0.009423175384
-0.03580806646 0.02056836664 0.01319244554
-0.03580806646 0.02056836664 0.02073098585
-0.03580806646 0.02056836664 0.024500256
-0.03580806646 0.02056836664 0.02826952615
-0.03203879631 0.02056836664 -0.03203879631
-0.03203879631 0.02056836664 -0.024500256
-0.03203879631 0.02056836664 -0.02073098585
-0.03203879631 0.02056836664 -0.01696171569
-0.03203879631 0.02056836664 -0.01319244554
-0.03203879631 0.02056836664 -0.005653905231
-0.03203879631 0.02056836664 -0.001884635077
-0.03203879631 0.02056836664 0.001884635077
-0.03203879631 0.02056836664 0.005653905231
-0.03203879631 0.02056836664 0.01319244554
-0.03203879631 0.02056836664 0.01696171569
-0.03203879631 0.02056836664 0.02073098585
-0.03203879631 0.02056836664 0.024500256
-0.03203879631 0.02056836664 0.03203879631
-0.02826952615 0.02056836664 -0.03580806646
-0.02826952615 0.02056836664 -0.03203879631
-0.02826952615 0.02056836664 -0.02826952615
-0.02826952615 0.02056836664 -0.02073098585
-0.02826952615 0.02056836664 -0.01696171569
-0.02826952615 0.02056836664 -0.01319244554
-0.02826952615 0.02056836664 -0.009423175384
-0.02826952615 0.02056836664 -0.001884635077
-0.02826952615 0.02056836664 0.001884635077
-0.02826952615 0.02056836664 0.005653905231
-0.02826952615 0.02056836664 0.009423175384
-0.02826952615 0.02056836664 0.01696171569
-0.02826952615 0.02056836664 0.02073098585
-0.02826952615 0.02056836664 0.024500256
-0.02826952615 0.02056836664 0.02826952615
-0.02826952615 0.02056836664 0.03203879631
-0.024500256 0.02056836664 -0.03957733661
-0.024500256 0.02056836664 -0.03580806646
-0.024500256 0.02056836664 -0.03203879631
-0.024500256 0.02056836664 -0.02826952615
-0.024500256 0.02056836664 -0.02073098585
-0.024500256 0.02056836664 -0.01696171569
-0.024500256 0.02056836664 -0.01319244554
-0.024500256 0.02056836664 -0.009423175384
-0.024500256 0.02056836664 -0.001884635077
-0.024500256 0.02056836664 0.001884635077
-0.024500256 0.02056836664 0.005653905231
-0.024500256 0.02056836664 0.009423175384
-0.024500256 0.02056836664 0.01696171569
-0.024500256 0.02056836664 0.02073098585
-0.024500256 0.02056836664 0.024500256
-0.024500256 0.02056836664 0.02826952615
-0.024500256 0.02056836664 0.03580806646
-0.024500256 0.02056836664 0.03957733661
-0.02073098585 0.02056836664 -0.03957733661
-0.02073098585 0.02056836664 -0.03580806646
-0.02073098585 0.02056836664 -0.02826952615
-0.02073098585 0.02056836664 -0.024500256
-0.02073098585 0.02056836664 -0.02073098585
-0.02073098585 0.02056836664 -0.01696171569
-0.02073098585 0.02056836664 -0.009423175384
-0.02073098585 0.02056836664 -0.005653905231
-0.02073098585 0.02056836664 -0.001884635077
-0.02073098585 0.02056836664 0.001884635077
-0.02073098585 0.02056836664 0.009423175384
-0.02073098585 0.02056836664 0.01319244554
-0.02073098585 0.02056836664 0.01696171569
-0.02073098585 0.02056836664 0.02073098585
-0.02073098585 0.02056836664 0.02826952615
-0.02073098585 0.02056836664 0.03203879631
-0.02073098585 0.02056836664 0.03580806646
-0.02073098585 0.02056836664 0.03957733661
-0.01696171569 0.02056836664 -0.03957733661
-0.01696171569 0.02056836664 -0.03580806646
-0.01696171569 0.02056836664 -0.03203879631
-0.01696171569 0.02056836664 -0.02826952615
-0.01696171569 0.02056836664 -0.02073098585
-0.01696171569 0.02056836664 -0.01696171569
-0.01696171569 0.02056836664 -0.01319244554
-0.01696171569 0.02056836664 -0.009423175384
-0.01696171569 0.02056836664 -0.001884635077
-0.01696171569 0.02056836664 0.001884635077
-0.01696171569 0.02056836664 0.005653905231
-0.01696171569 0.02056836664 0.009423175384
-0.01696171569 0.02056836664 0.01696171569
-0.01696171569 0.02056836664 0.02073098585
-0.01696171569 0.02056836664 0.024500256
-0.01696171569 0.02056836664 0.02826952615
-0.01696171569 0.02056836664 0.03580806646
-0.01696171569 0.02056836664 0.03957733661
-0.01696171569 0.02056836664 0.04334660677
-0.01319244554 0.02056836664 -0.04334660677
-0.01319244554 0.02056836664 -0.03580806646
-0.01319244554 0.02056836664 -0.03203879631
-0.01319244554 0.02056836664 -0.02826952615
-0.01319244554 0.02056836664 -0.024500256
-0.01319244554 0.02056836664 -0.01696171569
-0.01319244554 0.02056836664 -0.01319244554
-0.01319244554 0.02056836664 -0.009423175384
-0.01319244554 0.02056836664 -0.005653905231
-0.01319244554 0.02056836664 0.001884635077
-0.01319244554 0.02056836664 0.005653905231
-0.01319244554 0.02056836664 0.009423175384
-0.01319244554 0.02056836664 0.01319244554
-0.01319244554 0.02056836664 0.02073098585
-0.01319244554 0.02056836664 0.024500256
-0.01319244554 0.02056836664 0.02826952615
-0.01319244554 0.02056836664 0.03203879631
-0.01319244554 0.02056836664 0.03957733661
-0.01319244554 0.02056836664 0.04334660677
-0.009423175384 0.02056836664 -0.04334660677
-0.009423175384 0.02056836664 -0.03957733661
-0.009423175384 0.02056836664 -0.03203879631
-0.009423175384 0.02056836664 -0.02826952615
-0.009423175384 0.02056836664 -0.024500256
-0.009423175384 0.02056836664 -0.02073098585
-0.009423175384 0.02056836664 -0.01696171569
-0.009423175384 0.02056836664 -0.009423175384
-0.009423175384 0.02056836664 -0.005653905231
-0.009423175384 0.02056836664 -0.001884635077
-0.009423175384 0.02056836664 0.001884635077
-0.009423175384 0.02056836664 0.009423175384
-0.009423175384 0.02056836664 0.01319244554
-0.009423175384 0.02056836664 0.01696171569
-0.009423175384 0.02056836664 0.02073098585
-0.009423175384 0.02056836664 0.02826952615
-0.009423175384 0.02056836664 0.03203879631
-0.009423175384 0.02056836664 0.03580806646
-0.009423175384 0.02056836664 0.03957733661
-0.005653905231 0.02056836664 -0.04334660677
-0.005653905231 0.02056836664 -0.03957733661
-0.005653905231 0.02056836664 -0.03580806646
-0.005653905231 0.02056836664 -0.03203879631
-0.005653905231 0.02056836664 -0.024500256
-0.005653905231 0.02056836664 -0.02073098585
-0.005653905231 0.02056836664 -0.01696171569
-0.005653905231 0.02056836664 -0.01319244554
-0.005653905231 0.02056836664 -0.005653905231
-0.005653905231 0.02056836664 -0.001884635077
-0.005653905231 0.02056836664 0.001884635077
-0.005653905231 0.02056836664 0.005653905231
-0.005653905231 0.02056836664 0.01319244554
-0.005653905231 0.02056836664 0.01696171569
-0.005653905231 0.02056836664 0.02073098585
-0.005653905231 0.02056836664 0.024500256
-0.005653905231 0.02056836664 0.03203879631
-0.005653905231 0.02056836664 0.03580806646
-0.005653905231 0.02056836664 0.03957733661
-0.005653905231 0.02056836664 0.04334660677
-0.001884635077 0.02056836664 -0.04334660677
-0.001884635077 0.02056836664 -0.03957733661
-0.001884635077 0.02056836664 -0.03580806646
-0.001884635077 0.02056836664 -0.03203879631
-0.001884635077 0.02056836664 -0.024500256
-0.001884635077 0.02056836664 -0.02073098585
-0.001884635077 0.02056836664 -0.01696171569
-0.001884635077 0.02056836664 -0.01319244554
-0.001884635077 0.02056836664 -0.005653905231
-0.001884635077 0.02056836664 -0.001884635077
-0.001884635077 0.02056836664 0.001884635077
-0.001884635077 0.02056836664 0.005653905231
-0.001884635077 0.02056836664 0.01319244554
-0.001884635077 0.02056836664 0.01696171569
-0.001884635077 0.02056836664 0.02073098585
-0.001884635077 0.02056836664 0.024500256
-0.001884635077 0.02056836664 0.03203879631
-0.001884635077 0.02056836664 0.03580806646
-0.001884635077 0.02056836664 0.03957733661
-0.001884635077 0.02056836664 0.04334660677
0.001884635077 0.02056836664 -0.04334660677
0.001884635077 0.02056836664 -0.03957733661
0.001884635077 0.02056836664 -0.03580806646
0.001884635077 0.02056836664 -0.03203879631
0.001884635077 0.02056836664 -0.024500256
0.001884635077 0.02056836664 -0.02073098585
0.001884635077 0.02056836664 -0.01696171569
0.001884635077 0.02056836664 -0.01319244554
0.001884635077 0.02056836664 -0.005653905231
0.001884635077 0.02056836664 -0.001884635077
0.001884635077 0.02056836664 0.001884635077
0.001884635077 0.02056836664 0.005653905231
0.001884635077 0.02056836664 0.01319244554
0.001884635077 0.02056836664 0.01696171569
0.001884635077 0.02056836664 0.02073098585
0.001884635077 0.02056836664 0.024500256
0.001884635077 0.02056836664 0.03203879631
0.001884635077 0.02056836664 0.03580806646
0.001884635077 0.02056836664 0.03957733661
0.001884635077 0.02056836664 0.04334660677
0.005653905231 0.02056836664 -0.04334660677
0.005653905231 0.02056836664 -0.03957733661
0.005653905231 0.02056836664 -0.03580806646
0.005653905231 0.02056836664 -0.03203879631
0.005653905231 0.02056836664 -0.024500256
0.005653905231 0.02056836664 -0.02073098585
0.005653905231 0.02056836664 -0.01696171569
0.005653905231 0.02056836664 -0.01319244554
0.005653905231 0.02056836664 -0.009423175384
0.005653905231 0.02056836664 -0.001884635077
0.005653905231 0.02056836664 0.001884635077
0.005653905231 0.02056836664 0.005653905231
0.005653905231 0.02056836664 0.009423175384
0.005653905231 0.02056836664 0.01696171569
0.005653905231 0.02056836664 0.02073098585
0.005653905231 0.02056836664 0.024500256
0.005653905231 0.02056836664 0.02826952615
0.005653905231 0.02056836664 0.03580806646
0.005653905231 0.02056836664 0.03957733661
0.005653905231 0.02056836664 0.04334660677
0.005653905231 0.02056836664 0.04711587692
0.009423175384 0.02056836664 -0.03957733661
0.009423175384 0.02056836664 -0.03580806646
0.009423175384 0.02056836664 -0.03203879631
0.009423175384 0.02056836664 -0.02826952615
0.009423175384 0.02056836664 -0.02073098585
0.009423175384 0.02056836664 -0.01696171569
0.009423175384 0.02056836664 -0.01319244554
0.009423175384 0.02056836664 -0.009423175384
0.009423175384 0.02056836664 -0.001884635077
0.009423175384 0.02056836664 0.001884635077
0.009423175384 0.02056836664 0.005653905231
0.009423175384 0.02056836664 0.009423175384
0.009423175384 0.02056836664 0.01696171569
0.009423175384 0.02056836664 0.02073098585
0.009423175384 0.02056836664 0.024500256
0.009423175384 0.02056836664 0.02826952615
0.009423175384 0.02056836664 0.03580806646
0.009423175384 0.02056836664 0.03957733661
0.009423175384 0.02056836664 0.04334660677
0.01319244554 0.02056836664 -0.04334660677
0.01319244554 0.02056836664 -0.03580806646
0.01319244554 0.02056836664 -0.03203879631
0.01319244554 0.02056836664 -0.02826952615
0.01319244554 0.02056836664 -0.024500256
0.01319244554 0.02056836664 -0.01696171569
0.01319244554 0.02056836664 -0.01319244554
0.01319244554 0.02056836664 -0.009423175384
0.01319244554 0.02056836664 -0.005653905231
0.01319244554 0.02056836664 0.001884635077
0.01319244554 0.02056836664 0.005653905231
0.01319244554 0.02056836664 0.009423175384
0.01319244554 0.02056836664 0.01319244554
0.01319244554 0.02056836664 0.02073098585
0.01319244554 0.02056836664 0.024500256
0.01319244554 0.02056836664 0.02826952615
0.01319244554 0.02056836664 0.03203879631
0.01319244554 0.02056836664 0.03957733661
0.01319244554 0.02056836664 0.04334660677
0.01696171569 0.02056836664 -0.04334660677
0.01696171569 0.02056836664 -0.03957733661
0.01696171569 0.02056836664 -0.03203879631
0.01696171569 0.02056836664 -0.02826952615
0.01696171569 0.02056836664 -0.024500256
0.01696171569 0.02056836664 -0.02073098585
0.01696171569 0.02056836664 -0.01319244554
0.01696171569 0.02056836664 -0.009423175384
0.01696171569 0.02056836664 -0.005653905231
0.01696171569 0.02056836664 -0.001884635077
0.01696171569 0.02056836664 0.005653905231
0.01696171569 0.02056836664 0.009423175384
0.01696171569 0.02056836664 0.01319244554
0.01696171569 0.02056836664 0.01696171569
0.01696171569 0.02056836664 0.024500256
0.01696171569 0.02056836664 0.02826952615
0.01696171569 0.02056836664 0.03203879631
0.01696171569 0.02056836664 0.03580806646
0.01696171569 0.02056836664 0.04334660677
0.02073098585 0.02056836664 -0.03957733661
0.02073098585 0.02056836664 -0.03580806646
0.02073098585 0.02056836664 -0.03203879631
0.02073098585 0.02056836664 -0.024500256
0.02073098585 0.02056836664 -0.02073098585
0.02073098585 0.02056836664 -0.01696171569
0.02073098585 0.02056836664 -0.01319244554
0.02073098585 0.02056836664 -0.005653905231
0.02073098585 0.02056836664 -0.001884635077
0.02073098585 0.02056836664 0.001884635077
0.02073098585 0.02056836664 0.005653905231
0.02073098585 0.02056836664 0.009423175384
0.02073098585 0.02056836664 0.01696171569
0.02073098585 0.02056836664 0.02073098585
0.02073098585 0.02056836664 0.024500256
0.02073098585 0.02056836664 0.02826952615
0.02073098585 0.02056836664 0.03580806646
0.02073098585 0.02056836664 0.03957733661
0.024500256 0.02056836664 -0.03957733661
0.024500256 0.02056836664 -0.03580806646
0.024500256 0.02056836664 -0.02826952615
0.024500256 0.02056836664 -0.024500256
0.024500256 0.02056836664 -0.02073098585
0.024500256 0.02056836664 -0.01696171569
0.024500256 0.02056836664 -0.009423175384
0.024500256 0.02056836664 -0.005653905231
0.024500256 0.02056836664 -0.001884635077
0.024500256 0.02056836664 0.001884635077
0.024500256 0.02056836664 0.009423175384
0.024500256 0.02056836664 0.01319244554
0.024500256 0.02056836664 0.01696171569
0.024500256 0.02056836664 0.02073098585
0.024500256 0.02056836664 0.02826952615
0.024500256 0.02056836664 0.03203879631
0.024500256 0.02056836664 0.03580806646
0.024500256 0.02056836664 0.03957733661
0.02826952615 0.02056836664 -0.03203879631
0.02826952615 0.02056836664 -0.02826952615
0.02826952615 0.02056836664 -0.024500256
0.02826952615 0.02056836664 -0.02073098585
0.02826952615 0.02056836664 -0.01319244554
0.02826952615 0.02056836664 -0.009423175384
0.02826952615 0.02056836664 -0.005653905231
0.02826952615 0.02056836664 -0.001884635077
0.02826952615 0.02056836664 0.005653905231
0.02826952615 0.02056836664 0.009423175384
0.02826952615 0.02056836664 0.01319244554
0.02826952615 0.02056836664 0.01696171569
0.02826952615 0.02056836664 0.024500256
0.02826952615 0.02056836664 0.02826952615
0.02826952615 0.02056836664 0.03203879631
0.02826952615 0.02056836664 0.03580806646
0.03203879631 0.02056836664 -0.02826952615
0.03203879631 0.02056836664 -0.024500256
0.03203879631 0.02056836664 -0.02073098585
0.03203879631 0.02056836664 -0.01696171569
0.03203879631 0.02056836664 -0.009423175384
0.03203879631 0.02056836664 -0.005653905231
0.03203879631 0.02056836664 -0.001884635077
0.03203879631 0.02056836664 0.001884635077
0.03203879631 0.02056836664 0.009423175384
0.03203879631 0.02056836664 0.01319244554
0.03203879631 0.02056836664 0.01696171569
0.03203879631 0.02056836664 0.02073098585
0.03203879631 0.02056836664 0.02826952615
0.03203879631 0.02056836664 0.03203879631
0.03580806646 0.02056836664 -0.02826952615
0.03580806646 0.02056836664 -0.024500256
0.03580806646 0.02056836664 -0.01696171569
0.03580806646 0.02056836664 -0.01319244554
0.03580806646 0.02056836664 -0.009423175384
0.03580806646 0.02056836664 -0.005653905231
0.03580806646 0.02056836664 0.001884635077
0.03580806646 0.02056836664 0.005653905231
0.03580806646 0.02056836664 0.009423175384
0.03580806646 0.02056836664 0.01319244554
0.03580806646 0.02056836664 0.02073098585
0.03580806646 0.02056836664 0.024500256
0.03580806646 0.02056836664 0.02826952615
0.03957733661 0.02056836664 -0.024500256
0.03957733661 0.02056836664 -0.01696171569
0.03957733661 0.02056836664 -0.01319244554
0.03957733661 0.02056836664 -0.009423175384
0.03957733661 0.02056836664 -0.005653905231
0.03957733661 0.02056836664 0.001884635077
0.03957733661 0.02056836664 0.005653905231
0.03957733661 0.02056836664 0.009423175384
0.03957733661 0.02056836664 0.01319244554
0.03957733661 0.02056836664 0.02073098585
0.03957733661 0.02056836664 0.024500256
0.04334660677 0.02056836664 -0.01696171569
0.04334660677 0.02056836664 -0.01319244554
0.04334660677 0.02056836664 -0.009423175384
0.04334660677 0.02056836664 -0.001884635077
0.04334660677 0.02056836664 0.001884635077
0.04334660677 0.02056836664 0.005653905231
0.04334660677 0.02056836664 0.009423175384
0.04334660677 0.02056836664 0.01696171569
0.04711587692 0.02056836664 -0.005653905231
0.04711587692 0.02056836664 -0.001884635077
0.04711587692 0.02056836664 0.001884635077
-0.04523124185 0.02364596284 -0.01507708062
-0.04523124185 0.02364596284 -0.01130781046
-0.04523124185 0.02364596284 -0.007538540308
-0.04523124185 0.02364596284 -0.003769270154
-0.04523124185 0.02364596284 0.003769270154
-0.04523124185 0.02364596284 0.007538540308
-0.04523124185 0.02364596284 0.01130781046
-0.04523124185 0.02364596284 0.01507708062
-0.04146197169 0.02364596284 -0.01884635077
-0.04146197169 0.02364596284 -0.01507708062
-0.04146197169 0.02364596284 -0.01130781046
-0.04146197169 0.02364596284 -0.007538540308
-0.04146197169 0.02364596284 4.33680869e-18
-0.04146197169 0.02364596284 0.003769270154
-0.04146197169 0.02364596284 0.007538540308
-0.04146197169 0.02364596284 0.01130781046
-0.04146197169 0.02364596284 0.01884635077
-0.04146197169 0.02364596284 0.02261562092
-0.03769270154 0.02364596284 -0.02638489108
-0.03769270154 0.02364596284 -0.02261562092
-0.03769270154 0.02364596284 -0.01507708062
-0.03769270154 0.02364596284 -0.01130781046
-0.03769270154 0.02364596284 -0.007538540308
-0.03769270154 0.02364596284 -0.003769270154
-0.03769270154 0.02364596284 0.003769270154
-0.03769270154 0.02364596284 0.007538540308
-0.03769270154 0.02364596284 0.01130781046
-0.03769270154 0.02364596284 0.01507708062
-0.03769270154 0.02364596284 0.02261562092
-0.03769270154 0.02364596284 0.02638489108
-0.03392343138 0.02364596284 -0.03015416123
-0.03392343138 0.02364596284 -0.02638489108
-0.03392343138 0.02364596284 -0.01884635077
-0.03392343138 0.02364596284 -0.01507708062
-0.03392343138 0.02364596284 -0.01130781046
-0.03392343138 0.02364596284 -0.007538540308
-0.03392343138 0.02364596284 4.33680869e-18
-0.03392343138 0.02364596284 0.003769270154
-0.03392343138 0.02364596284 0.007538540308
-0.03392343138 0.02364596284 0.01130781046
-0.03392343138 0.02364596284 0.01884635077
-0.03392343138 0.02364596284 0.02261562092
-0.03392343138 0.02364596284 0.02638489108
-0.03392343138 0.02364596284 0.03015416123
-0.03015416123 0.02364596284 -0.03015416123
-0.03015416123 0.02364596284 -0.02638489108
-0.03015416123 0.02364596284 -0.02261562092
-0.03015416123 0.02364596284 -0.01884635077
-0.03015416123 0.02364596284 -0.01130781046
-0.03015416123 0.02364596284 -0.007538540308
-0.03015416123 0.02364596284 -0.003769270154
-0.03015416123 0.02364596284 4.33680869e-18
-0.03015416123 0.02364596284 0.007538540308
-0.03015416123 0.02364596284 0.01130781046
-0.03015416123 0.02364596284 0.01507708062
-0.03015416123 0.02364596284 0.01884635077
-0.03015416123 0.02364596284 0.02638489108
-0.03015416123 0.02364596284 0.03015416123
-0.03015416123 0.02364596284 0.03392343138
-0.02638489108 0.02364596284 -0.03769270154
-0.02638489108 0.02364596284 -0.03015416123
-0.02638489108 0.02364596284 -0.02638489108
-0.02638489108 0.02364596284 -0.02261562092
-0.02638489108 0.02364596284 -0.01884635077
-0.02638489108 0.02364596284 -0.01130781046
-0.02638489108 0.02364596284 -0.007538540308
-0.02638489108 0.02364596284 -0.003769270154
-0.02638489108 0.02364596284 4.33680869e-18
-0.02638489108 0.02364596284 0.007538540308
-0.02638489108 0.02364596284 0.01130781046
-0.02638489108 0.02364596284 0.01507708062
-0.02638489108 0.02364596284 0.01884635077
-0.02638489108 0.02364596284 0.02261562092
-0.02638489108 0.02364596284 0.03015416123
-0.02638489108 0.02364596284 0.03392343138
-0.02638489108 0.02364596284 0.03769270154
-0.02261562092 0.02364596284 -0.04146197169
-0.02261562092 0.02364596284 -0.03392343138
-0.02261562092 0.02364596284 -0.03015416123
-0.02261562092 0.02364596284 -0.02638489108
-0.02261562092 0.02364596284 -0.02261562092
-0.02261562092 0.02364596284 -0.01507708062
-0.02261562092 0.02364596284 -0.01130781046
-0.02261562092 0.02364596284 -0.007538540308
-0.02261562092 0.02364596284 -0.003769270154
-0.02261562092 0.02364596284 0.003769270154
-0.02261562092 0.02364596284 0.007538540308
-0.02261562092 0.02364596284 0.01130781046
-0.02261562092 0.02364596284 0.01507708062
-0.02261562092 0.02364596284 0.02261562092
-0.02261562092 0.02364596284 0.02638489108
-0.02261562092 0.02364596284 0.03015416123
-0.02261562092 0.02364596284 0.03392343138
-0.02261562092 0.02364596284 0.04146197169
-0.01884635077 0.02364596284 -0.04146197169
-0.01884635077 0.02364596284 -0.03769270154
-0.01884635077 0.02364596284 -0.03392343138
-0.01884635077 0.02364596284 -0.02638489108
-0.01884635077 0.02364596284 -0.02261562092
-0.01884635077 0.02364596284 -0.01884635077
-0.01884635077 0.02364596284 -0.01507708062
-0.01884635077 0.02364596284 -0.007538540308
-0.01884635077 0.02364596284 -0.003769270154
-0.01884635077 0.02364596284 4.33680869e-18
-0.01884635077 0.02364596284 0.003769270154
-0.01884635077 0.02364596284 0.01130781046
-0.01884635077 0.02364596284 0.01507708062
-0.01884635077 0.02364596284 0.01884635077
-0.01884635077 0.02364596284 0.02261562092
-0.01884635077 0.02364596284 0.03015416123
-0.01884635077 0.02364596284 0.03392343138
-0.01884635077 0.02364596284 0.03769270154
-0.01884635077 0.02364596284 0.04146197169
-0.01507708062 0.02364596284 -0.04146197169
-0.01507708062 0.02364596284 -0.03769270154
-0.01507708062 0.02364596284 -0.03392343138
-0.01507708062 0.02364596284 -0.03015416123
-0.01507708062 0.02364596284 -0.02261562092
-0.01507708062 0.02364596284 -0.01884635077
-0.01507708062 0.02364596284 -0.01507708062
-0.01507708062 0.02364596284 -0.01130781046
-0.01507708062 0.02364596284 -0.003769270154
-0.01507708062 0.02364596284 4.33680869e-18
-0.01507708062 0.02364596284 0.003769270154
-0.01507708062 0.02364596284 0.007538540308
-0.01507708062 0.02364596284 0.01507708062
-0.01507708062 0.02364596284 0.01884635077
-0.01507708062 0.02364596284 0.02261562092
-0.01507708062 0.02364596284 0.02638489108
-0.01507708062 0.02364596284 0.03392343138
-0.01507708062 0.02364596284 0.03769270154
-0.01507708062 0.02364596284 0.04146197169
-0.01507708062 0.02364596284 0.04523124185
-0.01130781046 0.02364596284 -0.04146197169
-0.01130781046 0.02364596284 -0.03769270154
-0.01130781046 0.02364596284 -0.03392343138
-0.01130781046 0.02364596284 -0.03015416123
-0.01130781046 0.02364596284 -0.02261562092
-0.01130781046 0.02364596284 -0.01884635077
-0.01130781046 0.02364596284 -0.01507708062
-0.01130781046 0.02364596284 -0.01130781046
-0.01130781046 0.02364596284 -0.003769270154
-0.01130781046 0.02364596284 4.33680869e-18
-0.01130781046 0.02364596284 0.003769270154
-0.01130781046 0.02364596284 0.007538540308
-0.01130781046 0.02364596284 0.01507708062
-0.01130781046 0.02364596284 0.01884635077
-0.01130781046 0.02364596284 0.02261562092
-0.01130781046 0.02364596284 0.02638489108
-0.01130781046 0.02364596284 0.03392343138
-0.01130781046 0.02364596284 0.03769270154
-0.01130781046 0.02364596284 0.04146197169
-0.01130781046 0.02364596284 0.04523124185
-0.007538540308 0.02364596284 -0.04523124185
-0.007538540308 0.02364596284 -0.03769270154
-0.007538540308 0.02364596284 -0.03392343138
-0.007538540308 0.02364596284 -0.03015416123
-0.007538540308 0.02364596284 -0.02638489108
-0.007538540308 0.02364596284 -0.01884635077
-0.007538540308 0.02364596284 -0.01507708062
-0.007538540308 0.02364596284 -0.01130781046
-0.007538540308 0.02364596284 -0.007538540308
-0.007538540308 0.02364596284 4.33680869e-18
-0.007538540308 0.02364596284 0.003769270154
-0.007538540308 0.02364596284 0.007538540308
-0.007538540308 0.02364596284 0.01130781046
-0.007538540308 0.02364596284 0.01884635077
-0.007538540308 0.02364596284 0.02261562092
-0.007538540308 0.02364596284 0.02638489108
-0.007538540308 0.02364596284 0.03015416123
-0.007538540308 0.02364596284 0.03769270154
-0.007538540308 0.02364596284 0.04146197169
-0.007538540308 0.02364596284 0.04523124185
-0.003769270154 0.02364596284 -0.04523124185
-0.003769270154 0.02364596284 -0.03769270154
-0.003769270154 0.02364596284 -0.03392343138
-0.003769270154 0.02364596284 -0.03015416123
-0.003769270154 0.02364596284 -0.02638489108
-0.003769270154 0.02364596284 -0.01884635077
-0.003769270154 0.02364596284 -0.01507708062
-0.003769270154 0.02364596284 -0.01130781046
-0.003769270154 0.02364596284 -0.007538540308
-0.003769270154 0.02364596284 4.33680869e-18
-0.003769270154 0.02364596284 0.003769270154
-0.003769270154 0.02364596284 0.007538540308
-0.003769270154 0.02364596284 0.01130781046
-0.003769270154 0.02364596284 0.01884635077
-0.003769270154 0.02364596284 0.02261562092
-0.003769270154 0.02364596284 0.02638489108
-0.003769270154 0.02364596284 0.03015416123
-0.003769270154 0.02364596284 0.03769270154
-0.003769270154 0.02364596284 0.04146197169
-0.003769270154 0.02364596284 0.04523124185
4.33680869e-18 0.02364596284 -0.04523124185
4.33680869e-18 0.02364596284 -0.03769270154
4.33680869e-18 0.02364596284 -0.03392343138
4.33680869e-18 0.02364596284 -0.03015416123
4.33680869e-18 0.02364596284 -0.02638489108
4.33680869e-18 0.02364596284 -0.01884635077
4.33680869e-18 0.02364596284 -0.01507708062
4.33680869e-18 0.02364596284 -0.01130781046
4.33680869e-18 0.02364596284 -0.007538540308
4.33680869e-18 0.02364596284 4.33680869e-18
4.33680869e-18 0.02364596284 0.003769270154
4.33680869e-18 0.02364596284 0.007538540308
4.33680869e-18 0.02364596284 0.01130781046
4.33680869e-18 0.02364596284 0.01884635077
4.33680869e-18 0.02364596284 0.02261562092
4.33680869e-18 0.02364596284 0.02638489108
4.33680869e-18 0.02364596284 0.03015416123
4.33680869e-18 0.02364596284 0.03769270154
4.33680869e-18 0.02364596284 0.04146197169
4.33680869e-18 0.02364596284 0.04523124185
0.003769270154 0.02364596284 -0.04523124185
0.003769270154 0.02364596284 -0.03769270154
0.003769270154 0.02364596284 -0.03392343138
0.003769270154 0.02364596284 -0.03015416123
0.003769270154 0.02364596284 -0.02638489108
0.003769270154 0.02364596284 -0.01884635077
0.003769270154 0.02364596284 -0.01507708062
0.003769270154 0.02364596284 -0.01130781046
0.003769270154 0.02364596284 -0.007538540308
0.003769270154 0.02364596284 4.33680869e-18
0.003769270154 0.02364596284 0.003769270154
0.003769270154 0.02364596284 0.007538540308
0.003769270154 0.02364596284 0.01130781046
0.003769270154 0.02364596284 0.01884635077
0.003769270154 0.02364596284 0.02261562092
0.003769270154 0.02364596284 0.02638489108
0.003769270154 0.02364596284 0.03015416123
0.003769270154 0.02364596284 0.03392343138
0.003769270154 0.02364596284 0.04146197169
0.003769270154 0.02364596284 0.04523124185
0.007538540308 0.02364596284 -0.04523124185
0.007538540308 0.02364596284 -0.04146197169
0.007538540308 0.02364596284 -0.03392343138
0.007538540308 0.02364596284 -0.03015416123
0.007538540308 0.02364596284 -0.02638489108
0.007538540308 0.02364596284 -0.02261562092
0.007538540308 0.02364596284 -0.01507708062
0.007538540308 0.02364596284 -0.01130781046
0.007538540308 0.02364596284 -0.007538540308
0.007538540308 0.02364596284 -0.003769270154
0.007538540308 0.02364596284 0.003769270154
0.007538540308 0.02364596284 0.007538540308
0.007538540308 0.02364596284 0.01130781046
0.007538540308 0.02364596284 0.01507708062
0.007538540308 0.02364596284 0.02261562092
0.007538540308 0.02364596284 0.02638489108
0.007538540308 0.02364596284 0.03015416123
0.007538540308 0.02364596284 0.03392343138
0.007538540308 0.02364596284 0.04146197169
0.007538540308 0.02364596284 0.04523124185
0.01130781046 0.02364596284 -0.04523124185
0.01130781046 0.02364596284 -0.04146197169
0.01130781046 0.02364596284 -0.03392343138
0.01130781046 0.02364596284 -0.03015416123
0.01130781046 0.02364596284 -0.02638489108
0.01130781046 0.02364596284 -0.02261562092
0.01130781046 0.02364596284 -0.01507708062
0.01130781046 0.02364596284 -0.01130781046
0.01130781046 0.02364596284 -0.007538540308
0.01130781046 0.02364596284 -0.003769270154
0.01130781046 0.02364596284 0.003769270154
0.01130781046 0.02364596284 0.007538540308
0.01130781046 0.02364596284 0.01130781046
0.01130781046 0.02364596284 0.01507708062
0.01130781046 0.02364596284 0.02261562092
0.01130781046 0.02364596284 0.02638489108
0.01130781046 0.02364596284 0.03015416123
0.01130781046 0.02364596284 0.03392343138
0.01130781046 0.02364596284 0.04146197169
0.01130781046 0.02364596284 0.04523124185
0.01507708062 0.02364596284 -0.04523124185
0.01507708062 0.02364596284 -0.04146197169
0.01507708062 0.02364596284 -0.03392343138
0.01507708062 0.02364596284 -0.03015416123
0.01507708062 0.02364596284 -0.02638489108
0.01507708062 0.02364596284 -0.02261562092
0.01507708062 0.02364596284 -0.01507708062
0.01507708062 0.02364596284 -0.01130781046
0.01507708062 0.02364596284 -0.007538540308
0.01507708062 0.02364596284 -0.003769270154
0.01507708062 0.02364596284 0.003769270154
0.01507708062 0.02364596284 0.007538540308
0.01507708062 0.02364596284 0.01130781046
0.01507708062 0.02364596284 0.01507708062
0.01507708062 0.02364596284 0.02261562092
0.01507708062 0.02364596284 0.02638489108
0.01507708062 0.02364596284 0.03015416123
0.01507708062 0.02364596284 0.03392343138
0.01507708062 0.02364596284 0.04146197169
0.01507708062 0.02364596284 0.04523124185
0.01884635077 0.02364596284 -0.04146197169
0.01884635077 0.02364596284 -0.03769270154
0.01884635077 0.02364596284 -0.03015416123
0.01884635077 0.02364596284 -0.02638489108
0.01884635077 0.02364596284 -0.02261562092
0.01884635077 0.02364596284 -0.01884635077
0.01884635077 0.02364596284 -0.01130781046
0.01884635077 0.02364596284 -0.007538540308
0.01884635077 0.02364596284 -0.003769270154
0.01884635077 0.02364596284 4.33680869e-18
0.01884635077 0.02364596284 0.007538540308
0.01884635077 0.02364596284 0.01130781046
0.01884635077 0.02364596284 0.01507708062
0.01884635077 0.02364596284 0.01884635077
0.01884635077 0.02364596284 0.02638489108
0.01884635077 0.02364596284 0.03015416123
0.01884635077 0.02364596284 0.03392343138
0.01884635077 0.02364596284 0.03769270154
0.01884635077 0.02364596284 0.04146197169
0.02261562092 0.02364596284 -0.03769270154
0.02261562092 0.02364596284 -0.03392343138
0.02261562092 0.02364596284 -0.03015416123
0.02261562092 0.02364596284 -0.02638489108
0.02261562092 0.02364596284 -0.01884635077
0.02261562092 0.02364596284 -0.01507708062
0.02261562092 0.02364596284 -0.01130781046
0.02261562092 0.02364596284 -0.007538540308
0.02261562092 0.02364596284 4.33680869e-18
0.02261562092 0.02364596284 0.003769270154
0.02261562092 0.02364596284 0.007538540308
0.02261562092 0.02364596284 0.01130781046
0.02261562092 0.02364596284 0.01884635077
0.02261562092 0.02364596284 0.02261562092
0.02261562092 0.02364596284 0.02638489108
0.02261562092 0.02364596284 0.03015416123
0.02261562092 0.02364596284 0.03769270154
0.02261562092 0.02364596284 0.04146197169
0.02638489108 0.02364596284 -0.03769270154
0.02638489108 0.02364596284 -0.03392343138
0.02638489108 0.02364596284 -0.02638489108
0.02638489108 0.02364596284 -0.02261562092
0.02638489108 0.02364596284 -0.01884635077
0.02638489108 0.02364596284 -0.01507708062
0.02638489108 0.02364596284 -0.007538540308
0.02638489108 0.02364596284 -0.003769270154
0.02638489108 0.02364596284 4.33680869e-18
0.02638489108 0.02364596284 0.003769270154
0.02638489108 0.02364596284 0.01130781046
0.02638489108 0.02364596284 0.01507708062
0.02638489108 0.02364596284 0.01884635077
0.02638489108 0.02364596284 0.02261562092
0.02638489108 0.02364596284 0.03015416123
0.02638489108 0.02364596284 0.03392343138
0.02638489108 0.02364596284 0.03769270154
0.03015416123 0.02364596284 -0.03392343138
0.03015416123 0.02364596284 -0.02638489108
0.03015416123 0.02364596284 -0.02261562092
0.03015416123 0.02364596284 -0.01884635077
0.03015416123 0.02364596284 -0.01507708062
0.03015416123 0.02364596284 -0.007538540308
0.03015416123 0.02364596284 -0.003769270154
0.03015416123 0.02364596284 4.33680869e-18
0.03015416123 0.02364596284 0.003769270154
0.03015416123 0.02364596284 0.01130781046
0.03015416123 0.02364596284 0.01507708062
0.03015416123 0.02364596284 0.01884635077
0.03015416123 0.02364596284 0.02261562092
0.03015416123 0.02364596284 0.03015416123
0.03015416123 0.02364596284 0.03392343138
0.03392343138 0.02364596284 -0.03015416123
0.03392343138 0.02364596284 -0.02638489108
0.03392343138 0.02364596284 -0.01884635077
0.03392343138 0.02364596284 -0.01507708062
0.03392343138 0.02364596284 -0.01130781046
0.03392343138 0.02364596284 -0.007538540308
0.03392343138 0.02364596284 4.33680869e-18
0.03392343138 0.02364596284 0.003769270154
0.03392343138 0.02364596284 0.007538540308
0.03392343138 0.02364596284 0.01130781046
0.03392343138 0.02364596284 0.01884635077
0.03392343138 0.02364596284 0.02261562092
0.03392343138 0.02364596284 0.02638489108
0.03392343138 0.02364596284 0.03015416123
0.03769270154 0.02364596284 -0.02261562092
0.03769270154 0.02364596284 -0.01884635077
0.03769270154 0.02364596284 -0.01507708062
0.03769270154 0.02364596284 -0.01130781046
0.03769270154 0.02364596284 -0.003769270154
0.03769270154 0.02364596284 4.33680869e-18
0.03769270154 0.02364596284 0.003769270154
0.03769270154 0.02364596284 0.007538540308
0.03769270154 0.02364596284 0.01507708062
0.03769270154 0.02364596284 0.01884635077
0.03769270154 0.02364596284 0.02261562092
0.03769270154 0.02364596284 0.02638489108
0.04146197169 0.02364596284 -0.01884635077
0.04146197169 0.02364596284 -0.01507708062
0.04146197169 0.02364596284 -0.01130781046
0.04146197169 0.02364596284 -0.007538540308
0.04146197169 0.02364596284 -0.003769270154
0.04146197169 0.02364596284 0.003769270154
0.04146197169 0.02364596284 0.007538540308
0.04146197169 0.02364596284 0.01130781046
0.04146197169 0.02364596284 0.01507708062
0.04146197169 0.02364596284 0.02261562092
0.04523124185 0.02364596284 -0.01507708062
0.04523124185 0.02364596284 -0.01130781046
0.04523124185 0.02364596284 -0.007538540308
0.04523124185 0.02364596284 4.33680869e-18
0.04523124185 0.02364596284 0.003769270154
0.04523124185 0.02364596284 0.007538540308
0.04523124185 0.02364596284 0.01130781046
-0.04334660677 0.02672355903 -0.01696171569
-0.04334660677 0.02672355903 -0.01319244554
-0.04334660677 0.02672355903 -0.009423175384
-0.04334660677 0.02672355903 -0.005653905231
-0.04334660677 0.02672355903 0.001884635077
-0.04334660677 0.02672355903 0.005653905231
-0.04334660677 0.02672355903 0.009423175384
-0.04334660677 0.02672355903 0.01319244554
-0.03957733661 0.02672355903 -0.024500256
-0.03957733661 0.02672355903 -0.02073098585
-0.03957733661 0.02672355903 -0.01696171569
-0.03957733661 0.02672355903 -0.01319244554
-0.03957733661 0.02672355903 -0.005653905231
-0.03957733661 0.02672355903 -0.001884635077
-0.03957733661 0.02672355903 0.001884635077
-0.03957733661 0.02672355903 0.005653905231
-0.03957733661 0.02672355903 0.01319244554
-0.03957733661 0.02672355903 0.01696171569
-0.03957733661 0.02672355903 0.02073098585
-0.03957733661 0.02672355903 0.024500256
-0.03580806646 0.02672355903 -0.024500256
-0.03580806646 0.02672355903 -0.02073098585
-0.03580806646 0.02672355903 -0.01696171569
-0.03580806646 0.02672355903 -0.01319244554
-0.03580806646 0.02672355903 -0.005653905231
-0.03580806646 0.02672355903 -0.001884635077
-0.03580806646 0.02672355903 0.001884635077
-0.03580806646 0.02672355903 0.005653905231
-0.03580806646 0.02672355903 0.01319244554
-0.03580806646 0.02672355903 0.01696171569
-0.03580806646 0.02672355903 0.02073098585
-0.03580806646 0.02672355903 0.024500256
-0.03203879631 0.02672355903 -0.03203879631
-0.03203879631 0.02672355903 -0.02826952615
-0.03203879631 0.02672355903 -0.024500256
-0.03203879631 0.02672355903 -0.02073098585
-0.03203879631 0.02672355903 -0.01319244554
-0.03203879631 0.02672355903 -0.009423175384
-0.03203879631 0.02672355903 -0.005653905231
-0.03203879631 0.02672355903 -0.001884635077
-0.03203879631 0.02672355903 0.005653905231
-0.03203879631 0.02672355903 0.009423175384
-0.03203879631 0.02672355903 0.01319244554
-0.03203879631 0.02672355903 0.01696171569
-0.03203879631 0.02672355903 0.024500256
-0.03203879631 0.02672355903 0.02826952615
-0.03203879631 0.02672355903 0.03203879631
-0.02826952615 0.02672355903 -0.03580806646
-0.02826952615 0.02672355903 -0.02826952615
-0.02826952615 0.02672355903 -0.024500256
-0.02826952615 0.02672355903 -0.02073098585
-0.02826952615 0.02672355903 -0.01696171569
-0.02826952615 0.02672355903 -0.009423175384
-0.02826952615 0.02672355903 -0.005653905231
-0.02826952615 0.02672355903 -0.001884635077
-0.02826952615 0.02672355903 0.001884635077
-0.02826952615 0.02672355903 0.009423175384
-0.02826952615 0.02672355903 0.01319244554
-0.02826952615 0.02672355903 0.01696171569
-0.02826952615 0.02672355903 0.02073098585
-0.02826952615 0.02672355903 0.02826952615
-0.02826952615 0.02672355903 0.03203879631
-0.02826952615 0.02672355903 0.03580806646
-0.024500256 0.02672355903 -0.03957733661
-0.024500256 0.02672355903 -0.03203879631
-0.024500256 0.02672355903 -0.02826952615
-0.024500256 0.02672355903 -0.024500256
-0.024500256 0.02672355903 -0.02073098585
-0.024500256 0.02672355903 -0.01696171569
-0.024500256 0.02672355903 -0.009423175384
-0.024500256 0.02672355903 -0.005653905231
-0.024500256 0.02672355903 -0.001884635077
-0.024500256 0.02672355903 0.001884635077
-0.024500256 0.02672355903 0.009423175384
-0.024500256 0.02672355903 0.01319244554
-0.024500256 0.02672355903 0.01696171569
-0.024500256 0.02672355903 0.02073098585
-0.024500256 0.02672355903 0.02826952615
-0.024500256 0.02672355903 0.03203879631
-0.024500256 0.02672355903 0.03580806646
-0.024500256 0.02672355903 0.03957733661
-0.02073098585 0.02672355903 -0.03580806646
-0.02073098585 0.02672355903 -0.03203879631
-0.02073098585 0.02672355903 -0.02826952615
-0.02073098585 0.02672355903 -0.024500256
-0.02073098585 0.02672355903 -0.01696171569
-0.02073098585 0.02672355903 -0.01319244554
-0.02073098585 0.02672355903 -0.009423175384
-0.02073098585 0.02672355903 -0.005653905231
-0.02073098585 0.02672355903 0.001884635077
-0.02073098585 0.02672355903 0.005653905231
-0.02073098585 0.02672355903 0.009423175384
-0.02073098585 0.02672355903 0.01319244554
-0.02073098585 0.02672355903 0.02073098585
-0.02073098585 0.02672355903 0.024500256
-0.02073098585 0.02672355903 0.02826952615
-0.02073098585 0.02672355903 0.03203879631
-0.02073098585 0.02672355903 0.03957733661
-0.01696171569 0.02672355903 -0.04334660677
-0.01696171569 0.02672355903 -0.03957733661
-0.01696171569 0.02672355903 -0.03580806646
-0.01696171569 0.02672355903 -0.02826952615
-0.01696171569 0.02672355903 -0.024500256
-0.01696171569 0.02672355903 -0.02073098585
-0.01696171569 0.02672355903 -0.01696171569
-0.01696171569 0.02672355903 -0.009423175384
-0.01696171569 0.02672355903 -0.005653905231
-0.01696171569 0.02672355903 -0.001884635077
-0.01696171569 0.02672355903 0.001884635077
-0.01696171569 0.02672355903 0.009423175384
-0.01696171569 0.02672355903 0.01319244554
-0.01696171569 0.02672355903 0.01696171569
-0.01696171569 0.02672355903 0.02073098585
-0.01696171569 0.02672355903 0.02826952615
-0.01696171569 0.02672355903 0.03203879631
-0.01696171569 0.02672355903 0.03580806646
-0.01696171569 0.02672355903 0.03957733661
-0.01319244554 0.02672355903 -0.04334660677
-0.01319244554 0.02672355903 -0.03957733661
-0.01319244554 0.02672355903 -0.03580806646
-0.01319244554 0.02672355903 -0.03203879631
-0.01319244554 0.02672355903 -0.024500256
-0.01319244554 0.02672355903 -0.02073098585
-0.01319244554 0.02672355903 -0.01696171569
-0.01319244554 0.02672355903 -0.01319244554
-0.01319244554 0.02672355903 -0.005653905231
-0.01319244554 0.02672355903 -0.001884635077
-0.01319244554 0.02672355903 0.001884635077
-0.01319244554 0.02672355903 0.005653905231
-0.01319244554 0.02672355903 0.01319244554
-0.01319244554 0.02672355903 0.01696171569
-0.01319244554 0.02672355903 0.02073098585
-0.01319244554 0.02672355903 0.024500256
-0.01319244554 0.02672355903 0.03203879631
-0.01319244554 0.02672355903 0.03580806646
-0.01319244554 0.02672355903 0.03957733661
-0.01319244554 0.02672355903 0.04334660677
-0.009423175384 0.02672355903 -0.03957733661
-0.009423175384 0.02672355903 -0.03580806646
-0.009423175384 0.02672355903 -0.03203879631
-0.009423175384 0.02672355903 -0.02826952615
-0.009423175384 0.02672355903 -0.02073098585
-0.009423175384 0.02672355903 -0.01696171569
-0.009423175384 0.02672355903 -0.01319244554
-0.009423175384 0.02672355903 -0.009423175384
-0.009423175384 0.02672355903 -0.001884635077
-0.009423175384 0.02672355903 0.001884635077
-0.009423175384 0.02672355903 0.005653905231
-0.009423175384 0.02672355903 0.009423175384
-0.009423175384 0.02672355903 0.01319244554
-0.009423175384 0.02672355903 0.02073098585
-0.009423175384 0.02672355903 0.024500256
-0.009423175384 0.02672355903 0.02826952615
-0.009423175384 0.02672355903 0.03203879631
-0.009423175384 0.02672355903 0.03957733661
-0.009423175384 0.02672355903 0.04334660677
-0.005653905231 0.02672355903 -0.04334660677
-0.005653905231 0.02672355903 -0.03957733661
-0.005653905231 0.02672355903 -0.03203879631
-0.005653905231 0.02672355903 -0.02826952615
-0.005653905231 0.02672355903 -0.024500256
-0.005653905231 0.02672355903 -0.02073098585
-0.005653905231 0.02672355903 -0.01319244554
-0.005653905231 0.02672355903 -0.009423175384
-0.005653905231 0.02672355903 -0.005653905231
-0.005653905231 0.02672355903 -0.001884635077
-0.005653905231 0.02672355903 0.005653905231
-0.005653905231 0.02672355903 0.009423175384
-0.005653905231 0.02672355903 0.01319244554
-0.005653905231 0.02672355903 0.01696171569
-0.005653905231 0.02672355903 0.024500256
-0.005653905231 0.02672355903 0.02826952615
-0.005653905231 0.02672355903 0.03203879631
-0.005653905231 0.02672355903 0.03580806646
-0.005653905231 0.02672355903 0.04334660677
-0.005653905231 0.02672355903 0.04711587692
-0.001884635077 0.02672355903 -0.04334660677
-0.001884635077 0.02672355903 -0.03957733661
-0.001884635077 0.02672355903 -0.03203879631
-0.001884635077 0.02672355903 -0.02826952615
-0.001884635077 0.02672355903 -0.024500256
-0.001884635077 0.02672355903 -0.02073098585
-0.001884635077 0.02672355903 -0.01319244554
-0.001884635077 0.02672355903 -0.009423175384
-0.001884635077 0.02672355903 -0.005653905231
-0.001884635077 0.02672355903 -0.001884635077
-0.001884635077 0.02672355903 0.005653905231
-0.001884635077 0.02672355903 0.009423175384
-0.001884635077 0.02672355903 0.01319244554
-0.001884635077 0.02672355903 0.01696171569
-0.001884635077 0.02672355903 0.024500256
-0.001884635077 0.02672355903 0.02826952615
-0.001884635077 0.02672355903 0.03203879631
-0.001884635077 0.02672355903 0.03580806646
-0.001884635077 0.02672355903 0.04334660677
-0.001884635077 0.02672355903 0.04711587692
0.001884635077 0.02672355903 -0.04334660677
0.001884635077 0.02672355903 -0.03957733661
0.001884635077 0.02672355903 -0.03203879631
0.001884635077 0.02672355903 -0.02826952615
0.001884635077 0.02672355903 -0.024500256
0.001884635077 0.02672355903 -0.02073098585
0.001884635077 0.02672355903 -0.01319244554
0.001884635077 0.02672355903 -0.009423175384
0.001884635077 0.02672355903 -0.005653905231
0.001884635077 0.02672355903 -0.001884635077
0.001884635077 0.02672355903 0.005653905231
0.001884635077 0.02672355903 0.009423175384
0.001884635077 0.02672355903 0.01319244554
0.001884635077 0.02672355903 0.01696171569
0.001884635077 0.02672355903 0.024500256
0.001884635077 0.02672355903 0.02826952615
0.001884635077 0.02672355903 0.03203879631
0.001884635077 0.02672355903 0.03580806646
0.001884635077 0.02672355903 0.04334660677
0.001884635077 0.02672355903 0.04711587692
0.005653905231 0.02672355903 -0.04334660677
0.005653905231 0.02672355903 -0.03957733661
0.005653905231 0.02672355903 -0.03203879631
0.005653905231 0.02672355903 -0.02826952615
0.005653905231 0.02672355903 -0.024500256
0.005653905231 0.02672355903 -0.02073098585
0.005653905231 0.02672355903 -0.01319244554
0.005653905231 0.02672355903 -0.009423175384
0.005653905231 0.02672355903 -0.005653905231
0.005653905231 0.02672355903 -0.001884635077
0.005653905231 0.02672355903 0.005653905231
0.005653905231 0.02672355903 0.009423175384
0.005653905231 0.02672355903 0.01319244554
0.005653905231 0.02672355903 0.01696171569
0.005653905231 0.02672355903 0.02073098585
0.005653905231 0.02672355903 0.02826952615
0.005653905231 0.02672355903 0.03203879631
0.005653905231 0.02672355903 0.03580806646
0.005653905231 0.02672355903 0.03957733661
0.005653905231 0.02672355903 0.04711587692
0.009423175384 0.02672355903 -0.04334660677
0.009423175384 0.02672355903 -0.03957733661
0.009423175384 0.02672355903 -0.03580806646
0.009423175384 0.02672355903 -0.02826952615
0.009423175384 0.02672355903 -0.024500256
0.009423175384 0.02672355903 -0.02073098585
0.009423175384 0.02672355903 -0.01696171569
0.009423175384 0.02672355903 -0.009423175384
0.009423175384 0.02672355903 -0.005653905231
0.009423175384 0.02672355903 -0.001884635077
0.009423175384 0.02672355903 0.001884635077
0.009423175384 0.02672355903 0.009423175384
0.009423175384 0.02672355903 0.01319244554
0.009423175384 0.02672355903 0.01696171569
0.009423175384 0.02672355903 0.02073098585
0.009423175384 0.02672355903 0.02826952615
0.009423175384 0.02672355903 0.03203879631
0.009423175384 0.02672355903 0.03580806646
0.009423175384 0.02672355903 0.03957733661
0.01319244554 0.02672355903 -0.04334660677
0.01319244554 0.02672355903 -0.03957733661
0.01319244554 0.02672355903 -0.03580806646
0.01319244554 0.02672355903 -0.03203879631
0.01319244554 0.02672355903 -0.024500256
0.01319244554 0.02672355903 -0.02073098585
0.01319244554 0.02672355903 -0.01696171569
0.01319244554 0.02672355903 -0.01319244554
0.01319244554 0.02672355903 -0.005653905231
0.01319244554 0.02672355903 -0.001884635077
0.01319244554 0.02672355903 0.001884635077
0.01319244554 0.02672355903 0.005653905231
0.01319244554 0.02672355903 0.01319244554
0.01319244554 0.02672355903 0.01696171569
0.01319244554 0.02672355903 0.02073098585
0.01319244554 0.02672355903 0.024500256
0.01319244554 0.02672355903 0.03203879631
0.01319244554 0.02672355903 0.03580806646
0.01319244554 0.02672355903 0.03957733661
0.01319244554 0.02672355903 0.04334660677
0.01696171569 0.02672355903 -0.03957733661
0.01696171569 0.02672355903 -0.03580806646
0.01696171569 0.02672355903 -0.03203879631
0.01696171569 0.02672355903 -0.02826952615
0.01696171569 0.02672355903 -0.02073098585
0.01696171569 0.02672355903 -0.01696171569
0.01696171569 0.02672355903 -0.01319244554
0.01696171569 0.02672355903 -0.009423175384
0.01696171569 0.02672355903 -0.001884635077
0.01696171569 0.02672355903 0.001884635077
0.01696171569 0.02672355903 0.005653905231
0.01696171569 0.02672355903 0.009423175384
0.01696171569 0.02672355903 0.01696171569
0.01696171569 0.02672355903 0.02073098585
0.01696171569 0.02672355903 0.024500256
0.01696171569 0.02672355903 0.02826952615
0.01696171569 0.02672355903 0.03580806646
0.01696171569 0.02672355903 0.03957733661
0.01696171569 0.02672355903 0.04334660677
0.02073098585 0.02672355903 -0.03957733661
0.02073098585 0.02672355903 -0.03203879631
0.02073098585 0.02672355903 -0.02826952615
0.02073098585 0.02672355903 -0.024500256
0.02073098585 0.02672355903 -0.02073098585
0.02073098585 0.02672355903 -0.01319244554
0.02073098585 0.02672355903 -0.009423175384
0.02073098585 0.02672355903 -0.005653905231
0.02073098585 0.02672355903 -0.001884635077
0.02073098585 0.02672355903 0.005653905231
0.02073098585 0.02672355903 0.009423175384
0.02073098585 0.02672355903 0.01319244554
0.02073098585 0.02672355903 0.01696171569
0.02073098585 0.02672355903 0.024500256
0.02073098585 0.02672355903 0.02826952615
0.02073098585 0.02672355903 0.03203879631
0.02073098585 0.02672355903 0.03580806646
0.02073098585 0.02672355903 0.03957733661
0.024500256 0.02672355903 -0.03580806646
0.024500256 0.02672355903 -0.03203879631
0.024500256 0.02672355903 -0.02826952615
0.024500256 0.02672355903 -0.024500256
0.024500256 0.02672355903 -0.01696171569
0.024500256 0.02672355903 -0.01319244554
0.024500256 0.02672355903 -0.009423175384
0.024500256 0.02672355903 -0.005653905231
0.024500256 0.02672355903 0.001884635077
0.024500256 0.02672355903 0.005653905231
0.024500256 0.02672355903 0.009423175384
0.024500256 0.02672355903 0.01319244554
0.024500256 0.02672355903 0.02073098585
0.024500256 0.02672355903 0.024500256
0.024500256 0.02672355903 0.02826952615
0.024500256 0.02672355903 0.03203879631
0.024500256 0.02672355903 0.03957733661
0.02826952615 0.02672355903 -0.03580806646
0.02826952615 0.02672355903 -0.03203879631
0.02826952615 0.02672355903 -0.02826952615
0.02826952615 0.02672355903 -0.02073098585
0.02826952615 0.02672355903 -0.01696171569
0.02826952615 0.02672355903 -0.01319244554
0.02826952615 0.02672355903 -0.009423175384
0.02826952615 0.02672355903 -0.001884635077
0.02826952615 0.02672355903 0.001884635077
0.02826952615 0.02672355903 0.005653905231
0.02826952615 0.02672355903 0.009423175384
0.02826952615 0.02672355903 0.01696171569
0.02826952615 0.02672355903 0.02073098585
0.02826952615 0.02672355903 0.024500256
0.02826952615 0.02672355903 0.02826952615
0.02826952615 0.02672355903 0.03580806646
0.03203879631 0.02672355903 -0.03203879631
0.03203879631 0.02672355903 -0.02826952615
0.03203879631 0.02672355903 -0.024500256
0.03203879631 0.02672355903 -0.01696171569
0.03203879631 0.02672355903 -0.01319244554
0.03203879631 0.02672355903 -0.009423175384
0.03203879631 0.02672355903 -0.005653905231
0.03203879631 0.02672355903 0.001884635077
0.03203879631 0.02672355903 0.005653905231
0.03203879631 0.02672355903 0.009423175384
0.03203879631 0.02672355903 0.01319244554
0.03203879631 0.02672355903 0.02073098585
0.03203879631 0.02672355903 0.024500256
0.03203879631 0.02672355903 0.02826952615
0.03203879631 0.02672355903 0.03203879631
0.03580806646 0.02672355903 -0.024500256
0.03580806646 0.02672355903 -0.02073098585
0.03580806646 0.02672355903 -0.01696171569
0.03580806646 0.02672355903 -0.01319244554
0.03580806646 0.02672355903 -0.005653905231
0.03580806646 0.02672355903 -0.001884635077
0.03580806646 0.02672355903 0.001884635077
0.03580806646 0.02672355903 0.005653905231
0.03580806646 0.02672355903 0.01319244554
0.03580806646 0.02672355903 0.01696171569
0.03580806646 0.02672355903 0.02073098585
0.03580806646 0.02672355903 0.024500256
0.03957733661 0.02672355903 -0.024500256
0.03957733661 0.02672355903 -0.02073098585
0.03957733661 0.02672355903 -0.01696171569
0.03957733661 0.02672355903 -0.01319244554
0.03957733661 0.02672355903 -0.005653905231
0.03957733661 0.02672355903 -0.001884635077
0.03957733661 0.02672355903 0.001884635077
0.03957733661 0.02672355903 0.005653905231
0.03957733661 0.02672355903 0.01319244554
0.03957733661 0.02672355903 0.01696171569
0.03957733661 0.02672355903 0.02073098585
0.03957733661 0.02672355903 0.024500256
0.04334660677 0.02672355903 -0.01319244554
0.04334660677 0.02672355903 -0.009423175384
0.04334660677 0.02672355903 -0.005653905231
0.04334660677 0.02672355903 -0.001884635077
0.04334660677 0.02672355903 0.005653905231
0.04334660677 0.02672355903 0.009423175384
0.04334660677 0.02672355903 0.01319244554
0.04334660677 0.02672355903 0.01696171569
0.04711587692 0.02672355903 -0.005653905231
0.04711587692 0.02672355903 0.001884635077
0.04711587692 0.02672355903 0.005653905231
-0.04523124185 0.02980115522 -0.01507708062
-0.04523124185 0.02980115522 -0.01130781046
-0.04523124185 0.02980115522 -0.003769270154
-0.04523124185 0.02980115522 4.33680869e-18
-0.04523124185 0.02980115522 0.003769270154
-0.04523124185 0.02980115522 0.007538540308
-0.04523124185 0.02980115522 0.01507708062
-0.04146197169 0.02980115522 -0.02261562092
-0.04146197169 0.02980115522 -0.01884635077
-0.04146197169 0.02980115522 -0.01507708062
-0.04146197169 0.02980115522 -0.007538540308
-0.04146197169 0.02980115522 -0.003769270154
-0.04146197169 0.02980115522 4.33680869e-18
-0.04146197169 0.02980115522 0.003769270154
-0.04146197169 0.02980115522 0.01130781046
-0.04146197169 0.02980115522 0.01507708062
-0.04146197169 0.02980115522 0.01884635077
-0.04146197169 0.02980115522 0.02261562092
-0.03769270154 0.02980115522 -0.02261562092
-0.03769270154 0.02980115522 -0.01884635077
-0.03769270154 0.02980115522 -0.01507708062
-0.03769270154 0.02980115522 -0.01130781046
-0.03769270154 0.02980115522 -0.003769270154
-0.03769270154 0.02980115522 4.33680869e-18
-0.03769270154 0.02980115522 0.003769270154
-0.03769270154 0.02980115522 0.007538540308
-0.03769270154 0.02980115522 0.01507708062
-0.03769270154 0.02980115522 0.01884635077
-0.03769270154 0.02980115522 0.02261562092
-0.03769270154 0.02980115522 0.02638489108
-0.03392343138 0.02980115522 -0.02638489108
-0.03392343138 0.02980115522 -0.02261562092
-0.03392343138 0.02980115522 -0.01884635077
-0.03392343138 0.02980115522 -0.01507708062
-0.03392343138 0.02980115522 -0.007538540308
-0.03392343138 0.02980115522 -0.003769270154
-0.03392343138 0.02980115522 4.33680869e-18
-0.03392343138 0.02980115522 0.003769270154
-0.03392343138 0.02980115522 0.01130781046
-0.03392343138 0.02980115522 0.01507708062
-0.03392343138 0.02980115522 0.01884635077
-0.03392343138 0.02980115522 0.02261562092
-0.03392343138 0.02980115522 0.03015416123
-0.03015416123 0.02980115522 -0.03392343138
-0.03015416123 0.02980115522 -0.03015416123
-0.03015416123 0.02980115522 -0.02638489108
-0.03015416123 0.02980115522 -0.01884635077
-0.03015416123 0.02980115522 -0.01507708062
-0.03015416123 0.02980115522 -0.01130781046
-0.03015416123 0.02980115522 -0.007538540308
-0.03015416123 0.02980115522 4.33680869e-18
-0.03015416123 0.02980115522 0.003769270154
-0.03015416123 0.02980115522 0.007538540308
-0.03015416123 0.02980115522 0.01130781046
-0.03015416123 0.02980115522 0.01884635077
-0.03015416123 0.02980115522 0.02261562092
-0.03015416123 0.02980115522 0.02638489108
-0.03015416123 0.02980115522 0.03015416123
-0.02638489108 0.02980115522 -0.03769270154
-0.02638489108 0.02980115522 -0.03392343138
-0.02638489108 0.02980115522 -0.03015416123
-0.02638489108 0.02980115522 -0.02638489108
-0.02638489108 0.02980115522 -0.01884635077
-0.02638489108 0.02980115522 -0.01507708062
-0.02638489108 0.02980115522 -0.01130781046
-0.02638489108 0.02980115522 -0.007538540308
-0.02638489108 0.02980115522 4.33680869e-18
-0.02638489108 0.02980115522 0.003769270154
-0.02638489108 0.02980115522 0.007538540308
-0.02638489108 0.02980115522 0.01130781046
-0.02638489108 0.02980115522 0.01884635077
-0.02638489108 0.02980115522 0.02261562092
-0.02638489108 0.02980115522 0.02638489108
-0.02638489108 0.02980115522 0.03015416123
-0.02638489108 0.02980115522 0.03769270154
-0.02261562092 0.02980115522 -0.04146197169
-0.02261562092 0.02980115522 -0.03769270154
-0.02261562092 0.02980115522 -0.03392343138
-0.02261562092 0.02980115522 -0.03015416123
-0.02261562092 0.02980115522 -0.02261562092
-0.02261562092 0.02980115522 -0.01884635077
-0.02261562092 0.02980115522 -0.01507708062
-0.02261562092 0.02980115522 -0.01130781046
-0.02261562092 0.02980115522 -0.003769270154
-0.02261562092 0.02980115522 4.33680869e-18
-0.02261562092 0.02980115522 0.003769270154
-0.02261562092 0.02980115522 0.007538540308
-0.02261562092 0.02980115522 0.01507708062
-0.02261562092 0.02980115522 0.01884635077
-0.02261562092 0.02980115522 0.02261562092
-0.02261562092 0.02980115522 0.02638489108
-0.02261562092 0.02980115522 0.03392343138
-0.02261562092 0.02980115522 0.03769270154
-0.02261562092 0.02980115522 0.04146197169
-0.01884635077 0.02980115522 -0.04146197169
-0.01884635077 0.02980115522 -0.03392343138
-0.01884635077 0.02980115522 -0.03015416123
-0.01884635077 0.02980115522 -0.02638489108
-0.01884635077 0.02980115522 -0.02261562092
-0.01884635077 0.02980115522 -0.01507708062
-0.01884635077 0.02980115522 -0.01130781046
-0.01884635077 0.02980115522 -0.007538540308
-0.01884635077 0.02980115522 -0.003769270154
-0.01884635077 0.02980115522 0.003769270154
-0.01884635077 0.02980115522 0.007538540308
-0.01884635077 0.02980115522 0.01130781046
-0.01884635077 0.02980115522 0.01507708062
-0.01884635077 0.02980115522 0.02261562092
-0.01884635077 0.02980115522 0.02638489108
-0.01884635077 0.02980115522 0.03015416123
-0.01884635077 0.02980115522 0.03392343138
-0.01884635077 0.02980115522 0.04146197169
-0.01507708062 0.02980115522 -0.04523124185
-0.01507708062 0.02980115522 -0.04146197169
-0.01507708062 0.02980115522 -0.03769270154
-0.01507708062 0.02980115522 -0.03015416123
-0.01507708062 0.02980115522 -0.02638489108
-0.01507708062 0.02980115522 -0.02261562092
-0.01507708062 0.02980115522 -0.01884635077
-0.01507708062 0.02980115522 -0.01130781046
-0.01507708062 0.02980115522 -0.007538540308
-0.01507708062 0.02980115522 -0.003769270154
-0.01507708062 0.02980115522 4.33680869e-18
-0.01507708062 0.02980115522 0.007538540308
-0.01507708062 0.02980115522 0.01130781046
-0.01507708062 0.02980115522 0.01507708062
-0.01507708062 0.02980115522 0.01884635077
-0.01507708062 0.02980115522 0.02638489108
-0.01507708062 0.02980115522 0.03015416123
-0.01507708062 0.02980115522 0.03392343138
-0.01507708062 0.02980115522 0.03769270154
-0.01507708062 0.02980115522 0.04523124185
-0.01130781046 0.02980115522 -0.04523124185
-0.01130781046 0.02980115522 -0.04146197169
-0.01130781046 0.02980115522 -0.03769270154
-0.01130781046 0.02980115522 -0.03015416123
-0.01130781046 0.02980115522 -0.02638489108
-0.01130781046 0.02980115522 -0.02261562092
-0.01130781046 0.02980115522 -0.01884635077
-0.01130781046 0.02980115522 -0.01130781046
-0.01130781046 0.02980115522 -0.007538540308
-0.01130781046 0.02980115522 -0.003769270154
-0.01130781046 0.02980115522 4.33680869e-18
-0.01130781046 0.02980115522 0.007538540308
-0.01130781046 0.02980115522 0.01130781046
-0.01130781046 0.02980115522 0.01507708062
-0.01130781046 0.02980115522 0.01884635077
-0.01130781046 0.02980115522 0.02638489108
-0.01130781046 0.02980115522 0.03015416123
-0.01130781046 0.02980115522 0.03392343138
-0.01130781046 0.02980115522 0.03769270154
-0.01130781046 0.02980115522 0.04523124185
-0.007538540308 0.02980115522 -0.04523124185
-0.007538540308 0.02980115522 -0.04146197169
-0.007538540308 0.02980115522 -0.03769270154
-0.007538540308 0.02980115522 -0.03015416123
-0.007538540308 0.02980115522 -0.02638489108
-0.007538540308 0.02980115522 -0.02261562092
-0.007538540308 0.02980115522 -0.01884635077
-0.007538540308 0.02980115522 -0.01507708062
-0.007538540308 0.02980115522 -0.007538540308
-0.007538540308 0.02980115522 -0.003769270154
-0.007538540308 0.02980115522 4.33680869e-18
-0.007538540308 0.02980115522 0.003769270154
-0.007538540308 0.02980115522 0.01130781046
-0.007538540308 0.02980115522 0.01507708062
-0.007538540308 0.02980115522 0.01884635077
-0.007538540308 0.02980115522 0.02261562092
-0.007538540308 0.02980115522 0.03015416123
-0.007538540308 0.02980115522 0.03392343138
-0.007538540308 0.02980115522 0.03769270154
-0.007538540308 0.02980115522 0.04146197169
-0.003769270154 0.02980115522 -0.04523124185
-0.003769270154 0.02980115522 -0.04146197169
-0.003769270154 0.02980115522 -0.03769270154
-0.003769270154 0.02980115522 -0.03392343138
-0.003769270154 0.02980115522 -0.02638489108
-0.003769270154 0.02980115522 -0.02261562092
-0.003769270154 0.02980115522 -0.01884635077
-0.003769270154 0.02980115522 -0.01507708062
-0.003769270154 0.02980115522 -0.007538540308
-0.003769270154 0.02980115522 -0.003769270154
-0.003769270154 0.02980115522 4.33680869e-18
-0.003769270154 0.02980115522 0.003769270154
-0.003769270154 0.02980115522 0.01130781046
-0.003769270154 0.02980115522 0.01507708062
-0.003769270154 0.02980115522 0.01884635077
-0.003769270154 0.02980115522 0.02261562092
-0.003769270154 0.02980115522 0.03015416123
-0.003769270154 0.02980115522 0.03392343138
-0.003769270154 0.02980115522 0.03769270154
-0.003769270154 0.02980115522 0.04146197169
4.33680869e-18 0.02980115522 -0.04523124185
4.33680869e-18 0.02980115522 -0.04146197169
4.33680869e-18 0.02980115522 -0.03769270154
4.33680869e-18 0.02980115522 -0.03392343138
4.33680869e-18 0.02980115522 -0.02638489108
4.33680869e-18 0.02980115522 -0.02261562092
4.33680869e-18 0.02980115522 -0.01884635077
4.33680869e-18 0.02980115522 -0.01507708062
4.33680869e-18 0.02980115522 -0.007538540308
4.33680869e-18 0.02980115522 -0.003769270154
4.33680869e-18 0.02980115522 4.33680869e-18
4.33680869e-18 0.02980115522 0.003769270154
4.33680869e-18 0.02980115522 0.01130781046
4.33680869e-18 0.02980115522 0.01507708062
4.33680869e-18 0.02980115522 0.01884635077
4.33680869e-18 0.02980115522 0.02261562092
4.33680869e-18 0.02980115522 0.03015416123
4.33680869e-18 0.02980115522 0.03392343138
4.33680869e-18 0.02980115522 0.03769270154
4.33680869e-18 0.02980115522 0.04146197169
0.003769270154 0.02980115522 -0.04523124185
0.003769270154 0.02980115522 -0.04146197169
0.003769270154 0.02980115522 -0.03769270154
0.003769270154 0.02980115522 -0.03392343138
0.003769270154 0.02980115522 -0.02638489108
0.003769270154 0.02980115522 -0.02261562092
0.003769270154 0.02980115522 -0.01884635077
0.003769270154 0.02980115522 -0.01507708062
0.003769270154 0.02980115522 -0.007538540308
0.003769270154 0.02980115522 -0.003769270154
0.003769270154 0.02980115522 4.33680869e-18
0.003769270154 0.02980115522 0.003769270154
0.003769270154 0.02980115522 0.01130781046
0.003769270154 0.02980115522 0.01507708062
0.003769270154 0.02980115522 0.01884635077
0.003769270154 0.02980115522 0.02261562092
0.003769270154 0.02980115522 0.03015416123
0.003769270154 0.02980115522 0.03392343138
0.003769270154 0.02980115522 0.03769270154
0.003769270154 0.02980115522 0.04146197169
0.007538540308 0.02980115522 -0.04523124185
0.007538540308 0.02980115522 -0.04146197169
0.007538540308 0.02980115522 -0.03769270154
0.007538540308 0.02980115522 -0.03392343138
0.007538540308 0.02980115522 -0.02638489108
0.007538540308 0.02980115522 -0.02261562092
0.007538540308 0.02980115522 -0.01884635077
0.007538540308 0.02980115522 -0.01507708062
0.007538540308 0.02980115522 -0.01130781046
0.007538540308 0.02980115522 -0.003769270154
0.007538540308 0.02980115522 4.33680869e-18
0.007538540308 0.02980115522 0.003769270154
0.007538540308 0.02980115522 0.007538540308
0.007538540308 0.02980115522 0.01507708062
0.007538540308 0.02980115522 0.01884635077
0.007538540308 0.02980115522 0.02261562092
0.007538540308 0.02980115522 0.02638489108
0.007538540308 0.02980115522 0.03392343138
0.007538540308 0.02980115522 0.03769270154
0.007538540308 0.02980115522 0.04146197169
0.007538540308 0.02980115522 0.04523124185
0.01130781046 0.02980115522 -0.04146197169
0.01130781046 0.02980115522 -0.03769270154
0.01130781046 0.02980115522 -0.03392343138
0.01130781046 0.02980115522 -0.03015416123
0.01130781046 0.02980115522 -0.02261562092
0.01130781046 0.02980115522 -0.01884635077
0.01130781046 0.02980115522 -0.01507708062
0.01130781046 0.02980115522 -0.01130781046
0.01130781046 0.02980115522 -0.003769270154
0.01130781046 0.02980115522 4.33680869e-18
0.01130781046 0.02980115522 0.003769270154
0.01130781046 0.02980115522 0.007538540308
0.01130781046 0.02980115522 0.01507708062
0.01130781046 0.02980115522 0.01884635077
0.01130781046 0.02980115522 0.02261562092
0.01130781046 0.02980115522 0.02638489108
0.01130781046 0.02980115522 0.03392343138
0.01130781046 0.02980115522 0.03769270154
0.01130781046 0.02980115522 0.04146197169
0.01130781046 0.02980115522 0.04523124185
0.01507708062 0.02980115522 -0.04146197169
0.01507708062 0.02980115522 -0.03769270154
0.01507708062 0.02980115522 -0.03392343138
0.01507708062 0.02980115522 -0.03015416123
0.01507708062 0.02980115522 -0.02261562092
0.01507708062 0.02980115522 -0.01884635077
0.01507708062 0.02980115522 -0.01507708062
0.01507708062 0.02980115522 -0.01130781046
0.01507708062 0.02980115522 -0.003769270154
0.01507708062 0.02980115522 4.33680869e-18
0.01507708062 0.02980115522 0.003769270154
0.01507708062 0.02980115522 0.007538540308
0.01507708062 0.02980115522 0.01507708062
0.01507708062 0.02980115522 0.01884635077
0.01507708062 0.02980115522 0.02261562092
0.01507708062 0.02980115522 0.02638489108
0.01507708062 0.02980115522 0.03392343138
0.01507708062 0.02980115522 0.03769270154
0.01507708062 0.02980115522 0.04146197169
0.01507708062 0.02980115522 0.04523124185
0.01884635077 0.02980115522 -0.03769270154
0.01884635077 0.02980115522 -0.03392343138
0.01884635077 0.02980115522 -0.03015416123
0.01884635077 0.02980115522 -0.02638489108
0.01884635077 0.02980115522 -0.01884635077
0.01884635077 0.02980115522 -0.01507708062
0.01884635077 0.02980115522 -0.01130781046
0.01884635077 0.02980115522 -0.007538540308
0.01884635077 0.02980115522 4.33680869e-18
0.01884635077 0.02980115522 0.003769270154
0.01884635077 0.02980115522 0.007538540308
0.01884635077 0.02980115522 0.01130781046
0.01884635077 0.02980115522 0.01884635077
0.01884635077 0.02980115522 0.02261562092
0.01884635077 0.02980115522 0.02638489108
0.01884635077 0.02980115522 0.03015416123
0.01884635077 0.02980115522 0.03769270154
0.01884635077 0.02980115522 0.04146197169
0.02261562092 0.02980115522 -0.04146197169
0.02261562092 0.02980115522 -0.03769270154
0.02261562092 0.02980115522 -0.03015416123
0.02261562092 0.02980115522 -0.02638489108
0.02261562092 0.02980115522 -0.02261562092
0.02261562092 0.02980115522 -0.01884635077
0.02261562092 0.02980115522 -0.01507708062
0.02261562092 0.02980115522 -0.007538540308
0.02261562092 0.02980115522 -0.003769270154
0.02261562092 0.02980115522 4.33680869e-18
0.02261562092 0.02980115522 0.003769270154
0.02261562092 0.02980115522 0.01130781046
0.02261562092 0.02980115522 0.01507708062
0.02261562092 0.02980115522 0.01884635077
0.02261562092 0.02980115522 0.02261562092
0.02261562092 0.02980115522 0.03015416123
0.02261562092 0.02980115522 0.03392343138
0.02261562092 0.02980115522 0.03769270154
0.02261562092 0.02980115522 0.04146197169
0.02638489108 0.02980115522 -0.03392343138
0.02638489108 0.02980115522 -0.03015416123
0.02638489108 0.02980115522 -0.02638489108
0.02638489108 0.02980115522 -0.02261562092
0.02638489108 0.02980115522 -0.01507708062
0.02638489108 0.02980115522 -0.01130781046
0.02638489108 0.02980115522 -0.007538540308
0.02638489108 0.02980115522 -0.003769270154
0.02638489108 0.02980115522 0.003769270154
0.02638489108 0.02980115522 0.007538540308
0.02638489108 0.02980115522 0.01130781046
0.02638489108 0.02980115522 0.01507708062
0.02638489108 0.02980115522 0.02261562092
0.02638489108 0.02980115522 0.02638489108
0.02638489108 0.02980115522 0.03015416123
0.02638489108 0.02980115522 0.03392343138
0.03015416123 0.02980115522 -0.03392343138
0.03015416123 0.02980115522 -0.03015416123
0.03015416123 0.02980115522 -0.02638489108
0.03015416123 0.02980115522 -0.02261562092
0.03015416123 0.02980115522 -0.01507708062
0.03015416123 0.02980115522 -0.01130781046
0.03015416123 0.02980115522 -0.007538540308
0.03015416123 0.02980115522 -0.003769270154
0.03015416123 0.02980115522 0.003769270154
0.03015416123 0.02980115522 0.007538540308
0.03015416123 0.02980115522 0.01130781046
0.03015416123 0.02980115522 0.01507708062
0.03015416123 0.02980115522 0.02261562092
0.03015416123 0.02980115522 0.02638489108
0.03015416123 0.02980115522 0.03015416123
0.03015416123 0.02980115522 0.03392343138
0.03392343138 0.02980115522 -0.02638489108
0.03392343138 0.02980115522 -0.02261562092
0.03392343138 0.02980115522 -0.01884635077
0.03392343138 0.02980115522 -0.01507708062
0.03392343138 0.02980115522 -0.007538540308
0.03392343138 0.02980115522 -0.003769270154
0.03392343138 0.02980115522 4.33680869e-18
0.03392343138 0.02980115522 0.003769270154
0.03392343138 0.02980115522 0.01130781046
0.03392343138 0.02980115522 0.01507708062
0.03392343138 0.02980115522 0.01884635077
0.03392343138 0.02980115522 0.02261562092
0.03392343138 0.02980115522 0.03015416123
0.03769270154 0.02980115522 -0.02638489108
0.03769270154 0.02980115522 -0.02261562092
0.03769270154 0.02980115522 -0.01884635077
0.03769270154 0.02980115522 -0.01130781046
0.03769270154 0.02980115522 -0.007538540308
0.03769270154 0.02980115522 -0.003769270154
0.03769270154 0.02980115522 4.33680869e-18
0.03769270154 0.02980115522 0.007538540308
0.03769270154 0.02980115522 0.01130781046
0.03769270154 0.02980115522 0.01507708062
0.03769270154 0.02980115522 0.01884635077
0.03769270154 0.02980115522 0.02638489108
0.04146197169 0.02980115522 -0.02261562092
0.04146197169 0.02980115522 -0.01884635077
0.04146197169 0.02980115522 -0.01507708062
0.04146197169 0.02980115522 -0.007538540308
0.04146197169 0.02980115522 -0.003769270154
0.04146197169 0.02980115522 4.33680869e-18
0.04146197169 0.02980115522 0.003769270154
0.04146197169 0.02980115522 0.01130781046
0.04146197169 0.02980115522 0.01507708062
0.04146197169 0.02980115522 0.01884635077
0.04146197169 0.02980115522 0.02261562092
0.04523124185 0.02980115522 -0.01507708062
0.04523124185 0.02980115522 -0.007538540308
0.04523124185 0.02980115522 -0.003769270154
0.04523124185 0.02980115522 4.33680869e-18
0.04523124185 0.02980115522 0.003769270154
0.04523124185 0.02980115522 0.01130781046
0.04523124185 0.02980115522 0.01507708062
-0.04334660677 0.03287875142 -0.01696171569
-0.04334660677 0.03287875142 -0.01319244554
-0.04334660677 0.03287875142 -0.005653905231
-0.04334660677 0.03287875142 -0.001884635077
-0.04334660677 0.03287875142 0.001884635077
-0.04334660677 0.03287875142 0.005653905231
-0.04334660677 0.03287875142 0.01319244554
-0.04334660677 0.03287875142 0.01696171569
-0.03957733661 0.03287875142 -0.024500256
-0.03957733661 0.03287875142 -0.02073098585
-0.03957733661 0.03287875142 -0.01319244554
-0.03957733661 0.03287875142 -0.009423175384
-0.03957733661 0.03287875142 -0.005653905231
-0.03957733661 0.03287875142 -0.001884635077
-0.03957733661 0.03287875142 0.005653905231
-0.03957733661 0.03287875142 0.009423175384
-0.03957733661 0.03287875142 0.01319244554
-0.03957733661 0.03287875142 0.01696171569
-0.03957733661 0.03287875142 0.024500256
-0.03580806646 0.03287875142 -0.02826952615
-0.03580806646 0.03287875142 -0.024500256
-0.03580806646 0.03287875142 -0.02073098585
-0.03580806646 0.03287875142 -0.01319244554
-0.03580806646 0.03287875142 -0.009423175384
-0.03580806646 0.03287875142 -0.005653905231
-0.03580806646 0.03287875142 -0.001884635077
-0.03580806646 0.03287875142 0.005653905231
-0.03580806646 0.03287875142 0.009423175384
-0.03580806646 0.03287875142 0.01319244554
-0.03580806646 0.03287875142 0.01696171569
-0.03580806646 0.03287875142 0.024500256
-0.03580806646 0.03287875142 0.02826952615
-0.03203879631 0.03287875142 -0.03203879631
-0.03203879631 0.03287875142 -0.02826952615
-0.03203879631 0.03287875142 -0.02073098585
-0.03203879631 0.03287875142 -0.01696171569
-0.03203879631 0.03287875142 -0.01319244554
-0.03203879631 0.03287875142 -0.009423175384
-0.03203879631 0.03287875142 -0.001884635077
-0.03203879631 0.03287875142 0.001884635077
-0.03203879631 0.03287875142 0.005653905231
-0.03203879631 0.03287875142 0.009423175384
-0.03203879631 0.03287875142 0.01696171569
-0.03203879631 0.03287875142 0.02073098585
-0.03203879631 0.03287875142 0.024500256
-0.03203879631 0.03287875142 0.02826952615
-0.02826952615 0.03287875142 -0.03580806646
-0.02826952615 0.03287875142 -0.03203879631
-0.02826952615 0.03287875142 -0.02826952615
-0.02826952615 0.03287875142 -0.024500256
-0.02826952615 0.03287875142 -0.01696171569
-0.02826952615 0.03287875142 -0.01319244554
-0.02826952615 0.03287875142 -0.009423175384
-0.02826952615 0.03287875142 -0.005653905231
-0.02826952615 0.03287875142 0.001884635077
-0.02826952615 0.03287875142 0.005653905231
-0.02826952615 0.03287875142 0.009423175384
-0.02826952615 0.03287875142 0.01319244554
-0.02826952615 0.03287875142 0.02073098585
-0.02826952615 0.03287875142 0.024500256
-0.02826952615 0.03287875142 0.02826952615
-0.02826952615 0.03287875142 0.03203879631
-0.024500256 0.03287875142 -0.03957733661
-0.024500256 0.03287875142 -0.03580806646
-0.024500256 0.03287875142 -0.03203879631
-0.024500256 0.03287875142 -0.02826952615
-0.024500256 0.03287875142 -0.02073098585
-0.024500256 0.03287875142 -0.01696171569
-0.024500256 0.03287875142 -0.01319244554
-0.024500256 0.03287875142 -0.009423175384
-0.024500256 0.03287875142 -0.001884635077
-0.024500256 0.03287875142 0.001884635077
-0.024500256 0.03287875142 0.005653905231
-0.024500256 0.03287875142 0.009423175384
-0.024500256 0.03287875142 0.01319244554
-0.024500256 0.03287875142 0.02073098585
-0.024500256 0.03287875142 0.024500256
-0.024500256 0.03287875142 0.02826952615
-0.024500256 0.03287875142 0.03203879631
-0.024500256 0.03287875142 0.03957733661
-0.02073098585 0.03287875142 -0.03957733661
-0.02073098585 0.03287875142 -0.03580806646
-0.02073098585 0.03287875142 -0.03203879631
-0.02073098585 0.03287875142 -0.024500256
-0.02073098585 0.03287875142 -0.02073098585
-0.02073098585 0.03287875142 -0.01696171569
-0.02073098585 0.03287875142 -0.01319244554
-0.02073098585 0.03287875142 -0.005653905231
-0.02073098585 0.03287875142 -0.001884635077
-0.02073098585 0.03287875142 0.001884635077
-0.02073098585 0.03287875142 0.005653905231
-0.02073098585 0.03287875142 0.01319244554
-0.02073098585 0.03287875142 0.01696171569
-0.02073098585 0.03287875142 0.02073098585
-0.02073098585 0.03287875142 0.024500256
-0.02073098585 0.03287875142 0.03203879631
-0.02073098585 0.03287875142 0.03580806646
-0.02073098585 0.03287875142 0.03957733661
-0.01696171569 0.03287875142 -0.04334660677
-0.01696171569 0.03287875142 -0.03580806646
-0.01696171569 0.03287875142 -0.03203879631
-0.01696171569 0.03287875142 -0.02826952615
-0.01696171569 0.03287875142 -0.024500256
-0.01696171569 0.03287875142 -0.01696171569
-0.01696171569 0.03287875142 -0.01319244554
-0.01696171569 0.03287875142 -0.009423175384
-0.01696171569 0.03287875142 -0.005653905231
-0.01696171569 0.03287875142 0.001884635077
-0.01696171569 0.03287875142 0.005653905231
-0.01696171569 0.03287875142 0.009423175384
-0.01696171569 0.03287875142 0.01319244554
-0.01696171569 0.03287875142 0.02073098585
-0.01696171569 0.03287875142 0.024500256
-0.01696171569 0.03287875142 0.02826952615
-0.01696171569 0.03287875142 0.03203879631
-0.01696171569 0.03287875142 0.03957733661
-0.01696171569 0.03287875142 0.04334660677
-0.01319244554 0.03287875142 -0.04334660677
-0.01319244554 0.03287875142 -0.03957733661
-0.01319244554 0.03287875142 -0.03203879631
-0.01319244554 0.03287875142 -0.02826952615
-0.01319244554 0.03287875142 -0.024500256
-0.01319244554 0.03287875142 -0.02073098585
-0.01319244554 0.03287875142 -0.01319244554
-0.01319244554 0.03287875142 -0.009423175384
-0.01319244554 0.03287875142 -0.005653905231
-0.01319244554 0.03287875142 -0.001884635077
-0.01319244554 0.03287875142 0.005653905231
-0.01319244554 0.03287875142 0.009423175384
-0.01319244554 0.03287875142 0.01319244554
-0.01319244554 0.03287875142 0.01696171569
-0.01319244554 0.03287875142 0.024500256
-0.01319244554 0.03287875142 0.02826952615
-0.01319244554 0.03287875142 0.03203879631
-0.01319244554 0.03287875142 0.03580806646
-0.01319244554 0.03287875142 0.04334660677
-0.009423175384 0.03287875142 -0.04334660677
-0.009423175384 0.03287875142 -0.03957733661
-0.009423175384 0.03287875142 -0.03580806646
-0.009423175384 0.03287875142 -0.02826952615
-0.009423175384 0.03287875142 -0.024500256
-0.009423175384 0.03287875142 -0.02073098585
-0.009423175384 0.03287875142 -0.01696171569
-0.009423175384 0.03287875142 -0.009423175384
-0.009423175384 0.03287875142 -0.005653905231
-0.009423175384 0.03287875142 -0.001884635077
-0.009423175384 0.03287875142 0.001884635077
-0.009423175384 0.03287875142 0.009423175384
-0.009423175384 0.03287875142 0.01319244554
-0.009423175384 0.03287875142 0.01696171569
-0.009423175384 0.03287875142 0.02073098585
-0.009423175384 0.03287875142 0.02826952615
-0.009423175384 0.03287875142 0.03203879631
-0.009423175384 0.03287875142 0.03580806646
-0.009423175384 0.03287875142 0.03957733661
-0.009423175384 0.03287875142 0.04334660677
-0.005653905231 0.03287875142 -0.03957733661
-0.005653905231 0.03287875142 -0.03580806646
-0.005653905231 0.03287875142 -0.03203879631
-0.005653905231 0.03287875142 -0.02826952615
-0.005653905231 0.03287875142 -0.02073098585
-0.005653905231 0.03287875142 -0.01696171569
-0.005653905231 0.03287875142 -0.01319244554
-0.005653905231 0.03287875142 -0.009423175384
-0.005653905231 0.03287875142 -0.001884635077
-0.005653905231 0.03287875142 0.001884635077
-0.005653905231 0.03287875142 0.005653905231
-0.005653905231 0.03287875142 0.009423175384
-0.005653905231 0.03287875142 0.01696171569
-0.005653905231 0.03287875142 0.02073098585
-0.005653905231 0.03287875142 0.024500256
-0.005653905231 0.03287875142 0.02826952615
-0.005653905231 0.03287875142 0.03580806646
-0.005653905231 0.03287875142 0.03957733661
-0.005653905231 0.03287875142 0.04334660677
-0.005653905231 0.03287875142 0.04711587692
-0.001884635077 0.03287875142 -0.03957733661
-0.001884635077 0.03287875142 -0.03580806646
-0.001884635077 0.03287875142 -0.03203879631
-0.001884635077 0.03287875142 -0.02826952615
-0.001884635077 0.03287875142 -0.02073098585
-0.001884635077 0.03287875142 -0.01696171569
-0.001884635077 0.03287875142 -0.01319244554
-0.001884635077 0.03287875142 -0.009423175384
-0.001884635077 0.03287875142 -0.001884635077
-0.001884635077 0.03287875142 0.001884635077
-0.001884635077 0.03287875142 0.005653905231
-0.001884635077 0.03287875142 0.009423175384
-0.001884635077 0.03287875142 0.01696171569
-0.001884635077 0.03287875142 0.02073098585
-0.001884635077 0.03287875142 0.024500256
-0.001884635077 0.03287875142 0.02826952615
-0.001884635077 0.03287875142 0.03580806646
-0.001884635077 0.03287875142 0.03957733661
-0.001884635077 0.03287875142 0.04334660677
-0.001884635077 0.03287875142 0.04711587692
0.001884635077 0.03287875142 -0.03957733661
0.001884635077 0.03287875142 -0.03580806646
0.001884635077 0.03287875142 -0.03203879631
0.001884635077 0.03287875142 -0.02826952615
0.001884635077 0.03287875142 -0.02073098585
0.001884635077 0.03287875142 -0.01696171569
0.001884635077 0.03287875142 -0.01319244554
0.001884635077 0.03287875142 -0.009423175384
0.001884635077 0.03287875142 -0.001884635077
0.001884635077 0.03287875142 0.001884635077
0.001884635077 0.03287875142 0.005653905231
0.001884635077 0.03287875142 0.009423175384
0.001884635077 0.03287875142 0.01696171569
0.001884635077 0.03287875142 0.02073098585
0.001884635077 0.03287875142 0.024500256
0.001884635077 0.03287875142 0.02826952615
0.001884635077 0.03287875142 0.03580806646
0.001884635077 0.03287875142 0.03957733661
0.001884635077 0.03287875142 0.04334660677
0.001884635077 0.03287875142 0.04711587692
0.005653905231 0.03287875142 -0.03957733661
0.005653905231 0.03287875142 -0.03580806646
0.005653905231 0.03287875142 -0.03203879631
0.005653905231 0.03287875142 -0.02826952615
0.005653905231 0.03287875142 -0.02073098585
0.005653905231 0.03287875142 -0.01696171569
0.005653905231 0.03287875142 -0.01319244554
0.005653905231 0.03287875142 -0.009423175384
0.005653905231 0.03287875142 -0.001884635077
0.005653905231 0.03287875142 0.001884635077
0.005653905231 0.03287875142 0.005653905231
0.005653905231 0.03287875142 0.009423175384
0.005653905231 0.03287875142 0.01696171569
0.005653905231 0.03287875142 0.02073098585
0.005653905231 0.03287875142 0.024500256
0.005653905231 0.03287875142 0.02826952615
0.005653905231 0.03287875142 0.03580806646
0.005653905231 0.03287875142 0.03957733661
0.005653905231 0.03287875142 0.04334660677
0.005653905231 0.03287875142 0.04711587692
0.009423175384 0.03287875142 -0.04334660677
0.009423175384 0.03287875142 -0.03580806646
0.009423175384 0.03287875142 -0.03203879631
0.009423175384 0.03287875142 -0.02826952615
0.009423175384 0.03287875142 -0.024500256
0.009423175384 0.03287875142 -0.01696171569
0.009423175384 0.03287875142 -0.01319244554
0.009423175384 0.03287875142 -0.009423175384
0.009423175384 0.03287875142 -0.005653905231
0.009423175384 0.03287875142 0.001884635077
0.009423175384 0.03287875142 0.005653905231
0.009423175384 0.03287875142 0.009423175384
0.009423175384 0.03287875142 0.01319244554
0.009423175384 0.03287875142 0.02073098585
0.009423175384 0.03287875142 0.024500256
0.009423175384 0.03287875142 0.02826952615
0.009423175384 0.03287875142 0.03203879631
0.009423175384 0.03287875142 0.03957733661
0.009423175384 0.03287875142 0.04334660677
0.01319244554 0.03287875142 -0.04334660677
0.01319244554 0.03287875142 -0.03957733661
0.01319244554 0.03287875142 -0.03203879631
0.01319244554 0.03287875142 -0.02826952615
0.01319244554 0.03287875142 -0.024500256
0.01319244554 0.03287875142 -0.02073098585
0.01319244554 0.03287875142 -0.01319244554
0.01319244554 0.03287875142 -0.009423175384
0.01319244554 0.03287875142 -0.005653905231
0.01319244554 0.03287875142 -0.001884635077
0.01319244554 0.03287875142 0.005653905231
0.01319244554 0.03287875142 0.009423175384
0.01319244554 0.03287875142 0.01319244554
0.01319244554 0.03287875142 0.01696171569
0.01319244554 0.03287875142 0.024500256
0.01319244554 0.03287875142 0.02826952615
0.01319244554 0.03287875142 0.03203879631
0.01319244554 0.03287875142 0.03580806646
0.01319244554 0.03287875142 0.04334660677
0.01696171569 0.03287875142 -0.04334660677
0.01696171569 0.03287875142 -0.03957733661
0.01696171569 0.03287875142 -0.03580806646
0.01696171569 0.03287875142 -0.02826952615
0.01696171569 0.03287875142 -0.024500256
0.01696171569 0.03287875142 -0.02073098585
0.01696171569 0.03287875142 -0.01696171569
0.01696171569 0.03287875142 -0.009423175384
0.01696171569 0.03287875142 -0.005653905231
0.01696171569 0.03287875142 -0.001884635077
0.01696171569 0.03287875142 0.001884635077
0.01696171569 0.03287875142 0.009423175384
0.01696171569 0.03287875142 0.01319244554
0.01696171569 0.03287875142 0.01696171569
0.01696171569 0.03287875142 0.02073098585
0.01696171569 0.03287875142 0.02826952615
0.01696171569 0.03287875142 0.03203879631
0.01696171569 0.03287875142 0.03580806646
0.01696171569 0.03287875142 0.03957733661
0.02073098585 0.03287875142 -0.03957733661
0.02073098585 0.03287875142 -0.03580806646
0.02073098585 0.03287875142 -0.03203879631
0.02073098585 0.03287875142 -0.02826952615
0.02073098585 0.03287875142 -0.02073098585
0.02073098585 0.03287875142 -0.01696171569
0.02073098585 0.03287875142 -0.01319244554
0.02073098585 0.03287875142 -0.009423175384
0.02073098585 0.03287875142 -0.001884635077
0.02073098585 0.03287875142 0.001884635077
0.02073098585 0.03287875142 0.005653905231
0.02073098585 0.03287875142 0.009423175384
0.02073098585 0.03287875142 0.01696171569
0.02073098585 0.03287875142 0.02073098585
0.02073098585 0.03287875142 0.024500256
0.02073098585 0.03287875142 0.02826952615
0.02073098585 0.03287875142 0.03580806646
0.02073098585 0.03287875142 0.03957733661
0.024500256 0.03287875142 -0.03957733661
0.024500256 0.03287875142 -0.03580806646
0.024500256 0.03287875142 -0.02826952615
0.024500256 0.03287875142 -0.024500256
0.024500256 0.03287875142 -0.02073098585
0.024500256 0.03287875142 -0.01696171569
0.024500256 0.03287875142 -0.01319244554
0.024500256 0.03287875142 -0.005653905231
0.024500256 0.03287875142 -0.001884635077
0.024500256 0.03287875142 0.001884635077
0.024500256 0.03287875142 0.005653905231
0.024500256 0.03287875142 0.01319244554
0.024500256 0.03287875142 0.01696171569
0.024500256 0.03287875142 0.02073098585
0.024500256 0.03287875142 0.024500256
0.024500256 0.03287875142 0.03203879631
0.024500256 0.03287875142 0.03580806646
0.024500256 0.03287875142 0.03957733661
0.02826952615 0.03287875142 -0.03580806646
0.02826952615 0.03287875142 -0.02826952615
0.02826952615 0.03287875142 -0.024500256
0.02826952615 0.03287875142 -0.02073098585
0.02826952615 0.03287875142 -0.01696171569
0.02826952615 0.03287875142 -0.009423175384
0.02826952615 0.03287875142 -0.005653905231
0.02826952615 0.03287875142 -0.001884635077
0.02826952615 0.03287875142 0.001884635077
0.02826952615 0.03287875142 0.009423175384
0.02826952615 0.03287875142 0.01319244554
0.02826952615 0.03287875142 0.01696171569
0.02826952615 0.03287875142 0.02073098585
0.02826952615 0.03287875142 0.02826952615
0.02826952615 0.03287875142 0.03203879631
0.02826952615 0.03287875142 0.03580806646
0.03203879631 0.03287875142 -0.03203879631
0.03203879631 0.03287875142 -0.024500256
0.03203879631 0.03287875142 -0.02073098585
0.03203879631 0.03287875142 -0.01696171569
0.03203879631 0.03287875142 -0.01319244554
0.03203879631 0.03287875142 -0.005653905231
0.03203879631 0.03287875142 -0.001884635077
0.03203879631 0.03287875142 0.001884635077
0.03203879631 0.03287875142 0.005653905231
0.03203879631 0.03287875142 0.01319244554
0.03203879631 0.03287875142 0.01696171569
0.03203879631 0.03287875142 0.02073098585
0.03203879631 0.03287875142 0.024500256
0.03203879631 0.03287875142 0.03203879631
0.03580806646 0.03287875142 -0.02826952615
0.03580806646 0.03287875142 -0.024500256
0.03580806646 0.03287875142 -0.02073098585
0.03580806646 0.03287875142 -0.01319244554
0.03580806646 0.03287875142 -0.009423175384
0.03580806646 0.03287875142 -0.005653905231
0.03580806646 0.03287875142 -0.001884635077
0.03580806646 0.03287875142 0.005653905231
0.03580806646 0.03287875142 0.009423175384
0.03580806646 0.03287875142 0.01319244554
0.03580806646 0.03287875142 0.01696171569
0.03580806646 0.03287875142 0.024500256
0.03580806646 0.03287875142 0.02826952615
0.03957733661 0.03287875142 -0.024500256
0.03957733661 0.03287875142 -0.02073098585
0.03957733661 0.03287875142 -0.01319244554
0.03957733661 0.03287875142 -0.009423175384
0.03957733661 0.03287875142 -0.005653905231
0.03957733661 0.03287875142 -0.001884635077
0.03957733661 0.03287875142 0.005653905231
0.03957733661 0.03287875142 0.009423175384
0.03957733661 0.03287875142 0.01319244554
0.03957733661 0.03287875142 0.01696171569
0.03957733661 0.03287875142 0.024500256
0.04334660677 0.03287875142 -0.01696171569
0.04334660677 0.03287875142 -0.01319244554
0.04334660677 0.03287875142 -0.009423175384
0.04334660677 0.03287875142 -0.001884635077
0.04334660677 0.03287875142 0.001884635077
0.04334660677 0.03287875142 0.005653905231
0.04334660677 0.03287875142 0.009423175384
0.04334660677 0.03287875142 0.01696171569
0.04711587692 0.03287875142 -0.005653905231
0.04711587692 0.03287875142 -0.001884635077
0.04711587692 0.03287875142 0.001884635077
-0.04523124185 0.03595634761 -0.01507708062
-0.04523124185 0.03595634761 -0.01130781046
-0.04523124185 0.03595634761 -0.007538540308
-0.04523124185 0.03595634761 -0.003769270154
-0.04523124185 0.03595634761 4.33680869e-18
-0.04523124185 0.03595634761 0.007538540308
-0.04523124185 0.03595634761 0.01130781046
-0.04523124185 0.03595634761 0.01507708062
-0.04146197169 0.03595634761 -0.02261562092
-0.04146197169 0.03595634761 -0.01507708062
-0.04146197169 0.03595634761 -0.01130781046
-0.04146197169 0.03595634761 -0.007538540308
-0.04146197169 0.03595634761 -0.003769270154
-0.04146197169 0.03595634761 0.003769270154
-0.04146197169 0.03595634761 0.007538540308
-0.04146197169 0.03595634761 0.01130781046
-0.04146197169 0.03595634761 0.01507708062
-0.04146197169 0.03595634761 0.02261562092
-0.03769270154 0.03595634761 -0.02638489108
-0.03769270154 0.03595634761 -0.02261562092
-0.03769270154 0.03595634761 -0.01884635077
-0.03769270154 0.03595634761 -0.01130781046
-0.03769270154 0.03595634761 -0.007538540308
-0.03769270154 0.03595634761 -0.003769270154
-0.03769270154 0.03595634761 4.33680869e-18
-0.03769270154 0.03595634761 0.007538540308
-0.03769270154 0.03595634761 0.01130781046
-0.03769270154 0.03595634761 0.01507708062
-0.03769270154 0.03595634761 0.01884635077
-0.03769270154 0.03595634761 0.02638489108
-0.03392343138 0.03595634761 -0.03015416123
-0.03392343138 0.03595634761 -0.02638489108
-0.03392343138 0.03595634761 -0.02261562092
-0.03392343138 0.03595634761 -0.01507708062
-0.03392343138 0.03595634761 -0.01130781046
-0.03392343138 0.03595634761 -0.007538540308
-0.03392343138 0.03595634761 -0.003769270154
-0.03392343138 0.03595634761 0.003769270154
-0.03392343138 0.03595634761 0.007538540308
-0.03392343138 0.03595634761 0.01130781046
-0.03392343138 0.03595634761 0.01507708062
-0.03392343138 0.03595634761 0.02261562092
-0.03392343138 0.03595634761 0.02638489108
-0.03392343138 0.03595634761 0.03015416123
-0.03015416123 0.03595634761 -0.03392343138
-0.03015416123 0.03595634761 -0.02638489108
-0.03015416123 0.03595634761 -0.02261562092
-0.03015416123 0.03595634761 -0.01884635077
-0.03015416123 0.03595634761 -0.01507708062
-0.03015416123 0.03595634761 -0.007538540308
-0.03015416123 0.03595634761 -0.003769270154
-0.03015416123 0.03595634761 4.33680869e-18
-0.03015416123 0.03595634761 0.003769270154
-0.03015416123 0.03595634761 0.01130781046
-0.03015416123 0.03595634761 0.01507708062
-0.03015416123 0.03595634761 0.01884635077
-0.03015416123 0.03595634761 0.02261562092
-0.03015416123 0.03595634761 0.03015416123
-0.03015416123 0.03595634761 0.03392343138
-0.02638489108 0.03595634761 -0.03769270154
-0.02638489108 0.03595634761 -0.03392343138
-0.02638489108 0.03595634761 -0.02638489108
-0.02638489108 0.03595634761 -0.02261562092
-0.02638489108 0.03595634761 -0.01884635077
-0.02638489108 0.03595634761 -0.01507708062
-0.02638489108 0.03595634761 -0.007538540308
-0.02638489108 0.03595634761 -0.003769270154
-0.02638489108 0.03595634761 4.33680869e-18
-0.02638489108 0.03595634761 0.003769270154
-0.02638489108 0.03595634761 0.01130781046
-0.02638489108 0.03595634761 0.01507708062
-0.02638489108 0.03595634761 0.01884635077
-0.02638489108 0.03595634761 0.02261562092
-0.02638489108 0.03595634761 0.03015416123
-0.02638489108 0.03595634761 0.03392343138
-0.02638489108 0.03595634761 0.03769270154
-0.02261562092 0.03595634761 -0.04146197169
-0.02261562092 0.03595634761 -0.03392343138
-0.02261562092 0.03595634761 -0.03015416123
-0.02261562092 0.03595634761 -0.02638489108
-0.02261562092 0.03595634761 -0.02261562092
-0.02261562092 0.03595634761 -0.01507708062
-0.02261562092 0.03595634761 -0.01130781046
-0.02261562092 0.03595634761 -0.007538540308
-0.02261562092 0.03595634761 -0.003769270154
-0.02261562092 0.03595634761 4.33680869e-18
-0.02261562092 0.03595634761 0.007538540308
-0.02261562092 0.03595634761 0.01130781046
-0.02261562092 0.03595634761 0.01507708062
-0.02261562092 0.03595634761 0.01884635077
-0.02261562092 0.03595634761 0.02638489108
-0.02261562092 0.03595634761 0.03015416123
-0.02261562092 0.03595634761 0.03392343138
-0.02261562092 0.03595634761 0.03769270154
-0.01884635077 0.03595634761 -0.04146197169
-0.01884635077 0.03595634761 -0.03769270154
-0.01884635077 0.03595634761 -0.03392343138
-0.01884635077 0.03595634761 -0.03015416123
-0.01884635077 0.03595634761 -0.02261562092
-0.01884635077 0.03595634761 -0.01884635077
-0.01884635077 0.03595634761 -0.01507708062
-0.01884635077 0.03595634761 -0.01130781046
-0.01884635077 0.03595634761 -0.003769270154
-0.01884635077 0.03595634761 4.33680869e-18
-0.01884635077 0.03595634761 0.003769270154
-0.01884635077 0.03595634761 0.007538540308
-0.01884635077 0.03595634761 0.01507708062
-0.01884635077 0.03595634761 0.01884635077
-0.01884635077 0.03595634761 0.02261562092
-0.01884635077 0.03595634761 0.02638489108
-0.01884635077 0.03595634761 0.03392343138
-0.01884635077 0.03595634761 0.03769270154
-0.01884635077 0.03595634761 0.04146197169
-0.01507708062 0.03595634761 -0.04523124185
-0.01507708062 0.03595634761 -0.03769270154
-0.01507708062 0.03595634761 -0.03392343138
-0.01507708062 0.03595634761 -0.03015416123
-0.01507708062 0.03595634761 -0.02638489108
-0.01507708062 0.03595634761 -0.01884635077
-0.01507708062 0.03595634761 -0.01507708062
-0.01507708062 0.03595634761 -0.01130781046
-0.01507708062 0.03595634761 -0.007538540308
-0.01507708062 0.03595634761 4.33680869e-18
-0.01507708062 0.03595634761 0.003769270154
-0.01507708062 0.03595634761 0.007538540308
-0.01507708062 0.03595634761 0.01130781046
-0.01507708062 0.03595634761 0.01884635077
-0.01507708062 0.03595634761 0.02261562092
-0.01507708062 0.03595634761 0.02638489108
-0.01507708062 0.03595634761 0.03015416123
-0.01507708062 0.03595634761 0.03769270154
-0.01507708062 0.03595634761 0.04146197169
-0.01507708062 0.03595634761 0.04523124185
-0.01130781046 0.03595634761 -0.04523124185
-0.01130781046 0.03595634761 -0.03769270154
-0.01130781046 0.03595634761 -0.03392343138
-0.01130781046 0.03595634761 -0.03015416123
-0.01130781046 0.03595634761 -0.02638489108
-0.01130781046 0.03595634761 -0.01884635077
-0.01130781046 0.03595634761 -0.01507708062
-0.01130781046 0.03595634761 -0.01130781046
-0.01130781046 0.03595634761 -0.007538540308
-0.01130781046 0.03595634761 4.33680869e-18
-0.01130781046 0.03595634761 0.003769270154
-0.01130781046 0.03595634761 0.007538540308
-0.01130781046 0.03595634761 0.01130781046
-0.01130781046 0.03595634761 0.01884635077
-0.01130781046 0.03595634761 0.02261562092
-0.01130781046 0.03595634761 0.02638489108
-0.01130781046 0.03595634761 0.03015416123
-0.01130781046 0.03595634761 0.03769270154
-0.01130781046 0.03595634761 0.04146197169
-0.01130781046 0.03595634761 0.04523124185
-0.007538540308 0.03595634761 -0.04523124185
-0.007538540308 0.03595634761 -0.03769270154
-0.007538540308 0.03595634761 -0.03392343138
-0.007538540308 0.03595634761 -0.03015416123
-0.007538540308 0.03595634761 -0.02638489108
-0.007538540308 0.03595634761 -0.01884635077
-0.007538540308 0.03595634761 -0.01507708062
-0.007538540308 0.03595634761 -0.01130781046
-0.007538540308 0.03595634761 -0.007538540308
-0.007538540308 0.03595634761 4.33680869e-18
-0.007538540308 0.03595634761 0.003769270154
-0.007538540308 0.03595634761 0.007538540308
-0.007538540308 0.03595634761 0.01130781046
-0.007538540308 0.03595634761 0.01507708062
-0.007538540308 0.03595634761 0.02261562092
-0.007538540308 0.03595634761 0.02638489108
-0.007538540308 0.03595634761 0.03015416123
-0.007538540308 0.03595634761 0.03392343138
-0.007538540308 0.03595634761 0.04146197169
-0.007538540308 0.03595634761 0.04523124185
-0.003769270154 0.03595634761 -0.04523124185
-0.003769270154 0.03595634761 -0.04146197169
-0.003769270154 0.03595634761 -0.03392343138
-0.003769270154 0.03595634761 -0.03015416123
-0.003769270154 0.03595634761 -0.02638489108
-0.003769270154 0.03595634761 -0.02261562092
-0.003769270154 0.03595634761 -0.01507708062
-0.003769270154 0.03595634761 -0.01130781046
-0.003769270154 0.03595634761 -0.007538540308
-0.003769270154 0.03595634761 -0.003769270154
-0.003769270154 0.03595634761 0.003769270154
-0.003769270154 0.03595634761 0.007538540308
-0.003769270154 0.03595634761 0.01130781046
-0.003769270154 0.03595634761 0.01507708062
-0.003769270154 0.03595634761 0.02261562092
-0.003769270154 0.03595634761 0.02638489108
-0.003769270154 0.03595634761 0.03015416123
-0.003769270154 0.03595634761 0.03392343138
-0.003769270154 0.03595634761 0.04146197169
-0.003769270154 0.03595634761 0.04523124185
4.33680869e-18 0.03595634761 -0.04523124185
4.33680869e-18 0.03595634761 -0.04146197169
4.33680869e-18 0.03595634761 -0.03392343138
4.33680869e-18 0.03595634761 -0.03015416123
4.33680869e-18 0.03595634761 -0.02638489108
4.33680869e-18 0.03595634761 -0.02261562092
4.33680869e-18 0.03595634761 -0.01507708062
4.33680869e-18 0.03595634761 -0.01130781046
4.33680869e-18 0.03595634761 -0.007538540308
4.33680869e-18 0.03595634761 -0.003769270154
4.33680869e-18 0.03595634761 0.003769270154
4.33680869e-18 0.03595634761 0.007538540308
4.33680869e-18 0.03595634761 0.01130781046
4.33680869e-18 0.03595634761 0.01507708062
4.33680869e-18 0.03595634761 0.02261562092
4.33680869e-18 0.03595634761 0.02638489108
4.33680869e-18 0.03595634761 0.03015416123
4.33680869e-18 0.03595634761 0.03392343138
4.33680869e-18 0.03595634761 0.04146197169
4.33680869e-18 0.03595634761 0.04523124185
0.003769270154 0.03595634761 -0.04523124185
0.003769270154 0.03595634761 -0.04146197169
0.003769270154 0.03595634761 -0.03392343138
0.003769270154 0.03595634761 -0.03015416123
0.003769270154 0.03595634761 -0.02638489108
0.003769270154 0.03595634761 -0.02261562092
0.003769270154 0.03595634761 -0.01507708062
0.003769270154 0.03595634761 -0.01130781046
0.003769270154 0.03595634761 -0.007538540308
0.003769270154 0.03595634761 -0.003769270154
0.003769270154 0.03595634761 0.003769270154
0.003769270154 0.03595634761 0.007538540308
0.003769270154 0.03595634761 0.01130781046
0.003769270154 0.03595634761 0.01507708062
0.003769270154 0.03595634761 0.02261562092
0.003769270154 0.03595634761 0.02638489108
0.003769270154 0.03595634761 0.03015416123
0.003769270154 0.03595634761 0.03392343138
0.003769270154 0.03595634761 0.04146197169
0.003769270154 0.03595634761 0.04523124185
0.007538540308 0.03595634761 -0.04523124185
0.007538540308 0.03595634761 -0.04146197169
0.007538540308 0.03595634761 -0.03392343138
0.007538540308 0.03595634761 -0.03015416123
0.007538540308 0.03595634761 -0.02638489108
0.007538540308 0.03595634761 -0.02261562092
0.007538540308 0.03595634761 -0.01507708062
0.007538540308 0.03595634761 -0.01130781046
0.007538540308 0.03595634761 -0.007538540308
0.007538540308 0.03595634761 -0.003769270154
0.007538540308 0.03595634761 0.003769270154
0.007538540308 0.03595634761 0.007538540308
0.007538540308 0.03595634761 0.01130781046
0.007538540308 0.03595634761 0.01507708062
0.007538540308 0.03595634761 0.01884635077
0.007538540308 0.03595634761 0.02638489108
0.007538540308 0.03595634761 0.03015416123
0.007538540308 0.03595634761 0.03392343138
0.007538540308 0.03595634761 0.03769270154
0.007538540308 0.03595634761 0.04523124185
0.01130781046 0.03595634761 -0.04523124185
0.01130781046 0.03595634761 -0.04146197169
0.01130781046 0.03595634761 -0.03769270154
0.01130781046 0.03595634761 -0.03015416123
0.01130781046 0.03595634761 -0.02638489108
0.01130781046 0.03595634761 -0.02261562092
0.01130781046 0.03595634761 -0.01884635077
0.01130781046 0.03595634761 -0.01130781046
0.01130781046 0.03595634761 -0.007538540308
0.01130781046 0.03595634761 -0.003769270154
0.01130781046 0.03595634761 4.33680869e-18
0.01130781046 0.03595634761 0.007538540308
0.01130781046 0.03595634761 0.01130781046
0.01130781046 0.03595634761 0.01507708062
0.01130781046 0.03595634761 0.01884635077
0.01130781046 0.03595634761 0.02638489108
0.01130781046 0.03595634761 0.03015416123
0.01130781046 0.03595634761 0.03392343138
0.01130781046 0.03595634761 0.03769270154
0.01130781046 0.03595634761 0.04523124185
0.01507708062 0.03595634761 -0.04523124185
0.01507708062 0.03595634761 -0.04146197169
0.01507708062 0.03595634761 -0.03769270154
0.01507708062 0.03595634761 -0.03015416123
0.01507708062 0.03595634761 -0.02638489108
0.01507708062 0.03595634761 -0.02261562092
0.01507708062 0.03595634761 -0.01884635077
0.01507708062 0.03595634761 -0.01130781046
0.01507708062 0.03595634761 -0.007538540308
0.01507708062 0.03595634761 -0.003769270154
0.01507708062 0.03595634761 4.33680869e-18
0.01507708062 0.03595634761 0.007538540308
0.01507708062 0.03595634761 0.01130781046
0.01507708062 0.03595634761 0.01507708062
0.01507708062 0.03595634761 0.01884635077
0.01507708062 0.03595634761 0.02638489108
0.01507708062 0.03595634761 0.03015416123
0.01507708062 0.03595634761 0.03392343138
0.01507708062 0.03595634761 0.03769270154
0.01507708062 0.03595634761 0.04523124185
0.01884635077 0.03595634761 -0.04146197169
0.01884635077 0.03595634761 -0.03769270154
0.01884635077 0.03595634761 -0.03392343138
0.01884635077 0.03595634761 -0.02638489108
0.01884635077 0.03595634761 -0.02261562092
0.01884635077 0.03595634761 -0.01884635077
0.01884635077 0.03595634761 -0.01507708062
0.01884635077 0.03595634761 -0.007538540308
0.01884635077 0.03595634761 -0.003769270154
0.01884635077 0.03595634761 4.33680869e-18
0.01884635077 0.03595634761 0.003769270154
0.01884635077 0.03595634761 0.01130781046
0.01884635077 0.03595634761 0.01507708062
0.01884635077 0.03595634761 0.01884635077
0.01884635077 0.03595634761 0.02261562092
0.01884635077 0.03595634761 0.03015416123
0.01884635077 0.03595634761 0.03392343138
0.01884635077 0.03595634761 0.03769270154
0.01884635077 0.03595634761 0.04146197169
0.02261562092 0.03595634761 -0.03769270154
0.02261562092 0.03595634761 -0.03392343138
0.02261562092 0.03595634761 -0.03015416123
0.02261562092 0.03595634761 -0.02638489108
0.02261562092 0.03595634761 -0.01884635077
0.02261562092 0.03595634761 -0.01507708062
0.02261562092 0.03595634761 -0.01130781046
0.02261562092 0.03595634761 -0.007538540308
0.02261562092 0.03595634761 4.33680869e-18
0.02261562092 0.03595634761 0.003769270154
0.02261562092 0.03595634761 0.007538540308
0.02261562092 0.03595634761 0.01130781046
0.02261562092 0.03595634761 0.01884635077
0.02261562092 0.03595634761 0.02261562092
0.02261562092 0.03595634761 0.02638489108
0.02261562092 0.03595634761 0.03015416123
0.02261562092 0.03595634761 0.03392343138
0.02261562092 0.03595634761 0.04146197169
0.02638489108 0.03595634761 -0.03769270154
0.02638489108 0.03595634761 -0.03392343138
0.02638489108 0.03595634761 -0.03015416123
0.02638489108 0.03595634761 -0.02261562092
0.02638489108 0.03595634761 -0.01884635077
0.02638489108 0.03595634761 -0.01507708062
0.02638489108 0.03595634761 -0.01130781046
0.02638489108 0.03595634761 -0.003769270154
0.02638489108 0.03595634761 4.33680869e-18
0.02638489108 0.03595634761 0.003769270154
0.02638489108 0.03595634761 0.007538540308
0.02638489108 0.03595634761 0.01507708062
0.02638489108 0.03595634761 0.01884635077
0.02638489108 0.03595634761 0.02261562092
0.02638489108 0.03595634761 0.02638489108
0.02638489108 0.03595634761 0.03392343138
0.02638489108 0.03595634761 0.03769270154
0.03015416123 0.03595634761 -0.03392343138
0.03015416123 0.03595634761 -0.03015416123
0.03015416123 0.03595634761 -0.02261562092
0.03015416123 0.03595634761 -0.01884635077
0.03015416123 0.03595634761 -0.01507708062
0.03015416123 0.03595634761 -0.01130781046
0.03015416123 0.03595634761 -0.003769270154
0.03015416123 0.03595634761 4.33680869e-18
0.03015416123 0.03595634761 0.003769270154
0.03015416123 0.03595634761 0.007538540308
0.03015416123 0.03595634761 0.01507708062
0.03015416123 0.03595634761 0.01884635077
0.03015416123 0.03595634761 0.02261562092
0.03015416123 0.03595634761 0.02638489108
0.03015416123 0.03595634761 0.03392343138
0.03392343138 0.03595634761 -0.03015416123
0.03392343138 0.03595634761 -0.02638489108
0.03392343138 0.03595634761 -0.02261562092
0.03392343138 0.03595634761 -0.01507708062
0.03392343138 0.03595634761 -0.01130781046
0.03392343138 0.03595634761 -0.007538540308
0.03392343138 0.03595634761 -0.003769270154
0.03392343138 0.03595634761 0.003769270154
0.03392343138 0.03595634761 0.007538540308
0.03392343138 0.03595634761 0.01130781046
0.03392343138 0.03595634761 0.01507708062
0.03392343138 0.03595634761 0.02261562092
0.03392343138 0.03595634761 0.02638489108
0.03392343138 0.03595634761 0.03015416123
0.03769270154 0.03595634761 -0.02638489108
0.03769270154 0.03595634761 -0.01884635077
0.03769270154 0.03595634761 -0.01507708062
0.03769270154 0.03595634761 -0.01130781046
0.03769270154 0.03595634761 -0.007538540308
0.03769270154 0.03595634761 4.33680869e-18
0.03769270154 0.03595634761 0.003769270154
0.03769270154 0.03595634761 0.007538540308
0.03769270154 0.03595634761 0.01130781046
0.03769270154 0.03595634761 0.01884635077
0.03769270154 0.03595634761 0.02261562092
0.03769270154 0.03595634761 0.02638489108
0.04146197169 0.03595634761 -0.02261562092
0.04146197169 0.03595634761 -0.01507708062
0.04146197169 0.03595634761 -0.01130781046
0.04146197169 0.03595634761 -0.007538540308
0.04146197169 0.03595634761 -0.003769270154
0.04146197169 0.03595634761 0.003769270154
0.04146197169 0.03595634761 0.007538540308
0.04146197169 0.03595634761 0.01130781046
0.04146197169 0.03595634761 0.01507708062
0.04146197169 0.03595634761 0.02261562092
0.04523124185 0.03595634761 -0.01507708062
0.04523124185 0.03595634761 -0.01130781046
0.04523124185 0.03595634761 -0.007538540308
0.04523124185 0.03595634761 4.33680869e-18
0.04523124185 0.03595634761 0.003769270154
0.04523124185 0.03595634761 0.007538540308
0.04523124185 0.03595634761 0.01130781046
